model,scope,cohort,metric,estimate,lower,upper,finite_replicates,replicates
artifactnet,cohorts,contemporary_native,AUROC,,,,0,2000
artifactnet,cohorts,contemporary_native,F1,,,,0,2000
artifactnet,cohorts,contemporary_native,FN,190.0,179.0,202.0,2000,2000
artifactnet,cohorts,contemporary_native,FP,0.0,0.0,0.0,2000,2000
artifactnet,cohorts,contemporary_native,FPR,,,,0,2000
artifactnet,cohorts,contemporary_native,TN,0.0,0.0,0.0,2000,2000
artifactnet,cohorts,contemporary_native,TP,210.0,198.0,223.0,2000,2000
artifactnet,cohorts,contemporary_native,TPR,0.525,0.5011861313868614,0.5503690265318172,2000,2000
artifactnet,cohorts,contemporary_native,all_attempt_correctness,0.525,0.5011861313868614,0.5503690265318172,2000,2000
artifactnet,cohorts,contemporary_native,attempted,400.0,387.0,414.0,2000,2000
artifactnet,cohorts,contemporary_native,balanced_accuracy,,,,0,2000
artifactnet,cohorts,contemporary_native,coverage,1.0,1.0,1.0,2000,2000
artifactnet,cohorts,contemporary_native,macro_FPR,,,,0,2000
artifactnet,cohorts,contemporary_native,macro_TPR,0.525,0.5097087378640777,0.5445599970444805,2000,2000
artifactnet,cohorts,contemporary_native,precision,1.0,1.0,1.0,2000,2000
artifactnet,cohorts,contemporary_native,scored,400.0,387.0,414.0,2000,2000
artifactnet,cohorts,contemporary_native,specificity,,,,0,2000
artifactnet,cohorts,legacy,AUROC,0.9991600530301654,0.9982439186710933,0.9998106164184629,2000,2000
artifactnet,cohorts,legacy,F1,0.9887218045112782,0.984534138061109,0.9925095034649801,2000,2000
artifactnet,cohorts,legacy,FN,28.0,18.0,39.0,2000,2000
artifactnet,cohorts,legacy,FP,2.0,0.0,5.0,2000,2000
artifactnet,cohorts,legacy,FPR,0.0024390243902439024,0.0,0.006105006105006105,2000,2000
artifactnet,cohorts,legacy,TN,818.0,814.0,822.0,2000,2000
artifactnet,cohorts,legacy,TP,1315.0,1304.0,1325.0,2000,2000
artifactnet,cohorts,legacy,TPR,0.9791511541325391,0.971003717472119,0.9865971705137752,2000,2000
artifactnet,cohorts,legacy,all_attempt_correctness,0.9856746765249538,0.9805914972273567,0.9903002309468822,2000,2000
artifactnet,cohorts,legacy,attempted,2164.0,2161.0,2168.0,2000,2000
artifactnet,cohorts,legacy,balanced_accuracy,0.9883560648711476,0.9840468381194217,0.9924437133248107,2000,2000
artifactnet,cohorts,legacy,coverage,0.9995378927911276,0.9986130374479889,1.0,2000,2000
artifactnet,cohorts,legacy,macro_FPR,0.0022222222222222222,0.0,0.005555555555555556,2000,2000
artifactnet,cohorts,legacy,macro_TPR,0.9735371572871574,0.9623583152958152,0.9841864177489177,2000,2000
artifactnet,cohorts,legacy,precision,0.9984813971146546,0.9962034927866363,1.0,2000,2000
artifactnet,cohorts,legacy,scored,2163.0,2160.0,2167.0,2000,2000
artifactnet,cohorts,legacy,specificity,0.9975609756097561,0.9938949938949939,1.0,2000,2000
artifactnet,cohorts,non_demo,AUROC,0.9847235632425171,0.9817800053949484,0.9874942644805234,2000,2000
artifactnet,cohorts,non_demo,F1,0.9327217125382263,0.9274738783036263,0.9376710246275464,2000,2000
artifactnet,cohorts,non_demo,FN,218.0,202.0,234.0,2000,2000
artifactnet,cohorts,non_demo,FP,2.0,0.0,5.0,2000,2000
artifactnet,cohorts,non_demo,FPR,0.0024390243902439024,0.0,0.006105006105006105,2000,2000
artifactnet,cohorts,non_demo,TN,818.0,814.0,822.0,2000,2000
artifactnet,cohorts,non_demo,TP,1525.0,1509.0,1541.0,2000,2000
artifactnet,cohorts,non_demo,TPR,0.8749282845668388,0.8659017038243645,0.8836412297149195,2000,2000
artifactnet,cohorts,non_demo,all_attempt_correctness,0.9138065522620905,0.9073928136446782,0.9198592650508209,2000,2000
artifactnet,cohorts,non_demo,attempted,2564.0,2549.0,2579.0,2000,2000
artifactnet,cohorts,non_demo,balanced_accuracy,0.9362446300882974,0.931482013738109,0.9407561034081755,2000,2000
artifactnet,cohorts,non_demo,coverage,0.999609984399376,0.9988272087568413,1.0,2000,2000
artifactnet,cohorts,non_demo,macro_FPR,0.0022222222222222222,0.0,0.005555555555555556,2000,2000
artifactnet,cohorts,non_demo,macro_TPR,0.936159060846561,0.9252253272836912,0.9460188391244031,2000,2000
artifactnet,cohorts,non_demo,precision,0.9986902423051736,0.9967234600262124,1.0,2000,2000
artifactnet,cohorts,non_demo,scored,2563.0,2548.0,2578.0,2000,2000
artifactnet,cohorts,non_demo,specificity,0.9975609756097561,0.9938949938949939,1.0,2000,2000
artifactnet,cohorts,non_demo_recording_representative,AUROC,0.9847265459424712,0.9816702153166023,0.9875200306233948,2000,2000
artifactnet,cohorts,non_demo_recording_representative,F1,0.9326805385556916,0.9274463061086307,0.9376340482046756,2000,2000
artifactnet,cohorts,non_demo_recording_representative,FN,218.0,202.0,234.0,2000,2000
artifactnet,cohorts,non_demo_recording_representative,FP,2.0,0.0,5.0,2000,2000
artifactnet,cohorts,non_demo_recording_representative,FPR,0.0024449877750611247,0.0,0.006112469437652812,2000,2000
artifactnet,cohorts,non_demo_recording_representative,TN,816.0,813.0,818.0,2000,2000
artifactnet,cohorts,non_demo_recording_representative,TP,1524.0,1507.0,1540.0,2000,2000
artifactnet,cohorts,non_demo_recording_representative,TPR,0.8748564867967853,0.8658328595793064,0.8835471492393719,2000,2000
artifactnet,cohorts,non_demo_recording_representative,all_attempt_correctness,0.9137055837563451,0.9073123511634269,0.9197341742476264,2000,2000
artifactnet,cohorts,non_demo_recording_representative,attempted,2561.0,2547.0,2576.0,2000,2000
artifactnet,cohorts,non_demo_recording_representative,balanced_accuracy,0.9362057495108621,0.9314031728652801,0.9407193987468108,2000,2000
artifactnet,cohorts,non_demo_recording_representative,coverage,0.9996095275283092,0.9988262795953805,1.0,2000,2000
artifactnet,cohorts,non_demo_recording_representative,macro_FPR,0.0022222222222222222,0.0,0.005555555555555556,2000,2000
artifactnet,cohorts,non_demo_recording_representative,macro_TPR,0.936159060846561,0.9252253272836912,0.9460188391244031,2000,2000
artifactnet,cohorts,non_demo_recording_representative,precision,0.9986893840104849,0.9967212576911493,1.0,2000,2000
artifactnet,cohorts,non_demo_recording_representative,scored,2560.0,2545.0,2575.0,2000,2000
artifactnet,cohorts,non_demo_recording_representative,specificity,0.9975550122249389,0.9938875305623471,1.0,2000,2000
artifactnet,sources,aime_musicgen_large,AUROC,,,,0,2000
artifactnet,sources,aime_musicgen_large,F1,,,,0,2000
artifactnet,sources,aime_musicgen_large,FN,1.0,0.0,3.0,2000,2000
artifactnet,sources,aime_musicgen_large,FP,0.0,0.0,0.0,2000,2000
artifactnet,sources,aime_musicgen_large,FPR,,,,0,2000
artifactnet,sources,aime_musicgen_large,TN,0.0,0.0,0.0,2000,2000
artifactnet,sources,aime_musicgen_large,TP,29.0,27.0,30.0,2000,2000
artifactnet,sources,aime_musicgen_large,TPR,0.9666666666666667,0.9,1.0,2000,2000
artifactnet,sources,aime_musicgen_large,all_attempt_correctness,0.9666666666666667,0.9,1.0,2000,2000
artifactnet,sources,aime_musicgen_large,attempted,30.0,30.0,30.0,2000,2000
artifactnet,sources,aime_musicgen_large,balanced_accuracy,,,,0,2000
artifactnet,sources,aime_musicgen_large,coverage,1.0,1.0,1.0,2000,2000
artifactnet,sources,aime_musicgen_large,macro_FPR,,,,0,2000
artifactnet,sources,aime_musicgen_large,macro_TPR,0.9666666666666667,0.9,1.0,2000,2000
artifactnet,sources,aime_musicgen_large,precision,1.0,1.0,1.0,2000,2000
artifactnet,sources,aime_musicgen_large,scored,30.0,30.0,30.0,2000,2000
artifactnet,sources,aime_musicgen_large,specificity,,,,0,2000
artifactnet,sources,aime_musicgen_medium,AUROC,,,,0,2000
artifactnet,sources,aime_musicgen_medium,F1,,,,0,2000
artifactnet,sources,aime_musicgen_medium,FN,2.0,0.0,5.0,2000,2000
artifactnet,sources,aime_musicgen_medium,FP,0.0,0.0,0.0,2000,2000
artifactnet,sources,aime_musicgen_medium,FPR,,,,0,2000
artifactnet,sources,aime_musicgen_medium,TN,0.0,0.0,0.0,2000,2000
artifactnet,sources,aime_musicgen_medium,TP,28.0,25.0,30.0,2000,2000
artifactnet,sources,aime_musicgen_medium,TPR,0.9333333333333333,0.8333333333333334,1.0,2000,2000
artifactnet,sources,aime_musicgen_medium,all_attempt_correctness,0.9333333333333333,0.8333333333333334,1.0,2000,2000
artifactnet,sources,aime_musicgen_medium,attempted,30.0,30.0,30.0,2000,2000
artifactnet,sources,aime_musicgen_medium,balanced_accuracy,,,,0,2000
artifactnet,sources,aime_musicgen_medium,coverage,1.0,1.0,1.0,2000,2000
artifactnet,sources,aime_musicgen_medium,macro_FPR,,,,0,2000
artifactnet,sources,aime_musicgen_medium,macro_TPR,0.9333333333333333,0.8333333333333334,1.0,2000,2000
artifactnet,sources,aime_musicgen_medium,precision,1.0,1.0,1.0,2000,2000
artifactnet,sources,aime_musicgen_medium,scored,30.0,30.0,30.0,2000,2000
artifactnet,sources,aime_musicgen_medium,specificity,,,,0,2000
artifactnet,sources,aime_musicgen_small,AUROC,,,,0,2000
artifactnet,sources,aime_musicgen_small,F1,,,,0,2000
artifactnet,sources,aime_musicgen_small,FN,2.0,0.0,5.0,2000,2000
artifactnet,sources,aime_musicgen_small,FP,0.0,0.0,0.0,2000,2000
artifactnet,sources,aime_musicgen_small,FPR,,,,0,2000
artifactnet,sources,aime_musicgen_small,TN,0.0,0.0,0.0,2000,2000
artifactnet,sources,aime_musicgen_small,TP,28.0,25.0,30.0,2000,2000
artifactnet,sources,aime_musicgen_small,TPR,0.9333333333333333,0.8333333333333334,1.0,2000,2000
artifactnet,sources,aime_musicgen_small,all_attempt_correctness,0.9333333333333333,0.8333333333333334,1.0,2000,2000
artifactnet,sources,aime_musicgen_small,attempted,30.0,30.0,30.0,2000,2000
artifactnet,sources,aime_musicgen_small,balanced_accuracy,,,,0,2000
artifactnet,sources,aime_musicgen_small,coverage,1.0,1.0,1.0,2000,2000
artifactnet,sources,aime_musicgen_small,macro_FPR,,,,0,2000
artifactnet,sources,aime_musicgen_small,macro_TPR,0.9333333333333333,0.8333333333333334,1.0,2000,2000
artifactnet,sources,aime_musicgen_small,precision,1.0,1.0,1.0,2000,2000
artifactnet,sources,aime_musicgen_small,scored,30.0,30.0,30.0,2000,2000
artifactnet,sources,aime_musicgen_small,specificity,,,,0,2000
artifactnet,sources,aime_riffusion,AUROC,,,,0,2000
artifactnet,sources,aime_riffusion,F1,,,,0,2000
artifactnet,sources,aime_riffusion,FN,1.0,0.0,3.0,2000,2000
artifactnet,sources,aime_riffusion,FP,0.0,0.0,0.0,2000,2000
artifactnet,sources,aime_riffusion,FPR,,,,0,2000
artifactnet,sources,aime_riffusion,TN,0.0,0.0,0.0,2000,2000
artifactnet,sources,aime_riffusion,TP,29.0,27.0,30.0,2000,2000
artifactnet,sources,aime_riffusion,TPR,0.9666666666666667,0.9,1.0,2000,2000
artifactnet,sources,aime_riffusion,all_attempt_correctness,0.9666666666666667,0.9,1.0,2000,2000
artifactnet,sources,aime_riffusion,attempted,30.0,30.0,30.0,2000,2000
artifactnet,sources,aime_riffusion,balanced_accuracy,,,,0,2000
artifactnet,sources,aime_riffusion,coverage,1.0,1.0,1.0,2000,2000
artifactnet,sources,aime_riffusion,macro_FPR,,,,0,2000
artifactnet,sources,aime_riffusion,macro_TPR,0.9666666666666667,0.9,1.0,2000,2000
artifactnet,sources,aime_riffusion,precision,1.0,1.0,1.0,2000,2000
artifactnet,sources,aime_riffusion,scored,30.0,30.0,30.0,2000,2000
artifactnet,sources,aime_riffusion,specificity,,,,0,2000
artifactnet,sources,aime_stable_audio_v1,AUROC,,,,0,2000
artifactnet,sources,aime_stable_audio_v1,F1,,,,0,2000
artifactnet,sources,aime_stable_audio_v1,FN,1.0,0.0,3.0,2000,2000
artifactnet,sources,aime_stable_audio_v1,FP,0.0,0.0,0.0,2000,2000
artifactnet,sources,aime_stable_audio_v1,FPR,,,,0,2000
artifactnet,sources,aime_stable_audio_v1,TN,0.0,0.0,0.0,2000,2000
artifactnet,sources,aime_stable_audio_v1,TP,49.0,47.0,50.0,2000,2000
artifactnet,sources,aime_stable_audio_v1,TPR,0.98,0.94,1.0,2000,2000
artifactnet,sources,aime_stable_audio_v1,all_attempt_correctness,0.98,0.94,1.0,2000,2000
artifactnet,sources,aime_stable_audio_v1,attempted,50.0,50.0,50.0,2000,2000
artifactnet,sources,aime_stable_audio_v1,balanced_accuracy,,,,0,2000
artifactnet,sources,aime_stable_audio_v1,coverage,1.0,1.0,1.0,2000,2000
artifactnet,sources,aime_stable_audio_v1,macro_FPR,,,,0,2000
artifactnet,sources,aime_stable_audio_v1,macro_TPR,0.98,0.94,1.0,2000,2000
artifactnet,sources,aime_stable_audio_v1,precision,1.0,1.0,1.0,2000,2000
artifactnet,sources,aime_stable_audio_v1,scored,50.0,50.0,50.0,2000,2000
artifactnet,sources,aime_stable_audio_v1,specificity,,,,0,2000
artifactnet,sources,aime_stable_audio_v2,AUROC,,,,0,2000
artifactnet,sources,aime_stable_audio_v2,F1,,,,0,2000
artifactnet,sources,aime_stable_audio_v2,FN,3.0,0.0,7.0,2000,2000
artifactnet,sources,aime_stable_audio_v2,FP,0.0,0.0,0.0,2000,2000
artifactnet,sources,aime_stable_audio_v2,FPR,,,,0,2000
artifactnet,sources,aime_stable_audio_v2,TN,0.0,0.0,0.0,2000,2000
artifactnet,sources,aime_stable_audio_v2,TP,47.0,43.0,50.0,2000,2000
artifactnet,sources,aime_stable_audio_v2,TPR,0.94,0.86,1.0,2000,2000
artifactnet,sources,aime_stable_audio_v2,all_attempt_correctness,0.94,0.86,1.0,2000,2000
artifactnet,sources,aime_stable_audio_v2,attempted,50.0,50.0,50.0,2000,2000
artifactnet,sources,aime_stable_audio_v2,balanced_accuracy,,,,0,2000
artifactnet,sources,aime_stable_audio_v2,coverage,1.0,1.0,1.0,2000,2000
artifactnet,sources,aime_stable_audio_v2,macro_FPR,,,,0,2000
artifactnet,sources,aime_stable_audio_v2,macro_TPR,0.94,0.86,1.0,2000,2000
artifactnet,sources,aime_stable_audio_v2,precision,1.0,1.0,1.0,2000,2000
artifactnet,sources,aime_stable_audio_v2,scored,50.0,50.0,50.0,2000,2000
artifactnet,sources,aime_stable_audio_v2,specificity,,,,0,2000
artifactnet,sources,aime_suno_v3,AUROC,,,,0,2000
artifactnet,sources,aime_suno_v3,F1,,,,0,2000
artifactnet,sources,aime_suno_v3,FN,0.0,0.0,0.0,2000,2000
artifactnet,sources,aime_suno_v3,FP,0.0,0.0,0.0,2000,2000
artifactnet,sources,aime_suno_v3,FPR,,,,0,2000
artifactnet,sources,aime_suno_v3,TN,0.0,0.0,0.0,2000,2000
artifactnet,sources,aime_suno_v3,TP,30.0,30.0,30.0,2000,2000
artifactnet,sources,aime_suno_v3,TPR,1.0,1.0,1.0,2000,2000
artifactnet,sources,aime_suno_v3,all_attempt_correctness,1.0,1.0,1.0,2000,2000
artifactnet,sources,aime_suno_v3,attempted,30.0,30.0,30.0,2000,2000
artifactnet,sources,aime_suno_v3,balanced_accuracy,,,,0,2000
artifactnet,sources,aime_suno_v3,coverage,1.0,1.0,1.0,2000,2000
artifactnet,sources,aime_suno_v3,macro_FPR,,,,0,2000
artifactnet,sources,aime_suno_v3,macro_TPR,1.0,1.0,1.0,2000,2000
artifactnet,sources,aime_suno_v3,precision,1.0,1.0,1.0,2000,2000
artifactnet,sources,aime_suno_v3,scored,30.0,30.0,30.0,2000,2000
artifactnet,sources,aime_suno_v3,specificity,,,,0,2000
artifactnet,sources,aime_suno_v35,AUROC,,,,0,2000
artifactnet,sources,aime_suno_v35,F1,,,,0,2000
artifactnet,sources,aime_suno_v35,FN,0.0,0.0,0.0,2000,2000
artifactnet,sources,aime_suno_v35,FP,0.0,0.0,0.0,2000,2000
artifactnet,sources,aime_suno_v35,FPR,,,,0,2000
artifactnet,sources,aime_suno_v35,TN,0.0,0.0,0.0,2000,2000
artifactnet,sources,aime_suno_v35,TP,29.0,27.0,30.0,2000,2000
artifactnet,sources,aime_suno_v35,TPR,1.0,1.0,1.0,2000,2000
artifactnet,sources,aime_suno_v35,all_attempt_correctness,0.9666666666666667,0.9,1.0,2000,2000
artifactnet,sources,aime_suno_v35,attempted,30.0,30.0,30.0,2000,2000
artifactnet,sources,aime_suno_v35,balanced_accuracy,,,,0,2000
artifactnet,sources,aime_suno_v35,coverage,0.9666666666666667,0.9,1.0,2000,2000
artifactnet,sources,aime_suno_v35,macro_FPR,,,,0,2000
artifactnet,sources,aime_suno_v35,macro_TPR,1.0,1.0,1.0,2000,2000
artifactnet,sources,aime_suno_v35,precision,1.0,1.0,1.0,2000,2000
artifactnet,sources,aime_suno_v35,scored,29.0,27.0,30.0,2000,2000
artifactnet,sources,aime_suno_v35,specificity,,,,0,2000
artifactnet,sources,aime_udio,AUROC,,,,0,2000
artifactnet,sources,aime_udio,F1,,,,0,2000
artifactnet,sources,aime_udio,FN,0.0,0.0,0.0,2000,2000
artifactnet,sources,aime_udio,FP,0.0,0.0,0.0,2000,2000
artifactnet,sources,aime_udio,FPR,,,,0,2000
artifactnet,sources,aime_udio,TN,0.0,0.0,0.0,2000,2000
artifactnet,sources,aime_udio,TP,30.0,30.0,30.0,2000,2000
artifactnet,sources,aime_udio,TPR,1.0,1.0,1.0,2000,2000
artifactnet,sources,aime_udio,all_attempt_correctness,1.0,1.0,1.0,2000,2000
artifactnet,sources,aime_udio,attempted,30.0,30.0,30.0,2000,2000
artifactnet,sources,aime_udio,balanced_accuracy,,,,0,2000
artifactnet,sources,aime_udio,coverage,1.0,1.0,1.0,2000,2000
artifactnet,sources,aime_udio,macro_FPR,,,,0,2000
artifactnet,sources,aime_udio,macro_TPR,1.0,1.0,1.0,2000,2000
artifactnet,sources,aime_udio,precision,1.0,1.0,1.0,2000,2000
artifactnet,sources,aime_udio,scored,30.0,30.0,30.0,2000,2000
artifactnet,sources,aime_udio,specificity,,,,0,2000
artifactnet,sources,fma_hardneg,AUROC,,,,0,2000
artifactnet,sources,fma_hardneg,F1,,,,0,2000
artifactnet,sources,fma_hardneg,FN,0.0,0.0,0.0,2000,2000
artifactnet,sources,fma_hardneg,FP,2.0,0.0,5.0,2000,2000
artifactnet,sources,fma_hardneg,FPR,0.013333333333333334,0.0,0.03333333333333333,2000,2000
artifactnet,sources,fma_hardneg,TN,148.0,145.0,150.0,2000,2000
artifactnet,sources,fma_hardneg,TP,0.0,0.0,0.0,2000,2000
artifactnet,sources,fma_hardneg,TPR,,,,0,2000
artifactnet,sources,fma_hardneg,all_attempt_correctness,0.9866666666666667,0.9666666666666667,1.0,2000,2000
artifactnet,sources,fma_hardneg,attempted,150.0,150.0,150.0,2000,2000
artifactnet,sources,fma_hardneg,balanced_accuracy,,,,0,2000
artifactnet,sources,fma_hardneg,coverage,1.0,1.0,1.0,2000,2000
artifactnet,sources,fma_hardneg,macro_FPR,0.013333333333333334,0.0,0.03333333333333333,2000,2000
artifactnet,sources,fma_hardneg,macro_TPR,,,,0,2000
artifactnet,sources,fma_hardneg,precision,0.0,0.0,0.0,1724,2000
artifactnet,sources,fma_hardneg,scored,150.0,150.0,150.0,2000,2000
artifactnet,sources,fma_hardneg,specificity,0.9866666666666667,0.9666666666666667,1.0,2000,2000
artifactnet,sources,mom_diffrythm,AUROC,,,,0,2000
artifactnet,sources,mom_diffrythm,F1,,,,0,2000
artifactnet,sources,mom_diffrythm,FN,6.0,2.0,11.0,2000,2000
artifactnet,sources,mom_diffrythm,FP,0.0,0.0,0.0,2000,2000
artifactnet,sources,mom_diffrythm,FPR,,,,0,2000
artifactnet,sources,mom_diffrythm,TN,0.0,0.0,0.0,2000,2000
artifactnet,sources,mom_diffrythm,TP,94.0,89.0,98.0,2000,2000
artifactnet,sources,mom_diffrythm,TPR,0.94,0.89,0.98,2000,2000
artifactnet,sources,mom_diffrythm,all_attempt_correctness,0.94,0.89,0.98,2000,2000
artifactnet,sources,mom_diffrythm,attempted,100.0,100.0,100.0,2000,2000
artifactnet,sources,mom_diffrythm,balanced_accuracy,,,,0,2000
artifactnet,sources,mom_diffrythm,coverage,1.0,1.0,1.0,2000,2000
artifactnet,sources,mom_diffrythm,macro_FPR,,,,0,2000
artifactnet,sources,mom_diffrythm,macro_TPR,0.94,0.89,0.98,2000,2000
artifactnet,sources,mom_diffrythm,precision,1.0,1.0,1.0,2000,2000
artifactnet,sources,mom_diffrythm,scored,100.0,100.0,100.0,2000,2000
artifactnet,sources,mom_diffrythm,specificity,,,,0,2000
artifactnet,sources,mom_extra_real,AUROC,,,,0,2000
artifactnet,sources,mom_extra_real,F1,,,,0,2000
artifactnet,sources,mom_extra_real,FN,0.0,0.0,0.0,2000,2000
artifactnet,sources,mom_extra_real,FP,0.0,0.0,0.0,2000,2000
artifactnet,sources,mom_extra_real,FPR,0.0,0.0,0.0,2000,2000
artifactnet,sources,mom_extra_real,TN,88.0,88.0,88.0,2000,2000
artifactnet,sources,mom_extra_real,TP,0.0,0.0,0.0,2000,2000
artifactnet,sources,mom_extra_real,TPR,,,,0,2000
artifactnet,sources,mom_extra_real,all_attempt_correctness,1.0,1.0,1.0,2000,2000
artifactnet,sources,mom_extra_real,attempted,88.0,88.0,88.0,2000,2000
artifactnet,sources,mom_extra_real,balanced_accuracy,,,,0,2000
artifactnet,sources,mom_extra_real,coverage,1.0,1.0,1.0,2000,2000
artifactnet,sources,mom_extra_real,macro_FPR,0.0,0.0,0.0,2000,2000
artifactnet,sources,mom_extra_real,macro_TPR,,,,0,2000
artifactnet,sources,mom_extra_real,precision,,,,0,2000
artifactnet,sources,mom_extra_real,scored,88.0,88.0,88.0,2000,2000
artifactnet,sources,mom_extra_real,specificity,1.0,1.0,1.0,2000,2000
artifactnet,sources,mom_real,AUROC,,,,0,2000
artifactnet,sources,mom_real,F1,,,,0,2000
artifactnet,sources,mom_real,FN,0.0,0.0,0.0,2000,2000
artifactnet,sources,mom_real,FP,0.0,0.0,0.0,2000,2000
artifactnet,sources,mom_real,FPR,0.0,0.0,0.0,2000,2000
artifactnet,sources,mom_real,TN,186.0,186.0,186.0,2000,2000
artifactnet,sources,mom_real,TP,0.0,0.0,0.0,2000,2000
artifactnet,sources,mom_real,TPR,,,,0,2000
artifactnet,sources,mom_real,all_attempt_correctness,1.0,1.0,1.0,2000,2000
artifactnet,sources,mom_real,attempted,186.0,186.0,186.0,2000,2000
artifactnet,sources,mom_real,balanced_accuracy,,,,0,2000
artifactnet,sources,mom_real,coverage,1.0,1.0,1.0,2000,2000
artifactnet,sources,mom_real,macro_FPR,0.0,0.0,0.0,2000,2000
artifactnet,sources,mom_real,macro_TPR,,,,0,2000
artifactnet,sources,mom_real,precision,,,,0,2000
artifactnet,sources,mom_real,scored,186.0,186.0,186.0,2000,2000
artifactnet,sources,mom_real,specificity,1.0,1.0,1.0,2000,2000
artifactnet,sources,mom_real_wav,AUROC,,,,0,2000
artifactnet,sources,mom_real_wav,F1,,,,0,2000
artifactnet,sources,mom_real_wav,FN,0.0,0.0,0.0,2000,2000
artifactnet,sources,mom_real_wav,FP,0.0,0.0,0.0,2000,2000
artifactnet,sources,mom_real_wav,FPR,0.0,0.0,0.0,2000,2000
artifactnet,sources,mom_real_wav,TN,28.0,28.0,28.0,2000,2000
artifactnet,sources,mom_real_wav,TP,0.0,0.0,0.0,2000,2000
artifactnet,sources,mom_real_wav,TPR,,,,0,2000
artifactnet,sources,mom_real_wav,all_attempt_correctness,1.0,1.0,1.0,2000,2000
artifactnet,sources,mom_real_wav,attempted,28.0,28.0,28.0,2000,2000
artifactnet,sources,mom_real_wav,balanced_accuracy,,,,0,2000
artifactnet,sources,mom_real_wav,coverage,1.0,1.0,1.0,2000,2000
artifactnet,sources,mom_real_wav,macro_FPR,0.0,0.0,0.0,2000,2000
artifactnet,sources,mom_real_wav,macro_TPR,,,,0,2000
artifactnet,sources,mom_real_wav,precision,,,,0,2000
artifactnet,sources,mom_real_wav,scored,28.0,28.0,28.0,2000,2000
artifactnet,sources,mom_real_wav,specificity,1.0,1.0,1.0,2000,2000
artifactnet,sources,mom_riffusion,AUROC,,,,0,2000
artifactnet,sources,mom_riffusion,F1,,,,0,2000
artifactnet,sources,mom_riffusion,FN,0.0,0.0,0.0,2000,2000
artifactnet,sources,mom_riffusion,FP,0.0,0.0,0.0,2000,2000
artifactnet,sources,mom_riffusion,FPR,,,,0,2000
artifactnet,sources,mom_riffusion,TN,0.0,0.0,0.0,2000,2000
artifactnet,sources,mom_riffusion,TP,100.0,100.0,100.0,2000,2000
artifactnet,sources,mom_riffusion,TPR,1.0,1.0,1.0,2000,2000
artifactnet,sources,mom_riffusion,all_attempt_correctness,1.0,1.0,1.0,2000,2000
artifactnet,sources,mom_riffusion,attempted,100.0,100.0,100.0,2000,2000
artifactnet,sources,mom_riffusion,balanced_accuracy,,,,0,2000
artifactnet,sources,mom_riffusion,coverage,1.0,1.0,1.0,2000,2000
artifactnet,sources,mom_riffusion,macro_FPR,,,,0,2000
artifactnet,sources,mom_riffusion,macro_TPR,1.0,1.0,1.0,2000,2000
artifactnet,sources,mom_riffusion,precision,1.0,1.0,1.0,2000,2000
artifactnet,sources,mom_riffusion,scored,100.0,100.0,100.0,2000,2000
artifactnet,sources,mom_riffusion,specificity,,,,0,2000
artifactnet,sources,mom_udio,AUROC,,,,0,2000
artifactnet,sources,mom_udio,F1,,,,0,2000
artifactnet,sources,mom_udio,FN,4.0,1.0,8.0,2000,2000
artifactnet,sources,mom_udio,FP,0.0,0.0,0.0,2000,2000
artifactnet,sources,mom_udio,FPR,,,,0,2000
artifactnet,sources,mom_udio,TN,0.0,0.0,0.0,2000,2000
artifactnet,sources,mom_udio,TP,96.0,92.0,99.0,2000,2000
artifactnet,sources,mom_udio,TPR,0.96,0.92,0.99,2000,2000
artifactnet,sources,mom_udio,all_attempt_correctness,0.96,0.92,0.99,2000,2000
artifactnet,sources,mom_udio,attempted,100.0,100.0,100.0,2000,2000
artifactnet,sources,mom_udio,balanced_accuracy,,,,0,2000
artifactnet,sources,mom_udio,coverage,1.0,1.0,1.0,2000,2000
artifactnet,sources,mom_udio,macro_FPR,,,,0,2000
artifactnet,sources,mom_udio,macro_TPR,0.96,0.92,0.99,2000,2000
artifactnet,sources,mom_udio,precision,1.0,1.0,1.0,2000,2000
artifactnet,sources,mom_udio,scored,100.0,100.0,100.0,2000,2000
artifactnet,sources,mom_udio,specificity,,,,0,2000
artifactnet,sources,mom_yue,AUROC,,,,0,2000
artifactnet,sources,mom_yue,F1,,,,0,2000
artifactnet,sources,mom_yue,FN,0.0,0.0,0.0,2000,2000
artifactnet,sources,mom_yue,FP,0.0,0.0,0.0,2000,2000
artifactnet,sources,mom_yue,FPR,,,,0,2000
artifactnet,sources,mom_yue,TN,0.0,0.0,0.0,2000,2000
artifactnet,sources,mom_yue,TP,100.0,99.0,102.0,2000,2000
artifactnet,sources,mom_yue,TPR,1.0,1.0,1.0,2000,2000
artifactnet,sources,mom_yue,all_attempt_correctness,1.0,1.0,1.0,2000,2000
artifactnet,sources,mom_yue,attempted,100.0,99.0,102.0,2000,2000
artifactnet,sources,mom_yue,balanced_accuracy,,,,0,2000
artifactnet,sources,mom_yue,coverage,1.0,1.0,1.0,2000,2000
artifactnet,sources,mom_yue,macro_FPR,,,,0,2000
artifactnet,sources,mom_yue,macro_TPR,1.0,1.0,1.0,2000,2000
artifactnet,sources,mom_yue,precision,1.0,1.0,1.0,2000,2000
artifactnet,sources,mom_yue,scored,100.0,99.0,102.0,2000,2000
artifactnet,sources,mom_yue,specificity,,,,0,2000
artifactnet,sources,sonics_chirp-v2-xxl-alpha,AUROC,,,,0,2000
artifactnet,sources,sonics_chirp-v2-xxl-alpha,F1,,,,0,2000
artifactnet,sources,sonics_chirp-v2-xxl-alpha,FN,0.0,0.0,0.0,2000,2000
artifactnet,sources,sonics_chirp-v2-xxl-alpha,FP,0.0,0.0,0.0,2000,2000
artifactnet,sources,sonics_chirp-v2-xxl-alpha,FPR,,,,0,2000
artifactnet,sources,sonics_chirp-v2-xxl-alpha,TN,0.0,0.0,0.0,2000,2000
artifactnet,sources,sonics_chirp-v2-xxl-alpha,TP,80.0,80.0,80.0,2000,2000
artifactnet,sources,sonics_chirp-v2-xxl-alpha,TPR,1.0,1.0,1.0,2000,2000
artifactnet,sources,sonics_chirp-v2-xxl-alpha,all_attempt_correctness,1.0,1.0,1.0,2000,2000
artifactnet,sources,sonics_chirp-v2-xxl-alpha,attempted,80.0,80.0,80.0,2000,2000
artifactnet,sources,sonics_chirp-v2-xxl-alpha,balanced_accuracy,,,,0,2000
artifactnet,sources,sonics_chirp-v2-xxl-alpha,coverage,1.0,1.0,1.0,2000,2000
artifactnet,sources,sonics_chirp-v2-xxl-alpha,macro_FPR,,,,0,2000
artifactnet,sources,sonics_chirp-v2-xxl-alpha,macro_TPR,1.0,1.0,1.0,2000,2000
artifactnet,sources,sonics_chirp-v2-xxl-alpha,precision,1.0,1.0,1.0,2000,2000
artifactnet,sources,sonics_chirp-v2-xxl-alpha,scored,80.0,80.0,80.0,2000,2000
artifactnet,sources,sonics_chirp-v2-xxl-alpha,specificity,,,,0,2000
artifactnet,sources,sonics_chirp-v3,AUROC,,,,0,2000
artifactnet,sources,sonics_chirp-v3,F1,,,,0,2000
artifactnet,sources,sonics_chirp-v3,FN,0.0,0.0,0.0,2000,2000
artifactnet,sources,sonics_chirp-v3,FP,0.0,0.0,0.0,2000,2000
artifactnet,sources,sonics_chirp-v3,FPR,,,,0,2000
artifactnet,sources,sonics_chirp-v3,TN,0.0,0.0,0.0,2000,2000
artifactnet,sources,sonics_chirp-v3,TP,80.0,80.0,80.0,2000,2000
artifactnet,sources,sonics_chirp-v3,TPR,1.0,1.0,1.0,2000,2000
artifactnet,sources,sonics_chirp-v3,all_attempt_correctness,1.0,1.0,1.0,2000,2000
artifactnet,sources,sonics_chirp-v3,attempted,80.0,80.0,80.0,2000,2000
artifactnet,sources,sonics_chirp-v3,balanced_accuracy,,,,0,2000
artifactnet,sources,sonics_chirp-v3,coverage,1.0,1.0,1.0,2000,2000
artifactnet,sources,sonics_chirp-v3,macro_FPR,,,,0,2000
artifactnet,sources,sonics_chirp-v3,macro_TPR,1.0,1.0,1.0,2000,2000
artifactnet,sources,sonics_chirp-v3,precision,1.0,1.0,1.0,2000,2000
artifactnet,sources,sonics_chirp-v3,scored,80.0,80.0,80.0,2000,2000
artifactnet,sources,sonics_chirp-v3,specificity,,,,0,2000
artifactnet,sources,sonics_chirp-v3.5,AUROC,,,,0,2000
artifactnet,sources,sonics_chirp-v3.5,F1,,,,0,2000
artifactnet,sources,sonics_chirp-v3.5,FN,0.0,0.0,0.0,2000,2000
artifactnet,sources,sonics_chirp-v3.5,FP,0.0,0.0,0.0,2000,2000
artifactnet,sources,sonics_chirp-v3.5,FPR,,,,0,2000
artifactnet,sources,sonics_chirp-v3.5,TN,0.0,0.0,0.0,2000,2000
artifactnet,sources,sonics_chirp-v3.5,TP,80.0,80.0,80.0,2000,2000
artifactnet,sources,sonics_chirp-v3.5,TPR,1.0,1.0,1.0,2000,2000
artifactnet,sources,sonics_chirp-v3.5,all_attempt_correctness,1.0,1.0,1.0,2000,2000
artifactnet,sources,sonics_chirp-v3.5,attempted,80.0,80.0,80.0,2000,2000
artifactnet,sources,sonics_chirp-v3.5,balanced_accuracy,,,,0,2000
artifactnet,sources,sonics_chirp-v3.5,coverage,1.0,1.0,1.0,2000,2000
artifactnet,sources,sonics_chirp-v3.5,macro_FPR,,,,0,2000
artifactnet,sources,sonics_chirp-v3.5,macro_TPR,1.0,1.0,1.0,2000,2000
artifactnet,sources,sonics_chirp-v3.5,precision,1.0,1.0,1.0,2000,2000
artifactnet,sources,sonics_chirp-v3.5,scored,80.0,80.0,80.0,2000,2000
artifactnet,sources,sonics_chirp-v3.5,specificity,,,,0,2000
artifactnet,sources,sonics_real,AUROC,,,,0,2000
artifactnet,sources,sonics_real,F1,,,,0,2000
artifactnet,sources,sonics_real,FN,0.0,0.0,0.0,2000,2000
artifactnet,sources,sonics_real,FP,0.0,0.0,0.0,2000,2000
artifactnet,sources,sonics_real,FPR,0.0,0.0,0.0,2000,2000
artifactnet,sources,sonics_real,TN,295.0,295.0,295.0,2000,2000
artifactnet,sources,sonics_real,TP,0.0,0.0,0.0,2000,2000
artifactnet,sources,sonics_real,TPR,,,,0,2000
artifactnet,sources,sonics_real,all_attempt_correctness,1.0,1.0,1.0,2000,2000
artifactnet,sources,sonics_real,attempted,295.0,295.0,295.0,2000,2000
artifactnet,sources,sonics_real,balanced_accuracy,,,,0,2000
artifactnet,sources,sonics_real,coverage,1.0,1.0,1.0,2000,2000
artifactnet,sources,sonics_real,macro_FPR,0.0,0.0,0.0,2000,2000
artifactnet,sources,sonics_real,macro_TPR,,,,0,2000
artifactnet,sources,sonics_real,precision,,,,0,2000
artifactnet,sources,sonics_real,scored,295.0,295.0,295.0,2000,2000
artifactnet,sources,sonics_real,specificity,1.0,1.0,1.0,2000,2000
artifactnet,sources,sonics_udio-120s,AUROC,,,,0,2000
artifactnet,sources,sonics_udio-120s,F1,,,,0,2000
artifactnet,sources,sonics_udio-120s,FN,0.0,0.0,0.0,2000,2000
artifactnet,sources,sonics_udio-120s,FP,0.0,0.0,0.0,2000,2000
artifactnet,sources,sonics_udio-120s,FPR,,,,0,2000
artifactnet,sources,sonics_udio-120s,TN,0.0,0.0,0.0,2000,2000
artifactnet,sources,sonics_udio-120s,TP,80.0,80.0,80.0,2000,2000
artifactnet,sources,sonics_udio-120s,TPR,1.0,1.0,1.0,2000,2000
artifactnet,sources,sonics_udio-120s,all_attempt_correctness,1.0,1.0,1.0,2000,2000
artifactnet,sources,sonics_udio-120s,attempted,80.0,80.0,80.0,2000,2000
artifactnet,sources,sonics_udio-120s,balanced_accuracy,,,,0,2000
artifactnet,sources,sonics_udio-120s,coverage,1.0,1.0,1.0,2000,2000
artifactnet,sources,sonics_udio-120s,macro_FPR,,,,0,2000
artifactnet,sources,sonics_udio-120s,macro_TPR,1.0,1.0,1.0,2000,2000
artifactnet,sources,sonics_udio-120s,precision,1.0,1.0,1.0,2000,2000
artifactnet,sources,sonics_udio-120s,scored,80.0,80.0,80.0,2000,2000
artifactnet,sources,sonics_udio-120s,specificity,,,,0,2000
artifactnet,sources,sonics_udio-30s,AUROC,,,,0,2000
artifactnet,sources,sonics_udio-30s,F1,,,,0,2000
artifactnet,sources,sonics_udio-30s,FN,0.0,0.0,0.0,2000,2000
artifactnet,sources,sonics_udio-30s,FP,0.0,0.0,0.0,2000,2000
artifactnet,sources,sonics_udio-30s,FPR,,,,0,2000
artifactnet,sources,sonics_udio-30s,TN,0.0,0.0,0.0,2000,2000
artifactnet,sources,sonics_udio-30s,TP,80.0,80.0,80.0,2000,2000
artifactnet,sources,sonics_udio-30s,TPR,1.0,1.0,1.0,2000,2000
artifactnet,sources,sonics_udio-30s,all_attempt_correctness,1.0,1.0,1.0,2000,2000
artifactnet,sources,sonics_udio-30s,attempted,80.0,80.0,80.0,2000,2000
artifactnet,sources,sonics_udio-30s,balanced_accuracy,,,,0,2000
artifactnet,sources,sonics_udio-30s,coverage,1.0,1.0,1.0,2000,2000
artifactnet,sources,sonics_udio-30s,macro_FPR,,,,0,2000
artifactnet,sources,sonics_udio-30s,macro_TPR,1.0,1.0,1.0,2000,2000
artifactnet,sources,sonics_udio-30s,precision,1.0,1.0,1.0,2000,2000
artifactnet,sources,sonics_udio-30s,scored,80.0,80.0,80.0,2000,2000
artifactnet,sources,sonics_udio-30s,specificity,,,,0,2000
artifactnet,sources,suno_cdn_latest,AUROC,,,,0,2000
artifactnet,sources,suno_cdn_latest,F1,,,,0,2000
artifactnet,sources,suno_cdn_latest,FN,3.0,0.0,7.0,2000,2000
artifactnet,sources,suno_cdn_latest,FP,0.0,0.0,0.0,2000,2000
artifactnet,sources,suno_cdn_latest,FPR,,,,0,2000
artifactnet,sources,suno_cdn_latest,TN,0.0,0.0,0.0,2000,2000
artifactnet,sources,suno_cdn_latest,TP,53.0,49.0,56.0,2000,2000
artifactnet,sources,suno_cdn_latest,TPR,0.9464285714285714,0.875,1.0,2000,2000
artifactnet,sources,suno_cdn_latest,all_attempt_correctness,0.9464285714285714,0.875,1.0,2000,2000
artifactnet,sources,suno_cdn_latest,attempted,56.0,56.0,56.0,2000,2000
artifactnet,sources,suno_cdn_latest,balanced_accuracy,,,,0,2000
artifactnet,sources,suno_cdn_latest,coverage,1.0,1.0,1.0,2000,2000
artifactnet,sources,suno_cdn_latest,macro_FPR,,,,0,2000
artifactnet,sources,suno_cdn_latest,macro_TPR,0.9464285714285714,0.875,1.0,2000,2000
artifactnet,sources,suno_cdn_latest,precision,1.0,1.0,1.0,2000,2000
artifactnet,sources,suno_cdn_latest,scored,56.0,56.0,56.0,2000,2000
artifactnet,sources,suno_cdn_latest,specificity,,,,0,2000
artifactnet,sources,suno_extra,AUROC,,,,0,2000
artifactnet,sources,suno_extra,F1,,,,0,2000
artifactnet,sources,suno_extra,FN,0.0,0.0,0.0,2000,2000
artifactnet,sources,suno_extra,FP,0.0,0.0,0.0,2000,2000
artifactnet,sources,suno_extra,FPR,,,,0,2000
artifactnet,sources,suno_extra,TN,0.0,0.0,0.0,2000,2000
artifactnet,sources,suno_extra,TP,80.0,80.0,80.0,2000,2000
artifactnet,sources,suno_extra,TPR,1.0,1.0,1.0,2000,2000
artifactnet,sources,suno_extra,all_attempt_correctness,1.0,1.0,1.0,2000,2000
artifactnet,sources,suno_extra,attempted,80.0,80.0,80.0,2000,2000
artifactnet,sources,suno_extra,balanced_accuracy,,,,0,2000
artifactnet,sources,suno_extra,coverage,1.0,1.0,1.0,2000,2000
artifactnet,sources,suno_extra,macro_FPR,,,,0,2000
artifactnet,sources,suno_extra,macro_TPR,1.0,1.0,1.0,2000,2000
artifactnet,sources,suno_extra,precision,1.0,1.0,1.0,2000,2000
artifactnet,sources,suno_extra,scored,80.0,80.0,80.0,2000,2000
artifactnet,sources,suno_extra,specificity,,,,0,2000
artifactnet,sources,suno_v5.5_native_260905,AUROC,,,,0,2000
artifactnet,sources,suno_v5.5_native_260905,F1,,,,0,2000
artifactnet,sources,suno_v5.5_native_260905,FN,190.0,179.0,202.0,2000,2000
artifactnet,sources,suno_v5.5_native_260905,FP,0.0,0.0,0.0,2000,2000
artifactnet,sources,suno_v5.5_native_260905,FPR,,,,0,2000
artifactnet,sources,suno_v5.5_native_260905,TN,0.0,0.0,0.0,2000,2000
artifactnet,sources,suno_v5.5_native_260905,TP,10.0,4.0,18.0,2000,2000
artifactnet,sources,suno_v5.5_native_260905,TPR,0.05,0.019417475728155338,0.08911999408896107,2000,2000
artifactnet,sources,suno_v5.5_native_260905,all_attempt_correctness,0.05,0.019417475728155338,0.08911999408896107,2000,2000
artifactnet,sources,suno_v5.5_native_260905,attempted,200.0,190.0,210.02499999999986,2000,2000
artifactnet,sources,suno_v5.5_native_260905,balanced_accuracy,,,,0,2000
artifactnet,sources,suno_v5.5_native_260905,coverage,1.0,1.0,1.0,2000,2000
artifactnet,sources,suno_v5.5_native_260905,macro_FPR,,,,0,2000
artifactnet,sources,suno_v5.5_native_260905,macro_TPR,0.05,0.019417475728155338,0.08911999408896107,2000,2000
artifactnet,sources,suno_v5.5_native_260905,precision,1.0,1.0,1.0,1999,2000
artifactnet,sources,suno_v5.5_native_260905,scored,200.0,190.0,210.02499999999986,2000,2000
artifactnet,sources,suno_v5.5_native_260905,specificity,,,,0,2000
artifactnet,sources,udio_2026_version_unknown_native_260905,AUROC,,,,0,2000
artifactnet,sources,udio_2026_version_unknown_native_260905,F1,,,,0,2000
artifactnet,sources,udio_2026_version_unknown_native_260905,FN,0.0,0.0,0.0,2000,2000
artifactnet,sources,udio_2026_version_unknown_native_260905,FP,0.0,0.0,0.0,2000,2000
artifactnet,sources,udio_2026_version_unknown_native_260905,FPR,,,,0,2000
artifactnet,sources,udio_2026_version_unknown_native_260905,TN,0.0,0.0,0.0,2000,2000
artifactnet,sources,udio_2026_version_unknown_native_260905,TP,200.0,190.975,210.0,2000,2000
artifactnet,sources,udio_2026_version_unknown_native_260905,TPR,1.0,1.0,1.0,2000,2000
artifactnet,sources,udio_2026_version_unknown_native_260905,all_attempt_correctness,1.0,1.0,1.0,2000,2000
artifactnet,sources,udio_2026_version_unknown_native_260905,attempted,200.0,190.975,210.0,2000,2000
artifactnet,sources,udio_2026_version_unknown_native_260905,balanced_accuracy,,,,0,2000
artifactnet,sources,udio_2026_version_unknown_native_260905,coverage,1.0,1.0,1.0,2000,2000
artifactnet,sources,udio_2026_version_unknown_native_260905,macro_FPR,,,,0,2000
artifactnet,sources,udio_2026_version_unknown_native_260905,macro_TPR,1.0,1.0,1.0,2000,2000
artifactnet,sources,udio_2026_version_unknown_native_260905,precision,1.0,1.0,1.0,2000,2000
artifactnet,sources,udio_2026_version_unknown_native_260905,scored,200.0,190.975,210.0,2000,2000
artifactnet,sources,udio_2026_version_unknown_native_260905,specificity,,,,0,2000
artifactnet,sources,udio_cdn_latest,AUROC,,,,0,2000
artifactnet,sources,udio_cdn_latest,F1,,,,0,2000
artifactnet,sources,udio_cdn_latest,FN,2.0,0.0,5.0,2000,2000
artifactnet,sources,udio_cdn_latest,FP,0.0,0.0,0.0,2000,2000
artifactnet,sources,udio_cdn_latest,FPR,,,,0,2000
artifactnet,sources,udio_cdn_latest,TN,0.0,0.0,0.0,2000,2000
artifactnet,sources,udio_cdn_latest,TP,16.0,13.0,18.0,2000,2000
artifactnet,sources,udio_cdn_latest,TPR,0.8888888888888888,0.7222222222222222,1.0,2000,2000
artifactnet,sources,udio_cdn_latest,all_attempt_correctness,0.8888888888888888,0.7222222222222222,1.0,2000,2000
artifactnet,sources,udio_cdn_latest,attempted,18.0,18.0,18.0,2000,2000
artifactnet,sources,udio_cdn_latest,balanced_accuracy,,,,0,2000
artifactnet,sources,udio_cdn_latest,coverage,1.0,1.0,1.0,2000,2000
artifactnet,sources,udio_cdn_latest,macro_FPR,,,,0,2000
artifactnet,sources,udio_cdn_latest,macro_TPR,0.8888888888888888,0.7222222222222222,1.0,2000,2000
artifactnet,sources,udio_cdn_latest,precision,1.0,1.0,1.0,2000,2000
artifactnet,sources,udio_cdn_latest,scored,18.0,18.0,18.0,2000,2000
artifactnet,sources,udio_cdn_latest,specificity,,,,0,2000
artifactnet,sources,udio_extra,AUROC,,,,0,2000
artifactnet,sources,udio_extra,F1,,,,0,2000
artifactnet,sources,udio_extra,FN,3.0,0.0,7.0,2000,2000
artifactnet,sources,udio_extra,FP,0.0,0.0,0.0,2000,2000
artifactnet,sources,udio_extra,FPR,,,,0,2000
artifactnet,sources,udio_extra,TN,0.0,0.0,0.0,2000,2000
artifactnet,sources,udio_extra,TP,77.0,73.0,80.0,2000,2000
artifactnet,sources,udio_extra,TPR,0.9625,0.9125,1.0,2000,2000
artifactnet,sources,udio_extra,all_attempt_correctness,0.9625,0.9125,1.0,2000,2000
artifactnet,sources,udio_extra,attempted,80.0,80.0,80.0,2000,2000
artifactnet,sources,udio_extra,balanced_accuracy,,,,0,2000
artifactnet,sources,udio_extra,coverage,1.0,1.0,1.0,2000,2000
artifactnet,sources,udio_extra,macro_FPR,,,,0,2000
artifactnet,sources,udio_extra,macro_TPR,0.9625,0.9125,1.0,2000,2000
artifactnet,sources,udio_extra,precision,1.0,1.0,1.0,2000,2000
artifactnet,sources,udio_extra,scored,80.0,80.0,80.0,2000,2000
artifactnet,sources,udio_extra,specificity,,,,0,2000
artifactnet,sources,youtube_hardneg,AUROC,,,,0,2000
artifactnet,sources,youtube_hardneg,F1,,,,0,2000
artifactnet,sources,youtube_hardneg,FN,0.0,0.0,0.0,2000,2000
artifactnet,sources,youtube_hardneg,FP,0.0,0.0,0.0,2000,2000
artifactnet,sources,youtube_hardneg,FPR,0.0,0.0,0.0,2000,2000
artifactnet,sources,youtube_hardneg,TN,73.0,73.0,73.0,2000,2000
artifactnet,sources,youtube_hardneg,TP,0.0,0.0,0.0,2000,2000
artifactnet,sources,youtube_hardneg,TPR,,,,0,2000
artifactnet,sources,youtube_hardneg,all_attempt_correctness,1.0,1.0,1.0,2000,2000
artifactnet,sources,youtube_hardneg,attempted,73.0,73.0,73.0,2000,2000
artifactnet,sources,youtube_hardneg,balanced_accuracy,,,,0,2000
artifactnet,sources,youtube_hardneg,coverage,1.0,1.0,1.0,2000,2000
artifactnet,sources,youtube_hardneg,macro_FPR,0.0,0.0,0.0,2000,2000
artifactnet,sources,youtube_hardneg,macro_TPR,,,,0,2000
artifactnet,sources,youtube_hardneg,precision,,,,0,2000
artifactnet,sources,youtube_hardneg,scored,73.0,73.0,73.0,2000,2000
artifactnet,sources,youtube_hardneg,specificity,1.0,1.0,1.0,2000,2000
artifactnet,operating_stacks,cnn_0225_rescue_002,F1,0.9389614333434558,0.9342573526062689,0.9436708253934012,2000,2000
artifactnet,operating_stacks,cnn_0225_rescue_002,FN,197.0,182.0,212.0,2000,2000
artifactnet,operating_stacks,cnn_0225_rescue_002,FP,4.0,1.0,8.0,2000,2000
artifactnet,operating_stacks,cnn_0225_rescue_002,FPR,0.004878048780487805,0.0012165450121654502,0.009768009768009768,2000,2000
artifactnet,operating_stacks,cnn_0225_rescue_002,TN,816.0,811.0,821.0,2000,2000
artifactnet,operating_stacks,cnn_0225_rescue_002,TP,1546.0,1531.0,1561.0,2000,2000
artifactnet,operating_stacks,cnn_0225_rescue_002,TPR,0.8869764773379232,0.8789764496296876,0.895040369088812,2000,2000
artifactnet,operating_stacks,cnn_0225_rescue_002,all_attempt_correctness,0.9212168486739469,0.91534580670342,0.9272656553870089,2000,2000
artifactnet,operating_stacks,cnn_0225_rescue_002,attempted,2564.0,2549.0,2579.0,2000,2000
artifactnet,operating_stacks,cnn_0225_rescue_002,balanced_accuracy,0.9410492142787177,0.9363400405493211,0.9456198926605502,2000,2000
artifactnet,operating_stacks,cnn_0225_rescue_002,coverage,0.999609984399376,0.9988272087568413,1.0,2000,2000
artifactnet,operating_stacks,cnn_0225_rescue_002,macro_FPR,0.0044444444444444444,0.0011111111111111111,0.008888888888888889,2000,2000
artifactnet,operating_stacks,cnn_0225_rescue_002,macro_TPR,0.9506448412698413,0.943535864218655,0.9567589554499962,2000,2000
artifactnet,operating_stacks,cnn_0225_rescue_002,precision,0.9974193548387097,0.9948287007110537,0.9993581617688835,2000,2000
artifactnet,operating_stacks,cnn_0225_rescue_002,scored,2563.0,2548.0,2578.0,2000,2000
artifactnet,operating_stacks,cnn_0225_rescue_002,specificity,0.9951219512195122,0.9902319902319903,0.9987834549878345,2000,2000
artifactnet,operating_stacks,raw_0225,F1,0.9393939393939394,0.9347623086629471,0.9439224007274932,2000,2000
artifactnet,operating_stacks,raw_0225,FN,193.0,179.0,207.0,2000,2000
artifactnet,operating_stacks,raw_0225,FP,7.0,2.0,12.0,2000,2000
artifactnet,operating_stacks,raw_0225,FPR,0.00853658536585366,0.0024449877750611247,0.014669926650366748,2000,2000
artifactnet,operating_stacks,raw_0225,TN,813.0,807.0,819.0,2000,2000
artifactnet,operating_stacks,raw_0225,TP,1550.0,1535.975,1564.0249999999999,2000,2000
artifactnet,operating_stacks,raw_0225,TPR,0.8892713711990821,0.8813753581661891,0.8970687589643935,2000,2000
artifactnet,operating_stacks,raw_0225,all_attempt_correctness,0.921606864274571,0.9157886525987355,0.9273721202655213,2000,2000
artifactnet,operating_stacks,raw_0225,attempted,2564.0,2549.0,2579.0,2000,2000
artifactnet,operating_stacks,raw_0225,balanced_accuracy,0.9403673929166142,0.9352262485421851,0.945204172624861,2000,2000
artifactnet,operating_stacks,raw_0225,coverage,0.999609984399376,0.9988272087568413,1.0,2000,2000
artifactnet,operating_stacks,raw_0225,macro_FPR,0.0066854990583804135,0.0022222222222222222,0.012222693032015064,2000,2000
artifactnet,operating_stacks,raw_0225,macro_TPR,0.9547767857142858,0.9487146400631403,0.9596224201497893,2000,2000
artifactnet,operating_stacks,raw_0225,precision,0.9955041746949261,0.9922728954932588,0.9987021625083851,2000,2000
artifactnet,operating_stacks,raw_0225,scored,2563.0,2548.0,2578.0,2000,2000
artifactnet,operating_stacks,raw_0225,specificity,0.9914634146341463,0.9853300733496333,0.9975550122249389,2000,2000
spectttra,cohorts,contemporary_native,AUROC,,,,0,2000
spectttra,cohorts,contemporary_native,F1,,,,0,2000
spectttra,cohorts,contemporary_native,FN,123.0,106.0,141.0,2000,2000
spectttra,cohorts,contemporary_native,FP,0.0,0.0,0.0,2000,2000
spectttra,cohorts,contemporary_native,FPR,,,,0,2000
spectttra,cohorts,contemporary_native,TN,0.0,0.0,0.0,2000,2000
spectttra,cohorts,contemporary_native,TP,277.0,258.0,297.0,2000,2000
spectttra,cohorts,contemporary_native,TPR,0.6925,0.649506626724764,0.7338425625495709,2000,2000
spectttra,cohorts,contemporary_native,all_attempt_correctness,0.6925,0.649506626724764,0.7338425625495709,2000,2000
spectttra,cohorts,contemporary_native,attempted,400.0,387.0,414.0,2000,2000
spectttra,cohorts,contemporary_native,balanced_accuracy,,,,0,2000
spectttra,cohorts,contemporary_native,coverage,1.0,1.0,1.0,2000,2000
spectttra,cohorts,contemporary_native,macro_FPR,,,,0,2000
spectttra,cohorts,contemporary_native,macro_TPR,0.6925,0.6497459243144522,0.733224441580756,2000,2000
spectttra,cohorts,contemporary_native,precision,1.0,1.0,1.0,2000,2000
spectttra,cohorts,contemporary_native,scored,400.0,387.0,414.0,2000,2000
spectttra,cohorts,contemporary_native,specificity,,,,0,2000
spectttra,cohorts,legacy,AUROC,0.8470864184088269,0.8318579041870416,0.8616642613207873,2000,2000
spectttra,cohorts,legacy,F1,0.7716277162771628,0.7554639175257732,0.7869948872000955,2000,2000
spectttra,cohorts,legacy,FN,403.0,374.0,433.0,2000,2000
spectttra,cohorts,legacy,FP,154.0,134.0,176.02499999999986,2000,2000
spectttra,cohorts,legacy,FPR,0.1878048780487805,0.16301207971547924,0.21516316277907657,2000,2000
spectttra,cohorts,legacy,TN,666.0,643.0,687.0,2000,2000
spectttra,cohorts,legacy,TP,941.0,911.0,970.0,2000,2000
spectttra,cohorts,legacy,TPR,0.7001488095238095,0.6775874906924795,0.7215189873417721,2000,2000
spectttra,cohorts,legacy,all_attempt_correctness,0.7426062846580407,0.7259683726319938,0.758670898992277,2000,2000
spectttra,cohorts,legacy,attempted,2164.0,2161.0,2168.0,2000,2000
spectttra,cohorts,legacy,balanced_accuracy,0.7561719657375146,0.7393571908541126,0.7722369879763786,2000,2000
spectttra,cohorts,legacy,coverage,1.0,1.0,1.0,2000,2000
spectttra,cohorts,legacy,macro_FPR,0.2090537614792766,0.1745075256536438,0.24744483592980157,2000,2000
spectttra,cohorts,legacy,macro_TPR,0.6682720057720057,0.6418505372728676,0.6930615981240981,2000,2000
spectttra,cohorts,legacy,precision,0.8593607305936073,0.841961899146451,0.8755960970246685,2000,2000
spectttra,cohorts,legacy,scored,2164.0,2161.0,2168.0,2000,2000
spectttra,cohorts,legacy,specificity,0.8121951219512196,0.7848368372209233,0.8369879202845207,2000,2000
spectttra,cohorts,non_demo,AUROC,0.8371440758558961,0.8211460168994399,0.8521476071975068,2000,2000
spectttra,cohorts,non_demo,F1,0.7817715019255456,0.7672003658833281,0.7954652042683883,2000,2000
spectttra,cohorts,non_demo,FN,526.0,494.0,560.0,2000,2000
spectttra,cohorts,non_demo,FP,154.0,134.0,176.0,2000,2000
spectttra,cohorts,non_demo,FPR,0.1878048780487805,0.1630170316301703,0.21490278262894397,2000,2000
spectttra,cohorts,non_demo,TN,666.0,644.0,687.0,2000,2000
spectttra,cohorts,non_demo,TP,1218.0,1183.0,1252.0,2000,2000
spectttra,cohorts,non_demo,TPR,0.698394495412844,0.6792218373208762,0.7172295363480252,2000,2000
spectttra,cohorts,non_demo,all_attempt_correctness,0.734789391575663,0.7188343553390465,0.7500024328532503,2000,2000
spectttra,cohorts,non_demo,attempted,2564.0,2549.0,2579.0,2000,2000
spectttra,cohorts,non_demo,balanced_accuracy,0.7552948086820318,0.7387015191897597,0.7710749396669219,2000,2000
spectttra,cohorts,non_demo,coverage,1.0,1.0,1.0,2000,2000
spectttra,cohorts,non_demo,macro_FPR,0.2090537614792766,0.17291571069900644,0.2480532643154005,2000,2000
spectttra,cohorts,non_demo,macro_TPR,0.6702910052910053,0.6456062332858556,0.6939542989258677,2000,2000
spectttra,cohorts,non_demo,precision,0.8877551020408163,0.8734787953995343,0.9016889359139068,2000,2000
spectttra,cohorts,non_demo,scored,2564.0,2549.0,2579.0,2000,2000
spectttra,cohorts,non_demo,specificity,0.8121951219512196,0.785097217371056,0.8369829683698297,2000,2000
spectttra,cohorts,non_demo_recording_representative,AUROC,0.8368156524105503,0.8218739351473275,0.8511404819027963,2000,2000
spectttra,cohorts,non_demo_recording_representative,F1,0.781631342324984,0.7668292682926829,0.7951348311485201,2000,2000
spectttra,cohorts,non_demo_recording_representative,FN,526.0,494.0,560.0,2000,2000
spectttra,cohorts,non_demo_recording_representative,FP,154.0,133.0,175.0,2000,2000
spectttra,cohorts,non_demo_recording_representative,FPR,0.1882640586797066,0.1625916870415648,0.2139364303178484,2000,2000
spectttra,cohorts,non_demo_recording_representative,TN,664.0,643.0,685.0,2000,2000
spectttra,cohorts,non_demo_recording_representative,TP,1217.0,1182.0,1251.0,2000,2000
spectttra,cohorts,non_demo_recording_representative,TPR,0.6982214572576019,0.6789811897928616,0.7171434331797235,2000,2000
spectttra,cohorts,non_demo_recording_representative,all_attempt_correctness,0.7344787192502928,0.7186617391533876,0.7491207845985731,2000,2000
spectttra,cohorts,non_demo_recording_representative,attempted,2561.0,2547.0,2576.0,2000,2000
spectttra,cohorts,non_demo_recording_representative,balanced_accuracy,0.7549786992889476,0.7387770705401226,0.7707130864177181,2000,2000
spectttra,cohorts,non_demo_recording_representative,coverage,1.0,1.0,1.0,2000,2000
spectttra,cohorts,non_demo_recording_representative,macro_FPR,0.20937517335398437,0.17471242006270044,0.2451514063275295,2000,2000
spectttra,cohorts,non_demo_recording_representative,macro_TPR,0.6702657527657528,0.6455775085383809,0.6939542989258677,2000,2000
spectttra,cohorts,non_demo_recording_representative,precision,0.8876732312180889,0.8740849194729137,0.9012532319467081,2000,2000
spectttra,cohorts,non_demo_recording_representative,scored,2561.0,2547.0,2576.0,2000,2000
spectttra,cohorts,non_demo_recording_representative,specificity,0.8117359413202934,0.7860635696821516,0.8374083129584352,2000,2000
spectttra,sources,aime_musicgen_large,AUROC,,,,0,2000
spectttra,sources,aime_musicgen_large,F1,,,,0,2000
spectttra,sources,aime_musicgen_large,FN,14.0,9.0,19.0,2000,2000
spectttra,sources,aime_musicgen_large,FP,0.0,0.0,0.0,2000,2000
spectttra,sources,aime_musicgen_large,FPR,,,,0,2000
spectttra,sources,aime_musicgen_large,TN,0.0,0.0,0.0,2000,2000
spectttra,sources,aime_musicgen_large,TP,16.0,11.0,21.0,2000,2000
spectttra,sources,aime_musicgen_large,TPR,0.5333333333333333,0.36666666666666664,0.7,2000,2000
spectttra,sources,aime_musicgen_large,all_attempt_correctness,0.5333333333333333,0.36666666666666664,0.7,2000,2000
spectttra,sources,aime_musicgen_large,attempted,30.0,30.0,30.0,2000,2000
spectttra,sources,aime_musicgen_large,balanced_accuracy,,,,0,2000
spectttra,sources,aime_musicgen_large,coverage,1.0,1.0,1.0,2000,2000
spectttra,sources,aime_musicgen_large,macro_FPR,,,,0,2000
spectttra,sources,aime_musicgen_large,macro_TPR,0.5333333333333333,0.36666666666666664,0.7,2000,2000
spectttra,sources,aime_musicgen_large,precision,1.0,1.0,1.0,2000,2000
spectttra,sources,aime_musicgen_large,scored,30.0,30.0,30.0,2000,2000
spectttra,sources,aime_musicgen_large,specificity,,,,0,2000
spectttra,sources,aime_musicgen_medium,AUROC,,,,0,2000
spectttra,sources,aime_musicgen_medium,F1,,,,0,2000
spectttra,sources,aime_musicgen_medium,FN,16.0,10.0,21.0,2000,2000
spectttra,sources,aime_musicgen_medium,FP,0.0,0.0,0.0,2000,2000
spectttra,sources,aime_musicgen_medium,FPR,,,,0,2000
spectttra,sources,aime_musicgen_medium,TN,0.0,0.0,0.0,2000,2000
spectttra,sources,aime_musicgen_medium,TP,14.0,9.0,20.0,2000,2000
spectttra,sources,aime_musicgen_medium,TPR,0.4666666666666667,0.3,0.6666666666666666,2000,2000
spectttra,sources,aime_musicgen_medium,all_attempt_correctness,0.4666666666666667,0.3,0.6666666666666666,2000,2000
spectttra,sources,aime_musicgen_medium,attempted,30.0,30.0,30.0,2000,2000
spectttra,sources,aime_musicgen_medium,balanced_accuracy,,,,0,2000
spectttra,sources,aime_musicgen_medium,coverage,1.0,1.0,1.0,2000,2000
spectttra,sources,aime_musicgen_medium,macro_FPR,,,,0,2000
spectttra,sources,aime_musicgen_medium,macro_TPR,0.4666666666666667,0.3,0.6666666666666666,2000,2000
spectttra,sources,aime_musicgen_medium,precision,1.0,1.0,1.0,2000,2000
spectttra,sources,aime_musicgen_medium,scored,30.0,30.0,30.0,2000,2000
spectttra,sources,aime_musicgen_medium,specificity,,,,0,2000
spectttra,sources,aime_musicgen_small,AUROC,,,,0,2000
spectttra,sources,aime_musicgen_small,F1,,,,0,2000
spectttra,sources,aime_musicgen_small,FN,15.0,10.0,20.024999999999864,2000,2000
spectttra,sources,aime_musicgen_small,FP,0.0,0.0,0.0,2000,2000
spectttra,sources,aime_musicgen_small,FPR,,,,0,2000
spectttra,sources,aime_musicgen_small,TN,0.0,0.0,0.0,2000,2000
spectttra,sources,aime_musicgen_small,TP,15.0,9.975000000000001,20.0,2000,2000
spectttra,sources,aime_musicgen_small,TPR,0.5,0.3325,0.6666666666666666,2000,2000
spectttra,sources,aime_musicgen_small,all_attempt_correctness,0.5,0.3325,0.6666666666666666,2000,2000
spectttra,sources,aime_musicgen_small,attempted,30.0,30.0,30.0,2000,2000
spectttra,sources,aime_musicgen_small,balanced_accuracy,,,,0,2000
spectttra,sources,aime_musicgen_small,coverage,1.0,1.0,1.0,2000,2000
spectttra,sources,aime_musicgen_small,macro_FPR,,,,0,2000
spectttra,sources,aime_musicgen_small,macro_TPR,0.5,0.3325,0.6666666666666666,2000,2000
spectttra,sources,aime_musicgen_small,precision,1.0,1.0,1.0,2000,2000
spectttra,sources,aime_musicgen_small,scored,30.0,30.0,30.0,2000,2000
spectttra,sources,aime_musicgen_small,specificity,,,,0,2000
spectttra,sources,aime_riffusion,AUROC,,,,0,2000
spectttra,sources,aime_riffusion,F1,,,,0,2000
spectttra,sources,aime_riffusion,FN,9.0,4.0,14.0,2000,2000
spectttra,sources,aime_riffusion,FP,0.0,0.0,0.0,2000,2000
spectttra,sources,aime_riffusion,FPR,,,,0,2000
spectttra,sources,aime_riffusion,TN,0.0,0.0,0.0,2000,2000
spectttra,sources,aime_riffusion,TP,21.0,16.0,26.0,2000,2000
spectttra,sources,aime_riffusion,TPR,0.7,0.5333333333333333,0.8666666666666667,2000,2000
spectttra,sources,aime_riffusion,all_attempt_correctness,0.7,0.5333333333333333,0.8666666666666667,2000,2000
spectttra,sources,aime_riffusion,attempted,30.0,30.0,30.0,2000,2000
spectttra,sources,aime_riffusion,balanced_accuracy,,,,0,2000
spectttra,sources,aime_riffusion,coverage,1.0,1.0,1.0,2000,2000
spectttra,sources,aime_riffusion,macro_FPR,,,,0,2000
spectttra,sources,aime_riffusion,macro_TPR,0.7,0.5333333333333333,0.8666666666666667,2000,2000
spectttra,sources,aime_riffusion,precision,1.0,1.0,1.0,2000,2000
spectttra,sources,aime_riffusion,scored,30.0,30.0,30.0,2000,2000
spectttra,sources,aime_riffusion,specificity,,,,0,2000
spectttra,sources,aime_stable_audio_v1,AUROC,,,,0,2000
spectttra,sources,aime_stable_audio_v1,F1,,,,0,2000
spectttra,sources,aime_stable_audio_v1,FN,29.0,22.0,36.0,2000,2000
spectttra,sources,aime_stable_audio_v1,FP,0.0,0.0,0.0,2000,2000
spectttra,sources,aime_stable_audio_v1,FPR,,,,0,2000
spectttra,sources,aime_stable_audio_v1,TN,0.0,0.0,0.0,2000,2000
spectttra,sources,aime_stable_audio_v1,TP,21.0,14.0,28.0,2000,2000
spectttra,sources,aime_stable_audio_v1,TPR,0.42,0.28,0.56,2000,2000
spectttra,sources,aime_stable_audio_v1,all_attempt_correctness,0.42,0.28,0.56,2000,2000
spectttra,sources,aime_stable_audio_v1,attempted,50.0,50.0,50.0,2000,2000
spectttra,sources,aime_stable_audio_v1,balanced_accuracy,,,,0,2000
spectttra,sources,aime_stable_audio_v1,coverage,1.0,1.0,1.0,2000,2000
spectttra,sources,aime_stable_audio_v1,macro_FPR,,,,0,2000
spectttra,sources,aime_stable_audio_v1,macro_TPR,0.42,0.28,0.56,2000,2000
spectttra,sources,aime_stable_audio_v1,precision,1.0,1.0,1.0,2000,2000
spectttra,sources,aime_stable_audio_v1,scored,50.0,50.0,50.0,2000,2000
spectttra,sources,aime_stable_audio_v1,specificity,,,,0,2000
spectttra,sources,aime_stable_audio_v2,AUROC,,,,0,2000
spectttra,sources,aime_stable_audio_v2,F1,,,,0,2000
spectttra,sources,aime_stable_audio_v2,FN,34.0,27.0,40.0,2000,2000
spectttra,sources,aime_stable_audio_v2,FP,0.0,0.0,0.0,2000,2000
spectttra,sources,aime_stable_audio_v2,FPR,,,,0,2000
spectttra,sources,aime_stable_audio_v2,TN,0.0,0.0,0.0,2000,2000
spectttra,sources,aime_stable_audio_v2,TP,16.0,10.0,23.0,2000,2000
spectttra,sources,aime_stable_audio_v2,TPR,0.32,0.2,0.46,2000,2000
spectttra,sources,aime_stable_audio_v2,all_attempt_correctness,0.32,0.2,0.46,2000,2000
spectttra,sources,aime_stable_audio_v2,attempted,50.0,50.0,50.0,2000,2000
spectttra,sources,aime_stable_audio_v2,balanced_accuracy,,,,0,2000
spectttra,sources,aime_stable_audio_v2,coverage,1.0,1.0,1.0,2000,2000
spectttra,sources,aime_stable_audio_v2,macro_FPR,,,,0,2000
spectttra,sources,aime_stable_audio_v2,macro_TPR,0.32,0.2,0.46,2000,2000
spectttra,sources,aime_stable_audio_v2,precision,1.0,1.0,1.0,2000,2000
spectttra,sources,aime_stable_audio_v2,scored,50.0,50.0,50.0,2000,2000
spectttra,sources,aime_stable_audio_v2,specificity,,,,0,2000
spectttra,sources,aime_suno_v3,AUROC,,,,0,2000
spectttra,sources,aime_suno_v3,F1,,,,0,2000
spectttra,sources,aime_suno_v3,FN,8.0,3.9750000000000014,13.0,2000,2000
spectttra,sources,aime_suno_v3,FP,0.0,0.0,0.0,2000,2000
spectttra,sources,aime_suno_v3,FPR,,,,0,2000
spectttra,sources,aime_suno_v3,TN,0.0,0.0,0.0,2000,2000
spectttra,sources,aime_suno_v3,TP,22.0,17.0,26.024999999999864,2000,2000
spectttra,sources,aime_suno_v3,TPR,0.7333333333333333,0.5666666666666667,0.8674999999999955,2000,2000
spectttra,sources,aime_suno_v3,all_attempt_correctness,0.7333333333333333,0.5666666666666667,0.8674999999999955,2000,2000
spectttra,sources,aime_suno_v3,attempted,30.0,30.0,30.0,2000,2000
spectttra,sources,aime_suno_v3,balanced_accuracy,,,,0,2000
spectttra,sources,aime_suno_v3,coverage,1.0,1.0,1.0,2000,2000
spectttra,sources,aime_suno_v3,macro_FPR,,,,0,2000
spectttra,sources,aime_suno_v3,macro_TPR,0.7333333333333333,0.5666666666666667,0.8674999999999955,2000,2000
spectttra,sources,aime_suno_v3,precision,1.0,1.0,1.0,2000,2000
spectttra,sources,aime_suno_v3,scored,30.0,30.0,30.0,2000,2000
spectttra,sources,aime_suno_v3,specificity,,,,0,2000
spectttra,sources,aime_suno_v35,AUROC,,,,0,2000
spectttra,sources,aime_suno_v35,F1,,,,0,2000
spectttra,sources,aime_suno_v35,FN,3.0,0.0,7.0,2000,2000
spectttra,sources,aime_suno_v35,FP,0.0,0.0,0.0,2000,2000
spectttra,sources,aime_suno_v35,FPR,,,,0,2000
spectttra,sources,aime_suno_v35,TN,0.0,0.0,0.0,2000,2000
spectttra,sources,aime_suno_v35,TP,27.0,23.0,30.0,2000,2000
spectttra,sources,aime_suno_v35,TPR,0.9,0.7666666666666667,1.0,2000,2000
spectttra,sources,aime_suno_v35,all_attempt_correctness,0.9,0.7666666666666667,1.0,2000,2000
spectttra,sources,aime_suno_v35,attempted,30.0,30.0,30.0,2000,2000
spectttra,sources,aime_suno_v35,balanced_accuracy,,,,0,2000
spectttra,sources,aime_suno_v35,coverage,1.0,1.0,1.0,2000,2000
spectttra,sources,aime_suno_v35,macro_FPR,,,,0,2000
spectttra,sources,aime_suno_v35,macro_TPR,0.9,0.7666666666666667,1.0,2000,2000
spectttra,sources,aime_suno_v35,precision,1.0,1.0,1.0,2000,2000
spectttra,sources,aime_suno_v35,scored,30.0,30.0,30.0,2000,2000
spectttra,sources,aime_suno_v35,specificity,,,,0,2000
spectttra,sources,aime_udio,AUROC,,,,0,2000
spectttra,sources,aime_udio,F1,,,,0,2000
spectttra,sources,aime_udio,FN,2.0,0.0,5.0,2000,2000
spectttra,sources,aime_udio,FP,0.0,0.0,0.0,2000,2000
spectttra,sources,aime_udio,FPR,,,,0,2000
spectttra,sources,aime_udio,TN,0.0,0.0,0.0,2000,2000
spectttra,sources,aime_udio,TP,28.0,25.0,30.0,2000,2000
spectttra,sources,aime_udio,TPR,0.9333333333333333,0.8333333333333334,1.0,2000,2000
spectttra,sources,aime_udio,all_attempt_correctness,0.9333333333333333,0.8333333333333334,1.0,2000,2000
spectttra,sources,aime_udio,attempted,30.0,30.0,30.0,2000,2000
spectttra,sources,aime_udio,balanced_accuracy,,,,0,2000
spectttra,sources,aime_udio,coverage,1.0,1.0,1.0,2000,2000
spectttra,sources,aime_udio,macro_FPR,,,,0,2000
spectttra,sources,aime_udio,macro_TPR,0.9333333333333333,0.8333333333333334,1.0,2000,2000
spectttra,sources,aime_udio,precision,1.0,1.0,1.0,2000,2000
spectttra,sources,aime_udio,scored,30.0,30.0,30.0,2000,2000
spectttra,sources,aime_udio,specificity,,,,0,2000
spectttra,sources,fma_hardneg,AUROC,,,,0,2000
spectttra,sources,fma_hardneg,F1,,,,0,2000
spectttra,sources,fma_hardneg,FN,0.0,0.0,0.0,2000,2000
spectttra,sources,fma_hardneg,FP,33.0,23.0,43.0,2000,2000
spectttra,sources,fma_hardneg,FPR,0.22,0.15333333333333332,0.2866666666666667,2000,2000
spectttra,sources,fma_hardneg,TN,117.0,107.0,127.0,2000,2000
spectttra,sources,fma_hardneg,TP,0.0,0.0,0.0,2000,2000
spectttra,sources,fma_hardneg,TPR,,,,0,2000
spectttra,sources,fma_hardneg,all_attempt_correctness,0.78,0.7133333333333334,0.8466666666666667,2000,2000
spectttra,sources,fma_hardneg,attempted,150.0,150.0,150.0,2000,2000
spectttra,sources,fma_hardneg,balanced_accuracy,,,,0,2000
spectttra,sources,fma_hardneg,coverage,1.0,1.0,1.0,2000,2000
spectttra,sources,fma_hardneg,macro_FPR,0.22,0.15333333333333332,0.2866666666666667,2000,2000
spectttra,sources,fma_hardneg,macro_TPR,,,,0,2000
spectttra,sources,fma_hardneg,precision,0.0,0.0,0.0,2000,2000
spectttra,sources,fma_hardneg,scored,150.0,150.0,150.0,2000,2000
spectttra,sources,fma_hardneg,specificity,0.78,0.7133333333333334,0.8466666666666667,2000,2000
spectttra,sources,mom_diffrythm,AUROC,,,,0,2000
spectttra,sources,mom_diffrythm,F1,,,,0,2000
spectttra,sources,mom_diffrythm,FN,46.0,36.0,55.0,2000,2000
spectttra,sources,mom_diffrythm,FP,0.0,0.0,0.0,2000,2000
spectttra,sources,mom_diffrythm,FPR,,,,0,2000
spectttra,sources,mom_diffrythm,TN,0.0,0.0,0.0,2000,2000
spectttra,sources,mom_diffrythm,TP,54.0,45.0,64.0,2000,2000
spectttra,sources,mom_diffrythm,TPR,0.54,0.45,0.64,2000,2000
spectttra,sources,mom_diffrythm,all_attempt_correctness,0.54,0.45,0.64,2000,2000
spectttra,sources,mom_diffrythm,attempted,100.0,100.0,100.0,2000,2000
spectttra,sources,mom_diffrythm,balanced_accuracy,,,,0,2000
spectttra,sources,mom_diffrythm,coverage,1.0,1.0,1.0,2000,2000
spectttra,sources,mom_diffrythm,macro_FPR,,,,0,2000
spectttra,sources,mom_diffrythm,macro_TPR,0.54,0.45,0.64,2000,2000
spectttra,sources,mom_diffrythm,precision,1.0,1.0,1.0,2000,2000
spectttra,sources,mom_diffrythm,scored,100.0,100.0,100.0,2000,2000
spectttra,sources,mom_diffrythm,specificity,,,,0,2000
spectttra,sources,mom_extra_real,AUROC,,,,0,2000
spectttra,sources,mom_extra_real,F1,,,,0,2000
spectttra,sources,mom_extra_real,FN,0.0,0.0,0.0,2000,2000
spectttra,sources,mom_extra_real,FP,11.0,5.0,17.0,2000,2000
spectttra,sources,mom_extra_real,FPR,0.125,0.056818181818181816,0.19318181818181818,2000,2000
spectttra,sources,mom_extra_real,TN,77.0,71.0,83.0,2000,2000
spectttra,sources,mom_extra_real,TP,0.0,0.0,0.0,2000,2000
spectttra,sources,mom_extra_real,TPR,,,,0,2000
spectttra,sources,mom_extra_real,all_attempt_correctness,0.875,0.8068181818181818,0.9431818181818182,2000,2000
spectttra,sources,mom_extra_real,attempted,88.0,88.0,88.0,2000,2000
spectttra,sources,mom_extra_real,balanced_accuracy,,,,0,2000
spectttra,sources,mom_extra_real,coverage,1.0,1.0,1.0,2000,2000
spectttra,sources,mom_extra_real,macro_FPR,0.125,0.056818181818181816,0.19318181818181818,2000,2000
spectttra,sources,mom_extra_real,macro_TPR,,,,0,2000
spectttra,sources,mom_extra_real,precision,0.0,0.0,0.0,2000,2000
spectttra,sources,mom_extra_real,scored,88.0,88.0,88.0,2000,2000
spectttra,sources,mom_extra_real,specificity,0.875,0.8068181818181819,0.9431818181818182,2000,2000
spectttra,sources,mom_real,AUROC,,,,0,2000
spectttra,sources,mom_real,F1,,,,0,2000
spectttra,sources,mom_real,FN,0.0,0.0,0.0,2000,2000
spectttra,sources,mom_real,FP,33.0,23.0,43.024999999999864,2000,2000
spectttra,sources,mom_real,FPR,0.1774193548387097,0.12365591397849462,0.23131720430107452,2000,2000
spectttra,sources,mom_real,TN,153.0,142.975,163.0,2000,2000
spectttra,sources,mom_real,TP,0.0,0.0,0.0,2000,2000
spectttra,sources,mom_real,TPR,,,,0,2000
spectttra,sources,mom_real,all_attempt_correctness,0.8225806451612904,0.7686827956989247,0.8763440860215054,2000,2000
spectttra,sources,mom_real,attempted,186.0,186.0,186.0,2000,2000
spectttra,sources,mom_real,balanced_accuracy,,,,0,2000
spectttra,sources,mom_real,coverage,1.0,1.0,1.0,2000,2000
spectttra,sources,mom_real,macro_FPR,0.1774193548387097,0.12365591397849462,0.23131720430107452,2000,2000
spectttra,sources,mom_real,macro_TPR,,,,0,2000
spectttra,sources,mom_real,precision,0.0,0.0,0.0,2000,2000
spectttra,sources,mom_real,scored,186.0,186.0,186.0,2000,2000
spectttra,sources,mom_real,specificity,0.8225806451612903,0.7686827956989247,0.8763440860215054,2000,2000
spectttra,sources,mom_real_wav,AUROC,,,,0,2000
spectttra,sources,mom_real_wav,F1,,,,0,2000
spectttra,sources,mom_real_wav,FN,0.0,0.0,0.0,2000,2000
spectttra,sources,mom_real_wav,FP,5.0,1.0,9.0,2000,2000
spectttra,sources,mom_real_wav,FPR,0.17857142857142858,0.03571428571428571,0.32142857142857145,2000,2000
spectttra,sources,mom_real_wav,TN,23.0,19.0,27.0,2000,2000
spectttra,sources,mom_real_wav,TP,0.0,0.0,0.0,2000,2000
spectttra,sources,mom_real_wav,TPR,,,,0,2000
spectttra,sources,mom_real_wav,all_attempt_correctness,0.8214285714285714,0.6785714285714286,0.9642857142857143,2000,2000
spectttra,sources,mom_real_wav,attempted,28.0,28.0,28.0,2000,2000
spectttra,sources,mom_real_wav,balanced_accuracy,,,,0,2000
spectttra,sources,mom_real_wav,coverage,1.0,1.0,1.0,2000,2000
spectttra,sources,mom_real_wav,macro_FPR,0.17857142857142858,0.03571428571428571,0.32142857142857145,2000,2000
spectttra,sources,mom_real_wav,macro_TPR,,,,0,2000
spectttra,sources,mom_real_wav,precision,0.0,0.0,0.0,1996,2000
spectttra,sources,mom_real_wav,scored,28.0,28.0,28.0,2000,2000
spectttra,sources,mom_real_wav,specificity,0.8214285714285714,0.6785714285714286,0.9642857142857143,2000,2000
spectttra,sources,mom_riffusion,AUROC,,,,0,2000
spectttra,sources,mom_riffusion,F1,,,,0,2000
spectttra,sources,mom_riffusion,FN,14.0,7.0,21.0,2000,2000
spectttra,sources,mom_riffusion,FP,0.0,0.0,0.0,2000,2000
spectttra,sources,mom_riffusion,FPR,,,,0,2000
spectttra,sources,mom_riffusion,TN,0.0,0.0,0.0,2000,2000
spectttra,sources,mom_riffusion,TP,86.0,79.0,93.0,2000,2000
spectttra,sources,mom_riffusion,TPR,0.86,0.79,0.93,2000,2000
spectttra,sources,mom_riffusion,all_attempt_correctness,0.86,0.79,0.93,2000,2000
spectttra,sources,mom_riffusion,attempted,100.0,100.0,100.0,2000,2000
spectttra,sources,mom_riffusion,balanced_accuracy,,,,0,2000
spectttra,sources,mom_riffusion,coverage,1.0,1.0,1.0,2000,2000
spectttra,sources,mom_riffusion,macro_FPR,,,,0,2000
spectttra,sources,mom_riffusion,macro_TPR,0.86,0.79,0.93,2000,2000
spectttra,sources,mom_riffusion,precision,1.0,1.0,1.0,2000,2000
spectttra,sources,mom_riffusion,scored,100.0,100.0,100.0,2000,2000
spectttra,sources,mom_riffusion,specificity,,,,0,2000
spectttra,sources,mom_udio,AUROC,,,,0,2000
spectttra,sources,mom_udio,F1,,,,0,2000
spectttra,sources,mom_udio,FN,33.0,24.0,43.0,2000,2000
spectttra,sources,mom_udio,FP,0.0,0.0,0.0,2000,2000
spectttra,sources,mom_udio,FPR,,,,0,2000
spectttra,sources,mom_udio,TN,0.0,0.0,0.0,2000,2000
spectttra,sources,mom_udio,TP,67.0,57.0,76.0,2000,2000
spectttra,sources,mom_udio,TPR,0.67,0.57,0.76,2000,2000
spectttra,sources,mom_udio,all_attempt_correctness,0.67,0.57,0.76,2000,2000
spectttra,sources,mom_udio,attempted,100.0,100.0,100.0,2000,2000
spectttra,sources,mom_udio,balanced_accuracy,,,,0,2000
spectttra,sources,mom_udio,coverage,1.0,1.0,1.0,2000,2000
spectttra,sources,mom_udio,macro_FPR,,,,0,2000
spectttra,sources,mom_udio,macro_TPR,0.67,0.57,0.76,2000,2000
spectttra,sources,mom_udio,precision,1.0,1.0,1.0,2000,2000
spectttra,sources,mom_udio,scored,100.0,100.0,100.0,2000,2000
spectttra,sources,mom_udio,specificity,,,,0,2000
spectttra,sources,mom_yue,AUROC,,,,0,2000
spectttra,sources,mom_yue,F1,,,,0,2000
spectttra,sources,mom_yue,FN,6.0,2.0,11.0,2000,2000
spectttra,sources,mom_yue,FP,0.0,0.0,0.0,2000,2000
spectttra,sources,mom_yue,FPR,,,,0,2000
spectttra,sources,mom_yue,TN,0.0,0.0,0.0,2000,2000
spectttra,sources,mom_yue,TP,94.0,88.975,99.0,2000,2000
spectttra,sources,mom_yue,TPR,0.94,0.8888888888888888,0.9801980198019802,2000,2000
spectttra,sources,mom_yue,all_attempt_correctness,0.94,0.8888888888888888,0.9801980198019802,2000,2000
spectttra,sources,mom_yue,attempted,100.0,99.0,102.0,2000,2000
spectttra,sources,mom_yue,balanced_accuracy,,,,0,2000
spectttra,sources,mom_yue,coverage,1.0,1.0,1.0,2000,2000
spectttra,sources,mom_yue,macro_FPR,,,,0,2000
spectttra,sources,mom_yue,macro_TPR,0.94,0.8888888888888888,0.9801980198019802,2000,2000
spectttra,sources,mom_yue,precision,1.0,1.0,1.0,2000,2000
spectttra,sources,mom_yue,scored,100.0,99.0,102.0,2000,2000
spectttra,sources,mom_yue,specificity,,,,0,2000
spectttra,sources,sonics_chirp-v2-xxl-alpha,AUROC,,,,0,2000
spectttra,sources,sonics_chirp-v2-xxl-alpha,F1,,,,0,2000
spectttra,sources,sonics_chirp-v2-xxl-alpha,FN,35.0,26.0,44.0,2000,2000
spectttra,sources,sonics_chirp-v2-xxl-alpha,FP,0.0,0.0,0.0,2000,2000
spectttra,sources,sonics_chirp-v2-xxl-alpha,FPR,,,,0,2000
spectttra,sources,sonics_chirp-v2-xxl-alpha,TN,0.0,0.0,0.0,2000,2000
spectttra,sources,sonics_chirp-v2-xxl-alpha,TP,45.0,36.0,54.0,2000,2000
spectttra,sources,sonics_chirp-v2-xxl-alpha,TPR,0.5625,0.45,0.675,2000,2000
spectttra,sources,sonics_chirp-v2-xxl-alpha,all_attempt_correctness,0.5625,0.45,0.675,2000,2000
spectttra,sources,sonics_chirp-v2-xxl-alpha,attempted,80.0,80.0,80.0,2000,2000
spectttra,sources,sonics_chirp-v2-xxl-alpha,balanced_accuracy,,,,0,2000
spectttra,sources,sonics_chirp-v2-xxl-alpha,coverage,1.0,1.0,1.0,2000,2000
spectttra,sources,sonics_chirp-v2-xxl-alpha,macro_FPR,,,,0,2000
spectttra,sources,sonics_chirp-v2-xxl-alpha,macro_TPR,0.5625,0.45,0.675,2000,2000
spectttra,sources,sonics_chirp-v2-xxl-alpha,precision,1.0,1.0,1.0,2000,2000
spectttra,sources,sonics_chirp-v2-xxl-alpha,scored,80.0,80.0,80.0,2000,2000
spectttra,sources,sonics_chirp-v2-xxl-alpha,specificity,,,,0,2000
spectttra,sources,sonics_chirp-v3,AUROC,,,,0,2000
spectttra,sources,sonics_chirp-v3,F1,,,,0,2000
spectttra,sources,sonics_chirp-v3,FN,2.0,0.0,5.0,2000,2000
spectttra,sources,sonics_chirp-v3,FP,0.0,0.0,0.0,2000,2000
spectttra,sources,sonics_chirp-v3,FPR,,,,0,2000
spectttra,sources,sonics_chirp-v3,TN,0.0,0.0,0.0,2000,2000
spectttra,sources,sonics_chirp-v3,TP,78.0,75.0,80.0,2000,2000
spectttra,sources,sonics_chirp-v3,TPR,0.975,0.9375,1.0,2000,2000
spectttra,sources,sonics_chirp-v3,all_attempt_correctness,0.975,0.9375,1.0,2000,2000
spectttra,sources,sonics_chirp-v3,attempted,80.0,80.0,80.0,2000,2000
spectttra,sources,sonics_chirp-v3,balanced_accuracy,,,,0,2000
spectttra,sources,sonics_chirp-v3,coverage,1.0,1.0,1.0,2000,2000
spectttra,sources,sonics_chirp-v3,macro_FPR,,,,0,2000
spectttra,sources,sonics_chirp-v3,macro_TPR,0.975,0.9375,1.0,2000,2000
spectttra,sources,sonics_chirp-v3,precision,1.0,1.0,1.0,2000,2000
spectttra,sources,sonics_chirp-v3,scored,80.0,80.0,80.0,2000,2000
spectttra,sources,sonics_chirp-v3,specificity,,,,0,2000
spectttra,sources,sonics_chirp-v3.5,AUROC,,,,0,2000
spectttra,sources,sonics_chirp-v3.5,F1,,,,0,2000
spectttra,sources,sonics_chirp-v3.5,FN,1.0,0.0,3.0,2000,2000
spectttra,sources,sonics_chirp-v3.5,FP,0.0,0.0,0.0,2000,2000
spectttra,sources,sonics_chirp-v3.5,FPR,,,,0,2000
spectttra,sources,sonics_chirp-v3.5,TN,0.0,0.0,0.0,2000,2000
spectttra,sources,sonics_chirp-v3.5,TP,79.0,77.0,80.0,2000,2000
spectttra,sources,sonics_chirp-v3.5,TPR,0.9875,0.9625,1.0,2000,2000
spectttra,sources,sonics_chirp-v3.5,all_attempt_correctness,0.9875,0.9625,1.0,2000,2000
spectttra,sources,sonics_chirp-v3.5,attempted,80.0,80.0,80.0,2000,2000
spectttra,sources,sonics_chirp-v3.5,balanced_accuracy,,,,0,2000
spectttra,sources,sonics_chirp-v3.5,coverage,1.0,1.0,1.0,2000,2000
spectttra,sources,sonics_chirp-v3.5,macro_FPR,,,,0,2000
spectttra,sources,sonics_chirp-v3.5,macro_TPR,0.9875,0.9625,1.0,2000,2000
spectttra,sources,sonics_chirp-v3.5,precision,1.0,1.0,1.0,2000,2000
spectttra,sources,sonics_chirp-v3.5,scored,80.0,80.0,80.0,2000,2000
spectttra,sources,sonics_chirp-v3.5,specificity,,,,0,2000
spectttra,sources,sonics_real,AUROC,,,,0,2000
spectttra,sources,sonics_real,F1,,,,0,2000
spectttra,sources,sonics_real,FN,0.0,0.0,0.0,2000,2000
spectttra,sources,sonics_real,FP,42.0,30.0,54.0,2000,2000
spectttra,sources,sonics_real,FPR,0.1423728813559322,0.1016949152542373,0.18305084745762712,2000,2000
spectttra,sources,sonics_real,TN,253.0,241.0,265.0,2000,2000
spectttra,sources,sonics_real,TP,0.0,0.0,0.0,2000,2000
spectttra,sources,sonics_real,TPR,,,,0,2000
spectttra,sources,sonics_real,all_attempt_correctness,0.8576271186440678,0.8169491525423729,0.8983050847457628,2000,2000
spectttra,sources,sonics_real,attempted,295.0,295.0,295.0,2000,2000
spectttra,sources,sonics_real,balanced_accuracy,,,,0,2000
spectttra,sources,sonics_real,coverage,1.0,1.0,1.0,2000,2000
spectttra,sources,sonics_real,macro_FPR,0.1423728813559322,0.1016949152542373,0.18305084745762712,2000,2000
spectttra,sources,sonics_real,macro_TPR,,,,0,2000
spectttra,sources,sonics_real,precision,0.0,0.0,0.0,2000,2000
spectttra,sources,sonics_real,scored,295.0,295.0,295.0,2000,2000
spectttra,sources,sonics_real,specificity,0.8576271186440678,0.8169491525423729,0.8983050847457628,2000,2000
spectttra,sources,sonics_udio-120s,AUROC,,,,0,2000
spectttra,sources,sonics_udio-120s,F1,,,,0,2000
spectttra,sources,sonics_udio-120s,FN,0.0,0.0,0.0,2000,2000
spectttra,sources,sonics_udio-120s,FP,0.0,0.0,0.0,2000,2000
spectttra,sources,sonics_udio-120s,FPR,,,,0,2000
spectttra,sources,sonics_udio-120s,TN,0.0,0.0,0.0,2000,2000
spectttra,sources,sonics_udio-120s,TP,80.0,80.0,80.0,2000,2000
spectttra,sources,sonics_udio-120s,TPR,1.0,1.0,1.0,2000,2000
spectttra,sources,sonics_udio-120s,all_attempt_correctness,1.0,1.0,1.0,2000,2000
spectttra,sources,sonics_udio-120s,attempted,80.0,80.0,80.0,2000,2000
spectttra,sources,sonics_udio-120s,balanced_accuracy,,,,0,2000
spectttra,sources,sonics_udio-120s,coverage,1.0,1.0,1.0,2000,2000
spectttra,sources,sonics_udio-120s,macro_FPR,,,,0,2000
spectttra,sources,sonics_udio-120s,macro_TPR,1.0,1.0,1.0,2000,2000
spectttra,sources,sonics_udio-120s,precision,1.0,1.0,1.0,2000,2000
spectttra,sources,sonics_udio-120s,scored,80.0,80.0,80.0,2000,2000
spectttra,sources,sonics_udio-120s,specificity,,,,0,2000
spectttra,sources,sonics_udio-30s,AUROC,,,,0,2000
spectttra,sources,sonics_udio-30s,F1,,,,0,2000
spectttra,sources,sonics_udio-30s,FN,2.0,0.0,5.0,2000,2000
spectttra,sources,sonics_udio-30s,FP,0.0,0.0,0.0,2000,2000
spectttra,sources,sonics_udio-30s,FPR,,,,0,2000
spectttra,sources,sonics_udio-30s,TN,0.0,0.0,0.0,2000,2000
spectttra,sources,sonics_udio-30s,TP,78.0,75.0,80.0,2000,2000
spectttra,sources,sonics_udio-30s,TPR,0.975,0.9375,1.0,2000,2000
spectttra,sources,sonics_udio-30s,all_attempt_correctness,0.975,0.9375,1.0,2000,2000
spectttra,sources,sonics_udio-30s,attempted,80.0,80.0,80.0,2000,2000
spectttra,sources,sonics_udio-30s,balanced_accuracy,,,,0,2000
spectttra,sources,sonics_udio-30s,coverage,1.0,1.0,1.0,2000,2000
spectttra,sources,sonics_udio-30s,macro_FPR,,,,0,2000
spectttra,sources,sonics_udio-30s,macro_TPR,0.975,0.9375,1.0,2000,2000
spectttra,sources,sonics_udio-30s,precision,1.0,1.0,1.0,2000,2000
spectttra,sources,sonics_udio-30s,scored,80.0,80.0,80.0,2000,2000
spectttra,sources,sonics_udio-30s,specificity,,,,0,2000
spectttra,sources,suno_cdn_latest,AUROC,,,,0,2000
spectttra,sources,suno_cdn_latest,F1,,,,0,2000
spectttra,sources,suno_cdn_latest,FN,31.0,24.0,38.0,2000,2000
spectttra,sources,suno_cdn_latest,FP,0.0,0.0,0.0,2000,2000
spectttra,sources,suno_cdn_latest,FPR,,,,0,2000
spectttra,sources,suno_cdn_latest,TN,0.0,0.0,0.0,2000,2000
spectttra,sources,suno_cdn_latest,TP,25.0,18.0,32.0,2000,2000
spectttra,sources,suno_cdn_latest,TPR,0.44642857142857145,0.32142857142857145,0.5714285714285714,2000,2000
spectttra,sources,suno_cdn_latest,all_attempt_correctness,0.44642857142857145,0.32142857142857145,0.5714285714285714,2000,2000
spectttra,sources,suno_cdn_latest,attempted,56.0,56.0,56.0,2000,2000
spectttra,sources,suno_cdn_latest,balanced_accuracy,,,,0,2000
spectttra,sources,suno_cdn_latest,coverage,1.0,1.0,1.0,2000,2000
spectttra,sources,suno_cdn_latest,macro_FPR,,,,0,2000
spectttra,sources,suno_cdn_latest,macro_TPR,0.44642857142857145,0.32142857142857145,0.5714285714285714,2000,2000
spectttra,sources,suno_cdn_latest,precision,1.0,1.0,1.0,2000,2000
spectttra,sources,suno_cdn_latest,scored,56.0,56.0,56.0,2000,2000
spectttra,sources,suno_cdn_latest,specificity,,,,0,2000
spectttra,sources,suno_extra,AUROC,,,,0,2000
spectttra,sources,suno_extra,F1,,,,0,2000
spectttra,sources,suno_extra,FN,49.0,40.0,57.0,2000,2000
spectttra,sources,suno_extra,FP,0.0,0.0,0.0,2000,2000
spectttra,sources,suno_extra,FPR,,,,0,2000
spectttra,sources,suno_extra,TN,0.0,0.0,0.0,2000,2000
spectttra,sources,suno_extra,TP,31.0,23.0,40.0,2000,2000
spectttra,sources,suno_extra,TPR,0.3875,0.2875,0.5,2000,2000
spectttra,sources,suno_extra,all_attempt_correctness,0.3875,0.2875,0.5,2000,2000
spectttra,sources,suno_extra,attempted,80.0,80.0,80.0,2000,2000
spectttra,sources,suno_extra,balanced_accuracy,,,,0,2000
spectttra,sources,suno_extra,coverage,1.0,1.0,1.0,2000,2000
spectttra,sources,suno_extra,macro_FPR,,,,0,2000
spectttra,sources,suno_extra,macro_TPR,0.3875,0.2875,0.5,2000,2000
spectttra,sources,suno_extra,precision,1.0,1.0,1.0,2000,2000
spectttra,sources,suno_extra,scored,80.0,80.0,80.0,2000,2000
spectttra,sources,suno_extra,specificity,,,,0,2000
spectttra,sources,suno_v5.5_native_260905,AUROC,,,,0,2000
spectttra,sources,suno_v5.5_native_260905,F1,,,,0,2000
spectttra,sources,suno_v5.5_native_260905,FN,31.0,21.0,42.0,2000,2000
spectttra,sources,suno_v5.5_native_260905,FP,0.0,0.0,0.0,2000,2000
spectttra,sources,suno_v5.5_native_260905,FPR,,,,0,2000
spectttra,sources,suno_v5.5_native_260905,TN,0.0,0.0,0.0,2000,2000
spectttra,sources,suno_v5.5_native_260905,TP,169.0,155.0,182.0,2000,2000
spectttra,sources,suno_v5.5_native_260905,TPR,0.845,0.7939698492462312,0.8939527181361351,2000,2000
spectttra,sources,suno_v5.5_native_260905,all_attempt_correctness,0.845,0.7939698492462312,0.8939527181361351,2000,2000
spectttra,sources,suno_v5.5_native_260905,attempted,200.0,190.0,210.02499999999986,2000,2000
spectttra,sources,suno_v5.5_native_260905,balanced_accuracy,,,,0,2000
spectttra,sources,suno_v5.5_native_260905,coverage,1.0,1.0,1.0,2000,2000
spectttra,sources,suno_v5.5_native_260905,macro_FPR,,,,0,2000
spectttra,sources,suno_v5.5_native_260905,macro_TPR,0.845,0.7939698492462312,0.8939527181361351,2000,2000
spectttra,sources,suno_v5.5_native_260905,precision,1.0,1.0,1.0,2000,2000
spectttra,sources,suno_v5.5_native_260905,scored,200.0,190.0,210.02499999999986,2000,2000
spectttra,sources,suno_v5.5_native_260905,specificity,,,,0,2000
spectttra,sources,udio_2026_version_unknown_native_260905,AUROC,,,,0,2000
spectttra,sources,udio_2026_version_unknown_native_260905,F1,,,,0,2000
spectttra,sources,udio_2026_version_unknown_native_260905,FN,92.0,78.0,106.0,2000,2000
spectttra,sources,udio_2026_version_unknown_native_260905,FP,0.0,0.0,0.0,2000,2000
spectttra,sources,udio_2026_version_unknown_native_260905,FPR,,,,0,2000
spectttra,sources,udio_2026_version_unknown_native_260905,TN,0.0,0.0,0.0,2000,2000
spectttra,sources,udio_2026_version_unknown_native_260905,TP,108.0,93.0,123.0,2000,2000
spectttra,sources,udio_2026_version_unknown_native_260905,TPR,0.54,0.4742268041237113,0.6087010331467929,2000,2000
spectttra,sources,udio_2026_version_unknown_native_260905,all_attempt_correctness,0.54,0.4742268041237113,0.6087010331467929,2000,2000
spectttra,sources,udio_2026_version_unknown_native_260905,attempted,200.0,190.975,210.0,2000,2000
spectttra,sources,udio_2026_version_unknown_native_260905,balanced_accuracy,,,,0,2000
spectttra,sources,udio_2026_version_unknown_native_260905,coverage,1.0,1.0,1.0,2000,2000
spectttra,sources,udio_2026_version_unknown_native_260905,macro_FPR,,,,0,2000
spectttra,sources,udio_2026_version_unknown_native_260905,macro_TPR,0.54,0.4742268041237113,0.6087010331467929,2000,2000
spectttra,sources,udio_2026_version_unknown_native_260905,precision,1.0,1.0,1.0,2000,2000
spectttra,sources,udio_2026_version_unknown_native_260905,scored,200.0,190.975,210.0,2000,2000
spectttra,sources,udio_2026_version_unknown_native_260905,specificity,,,,0,2000
spectttra,sources,udio_cdn_latest,AUROC,,,,0,2000
spectttra,sources,udio_cdn_latest,F1,,,,0,2000
spectttra,sources,udio_cdn_latest,FN,11.0,7.0,15.0,2000,2000
spectttra,sources,udio_cdn_latest,FP,0.0,0.0,0.0,2000,2000
spectttra,sources,udio_cdn_latest,FPR,,,,0,2000
spectttra,sources,udio_cdn_latest,TN,0.0,0.0,0.0,2000,2000
spectttra,sources,udio_cdn_latest,TP,7.0,3.0,11.0,2000,2000
spectttra,sources,udio_cdn_latest,TPR,0.3888888888888889,0.16666666666666666,0.6111111111111112,2000,2000
spectttra,sources,udio_cdn_latest,all_attempt_correctness,0.3888888888888889,0.16666666666666666,0.6111111111111112,2000,2000
spectttra,sources,udio_cdn_latest,attempted,18.0,18.0,18.0,2000,2000
spectttra,sources,udio_cdn_latest,balanced_accuracy,,,,0,2000
spectttra,sources,udio_cdn_latest,coverage,1.0,1.0,1.0,2000,2000
spectttra,sources,udio_cdn_latest,macro_FPR,,,,0,2000
spectttra,sources,udio_cdn_latest,macro_TPR,0.3888888888888889,0.16666666666666666,0.6111111111111112,2000,2000
spectttra,sources,udio_cdn_latest,precision,1.0,1.0,1.0,2000,2000
spectttra,sources,udio_cdn_latest,scored,18.0,18.0,18.0,2000,2000
spectttra,sources,udio_cdn_latest,specificity,,,,0,2000
spectttra,sources,udio_extra,AUROC,,,,0,2000
spectttra,sources,udio_extra,F1,,,,0,2000
spectttra,sources,udio_extra,FN,43.0,34.0,52.0,2000,2000
spectttra,sources,udio_extra,FP,0.0,0.0,0.0,2000,2000
spectttra,sources,udio_extra,FPR,,,,0,2000
spectttra,sources,udio_extra,TN,0.0,0.0,0.0,2000,2000
spectttra,sources,udio_extra,TP,37.0,28.0,46.0,2000,2000
spectttra,sources,udio_extra,TPR,0.4625,0.35,0.575,2000,2000
spectttra,sources,udio_extra,all_attempt_correctness,0.4625,0.35,0.575,2000,2000
spectttra,sources,udio_extra,attempted,80.0,80.0,80.0,2000,2000
spectttra,sources,udio_extra,balanced_accuracy,,,,0,2000
spectttra,sources,udio_extra,coverage,1.0,1.0,1.0,2000,2000
spectttra,sources,udio_extra,macro_FPR,,,,0,2000
spectttra,sources,udio_extra,macro_TPR,0.4625,0.35,0.575,2000,2000
spectttra,sources,udio_extra,precision,1.0,1.0,1.0,2000,2000
spectttra,sources,udio_extra,scored,80.0,80.0,80.0,2000,2000
spectttra,sources,udio_extra,specificity,,,,0,2000
spectttra,sources,youtube_hardneg,AUROC,,,,0,2000
spectttra,sources,youtube_hardneg,F1,,,,0,2000
spectttra,sources,youtube_hardneg,FN,0.0,0.0,0.0,2000,2000
spectttra,sources,youtube_hardneg,FP,30.0,22.0,38.0,2000,2000
spectttra,sources,youtube_hardneg,FPR,0.410958904109589,0.3013698630136986,0.5205479452054794,2000,2000
spectttra,sources,youtube_hardneg,TN,43.0,35.0,51.0,2000,2000
spectttra,sources,youtube_hardneg,TP,0.0,0.0,0.0,2000,2000
spectttra,sources,youtube_hardneg,TPR,,,,0,2000
spectttra,sources,youtube_hardneg,all_attempt_correctness,0.589041095890411,0.4794520547945205,0.6986301369863014,2000,2000
spectttra,sources,youtube_hardneg,attempted,73.0,73.0,73.0,2000,2000
spectttra,sources,youtube_hardneg,balanced_accuracy,,,,0,2000
spectttra,sources,youtube_hardneg,coverage,1.0,1.0,1.0,2000,2000
spectttra,sources,youtube_hardneg,macro_FPR,0.410958904109589,0.3013698630136986,0.5205479452054794,2000,2000
spectttra,sources,youtube_hardneg,macro_TPR,,,,0,2000
spectttra,sources,youtube_hardneg,precision,0.0,0.0,0.0,2000,2000
spectttra,sources,youtube_hardneg,scored,73.0,73.0,73.0,2000,2000
spectttra,sources,youtube_hardneg,specificity,0.589041095890411,0.4794520547945206,0.6986301369863014,2000,2000
spectttra_beta5s,cohorts,contemporary_native,AUROC,,,,0,2000
spectttra_beta5s,cohorts,contemporary_native,F1,,,,0,2000
spectttra_beta5s,cohorts,contemporary_native,FN,280.0,261.0,300.0,2000,2000
spectttra_beta5s,cohorts,contemporary_native,FP,0.0,0.0,0.0,2000,2000
spectttra_beta5s,cohorts,contemporary_native,FPR,,,,0,2000
spectttra_beta5s,cohorts,contemporary_native,TN,0.0,0.0,0.0,2000,2000
spectttra_beta5s,cohorts,contemporary_native,TP,120.0,103.0,138.0,2000,2000
spectttra_beta5s,cohorts,contemporary_native,TPR,0.3,0.2569956928874959,0.3440634484302701,2000,2000
spectttra_beta5s,cohorts,contemporary_native,all_attempt_correctness,0.3,0.2569956928874959,0.3440634484302701,2000,2000
spectttra_beta5s,cohorts,contemporary_native,attempted,400.0,387.0,414.0,2000,2000
spectttra_beta5s,cohorts,contemporary_native,balanced_accuracy,,,,0,2000
spectttra_beta5s,cohorts,contemporary_native,coverage,1.0,1.0,1.0,2000,2000
spectttra_beta5s,cohorts,contemporary_native,macro_FPR,,,,0,2000
spectttra_beta5s,cohorts,contemporary_native,macro_TPR,0.3,0.2566710895854185,0.3445081555991922,2000,2000
spectttra_beta5s,cohorts,contemporary_native,precision,1.0,1.0,1.0,2000,2000
spectttra_beta5s,cohorts,contemporary_native,scored,400.0,387.0,414.0,2000,2000
spectttra_beta5s,cohorts,contemporary_native,specificity,,,,0,2000
spectttra_beta5s,cohorts,legacy,AUROC,0.717807237224158,0.6991925739714929,0.7357372633230853,2000,2000
spectttra_beta5s,cohorts,legacy,F1,0.556390977443609,0.5389262462261466,0.5757438287138003,2000,2000
spectttra_beta5s,cohorts,legacy,FN,789.0,763.0,813.0,2000,2000
spectttra_beta5s,cohorts,legacy,FP,96.0,79.0,114.0,2000,2000
spectttra_beta5s,cohorts,legacy,FPR,0.11707317073170732,0.09622411693057248,0.1391941391941392,2000,2000
spectttra_beta5s,cohorts,legacy,TN,724.0,706.0,742.0,2000,2000
spectttra_beta5s,cohorts,legacy,TP,555.0,531.0,581.0,2000,2000
spectttra_beta5s,cohorts,legacy,TPR,0.41294642857142855,0.3950892857142857,0.4322916666666667,2000,2000
spectttra_beta5s,cohorts,legacy,all_attempt_correctness,0.5910351201478743,0.5775104118463674,0.6052634623346891,2000,2000
spectttra_beta5s,cohorts,legacy,attempted,2164.0,2161.0,2168.0,2000,2000
spectttra_beta5s,cohorts,legacy,balanced_accuracy,0.6479366289198606,0.6337180363886614,0.6619453456672694,2000,2000
spectttra_beta5s,cohorts,legacy,coverage,1.0,1.0,1.0,2000,2000
spectttra_beta5s,cohorts,legacy,macro_FPR,0.11999332167234007,0.0922259594607002,0.15051696629642744,2000,2000
spectttra_beta5s,cohorts,legacy,macro_TPR,0.36375901875901867,0.345727157943067,0.38248258559622195,2000,2000
spectttra_beta5s,cohorts,legacy,precision,0.8525345622119815,0.8285174121228205,0.8759692964842466,2000,2000
spectttra_beta5s,cohorts,legacy,scored,2164.0,2161.0,2168.0,2000,2000
spectttra_beta5s,cohorts,legacy,specificity,0.8829268292682927,0.8608058608058609,0.9037758830694276,2000,2000
spectttra_beta5s,cohorts,non_demo,AUROC,0.7108231707317073,0.6913593507692568,0.7288544576645507,2000,2000
spectttra_beta5s,cohorts,non_demo,F1,0.536779324055666,0.5192923967449323,0.5549538970590522,2000,2000
spectttra_beta5s,cohorts,non_demo,FN,1069.0,1036.0,1100.0,2000,2000
spectttra_beta5s,cohorts,non_demo,FP,96.0,77.0,113.0,2000,2000
spectttra_beta5s,cohorts,non_demo,FPR,0.11707317073170732,0.0941320293398533,0.13797313797313798,2000,2000
spectttra_beta5s,cohorts,non_demo,TN,724.0,707.0,742.0,2000,2000
spectttra_beta5s,cohorts,non_demo,TP,675.0,646.0,706.0249999999999,2000,2000
spectttra_beta5s,cohorts,non_demo,TPR,0.38704128440366975,0.3702851730359193,0.4051892911520614,2000,2000
spectttra_beta5s,cohorts,non_demo,all_attempt_correctness,0.5456318252730109,0.5322938392706092,0.5599537628273681,2000,2000
spectttra_beta5s,cohorts,non_demo,attempted,2564.0,2549.0,2579.0,2000,2000
spectttra_beta5s,cohorts,non_demo,balanced_accuracy,0.6349840568359811,0.621377550156995,0.6491283480346656,2000,2000
spectttra_beta5s,cohorts,non_demo,coverage,1.0,1.0,1.0,2000,2000
spectttra_beta5s,cohorts,non_demo,macro_FPR,0.11999332167234007,0.09073004534099552,0.1477305175236908,2000,2000
spectttra_beta5s,cohorts,non_demo,macro_TPR,0.3584457671957672,0.34203587740357694,0.375958919264614,2000,2000
spectttra_beta5s,cohorts,non_demo,precision,0.8754863813229572,0.8554619817450495,0.8968792401628223,2000,2000
spectttra_beta5s,cohorts,non_demo,scored,2564.0,2549.0,2579.0,2000,2000
spectttra_beta5s,cohorts,non_demo,specificity,0.8829268292682927,0.8620268620268621,0.9058679706601467,2000,2000
spectttra_beta5s,cohorts,non_demo_recording_representative,AUROC,0.7107599100558714,0.6903150020463203,0.729125324090046,2000,2000
spectttra_beta5s,cohorts,non_demo_recording_representative,F1,0.5369928400954654,0.5194588284738234,0.5554692154690182,2000,2000
spectttra_beta5s,cohorts,non_demo_recording_representative,FN,1068.0,1036.0,1099.0,2000,2000
spectttra_beta5s,cohorts,non_demo_recording_representative,FP,96.0,79.0,114.0,2000,2000
spectttra_beta5s,cohorts,non_demo_recording_representative,FPR,0.11735941320293398,0.09657701711491443,0.1393643031784841,2000,2000
spectttra_beta5s,cohorts,non_demo_recording_representative,TN,722.0,704.0,739.0,2000,2000
spectttra_beta5s,cohorts,non_demo_recording_representative,TP,675.0,646.0,706.0249999999999,2000,2000
spectttra_beta5s,cohorts,non_demo_recording_representative,TPR,0.387263339070568,0.3707720325480451,0.4052984384859446,2000,2000
spectttra_beta5s,cohorts,non_demo_recording_representative,all_attempt_correctness,0.5454900429519719,0.5320801239730047,0.5596892281987571,2000,2000
spectttra_beta5s,cohorts,non_demo_recording_representative,attempted,2561.0,2547.0,2576.0,2000,2000
spectttra_beta5s,cohorts,non_demo_recording_representative,balanced_accuracy,0.634951962933817,0.6210152496607801,0.6484787050199962,2000,2000
spectttra_beta5s,cohorts,non_demo_recording_representative,coverage,1.0,1.0,1.0,2000,2000
spectttra_beta5s,cohorts,non_demo_recording_representative,macro_FPR,0.12019785650169958,0.09367007977091031,0.14970046534942907,2000,2000
spectttra_beta5s,cohorts,non_demo_recording_representative,macro_TPR,0.3588329725829726,0.34240170462284325,0.37621591633571777,2000,2000
spectttra_beta5s,cohorts,non_demo_recording_representative,precision,0.8754863813229572,0.8544721695007815,0.895504113307638,2000,2000
spectttra_beta5s,cohorts,non_demo_recording_representative,scored,2561.0,2547.0,2576.0,2000,2000
spectttra_beta5s,cohorts,non_demo_recording_representative,specificity,0.882640586797066,0.8606356968215159,0.9034229828850856,2000,2000
spectttra_beta5s,sources,aime_musicgen_large,AUROC,,,,0,2000
spectttra_beta5s,sources,aime_musicgen_large,F1,,,,0,2000
spectttra_beta5s,sources,aime_musicgen_large,FN,30.0,30.0,30.0,2000,2000
spectttra_beta5s,sources,aime_musicgen_large,FP,0.0,0.0,0.0,2000,2000
spectttra_beta5s,sources,aime_musicgen_large,FPR,,,,0,2000
spectttra_beta5s,sources,aime_musicgen_large,TN,0.0,0.0,0.0,2000,2000
spectttra_beta5s,sources,aime_musicgen_large,TP,0.0,0.0,0.0,2000,2000
spectttra_beta5s,sources,aime_musicgen_large,TPR,0.0,0.0,0.0,2000,2000
spectttra_beta5s,sources,aime_musicgen_large,all_attempt_correctness,0.0,0.0,0.0,2000,2000
spectttra_beta5s,sources,aime_musicgen_large,attempted,30.0,30.0,30.0,2000,2000
spectttra_beta5s,sources,aime_musicgen_large,balanced_accuracy,,,,0,2000
spectttra_beta5s,sources,aime_musicgen_large,coverage,1.0,1.0,1.0,2000,2000
spectttra_beta5s,sources,aime_musicgen_large,macro_FPR,,,,0,2000
spectttra_beta5s,sources,aime_musicgen_large,macro_TPR,0.0,0.0,0.0,2000,2000
spectttra_beta5s,sources,aime_musicgen_large,precision,,,,0,2000
spectttra_beta5s,sources,aime_musicgen_large,scored,30.0,30.0,30.0,2000,2000
spectttra_beta5s,sources,aime_musicgen_large,specificity,,,,0,2000
spectttra_beta5s,sources,aime_musicgen_medium,AUROC,,,,0,2000
spectttra_beta5s,sources,aime_musicgen_medium,F1,,,,0,2000
spectttra_beta5s,sources,aime_musicgen_medium,FN,29.0,27.0,30.0,2000,2000
spectttra_beta5s,sources,aime_musicgen_medium,FP,0.0,0.0,0.0,2000,2000
spectttra_beta5s,sources,aime_musicgen_medium,FPR,,,,0,2000
spectttra_beta5s,sources,aime_musicgen_medium,TN,0.0,0.0,0.0,2000,2000
spectttra_beta5s,sources,aime_musicgen_medium,TP,1.0,0.0,3.0,2000,2000
spectttra_beta5s,sources,aime_musicgen_medium,TPR,0.03333333333333333,0.0,0.1,2000,2000
spectttra_beta5s,sources,aime_musicgen_medium,all_attempt_correctness,0.03333333333333333,0.0,0.1,2000,2000
spectttra_beta5s,sources,aime_musicgen_medium,attempted,30.0,30.0,30.0,2000,2000
spectttra_beta5s,sources,aime_musicgen_medium,balanced_accuracy,,,,0,2000
spectttra_beta5s,sources,aime_musicgen_medium,coverage,1.0,1.0,1.0,2000,2000
spectttra_beta5s,sources,aime_musicgen_medium,macro_FPR,,,,0,2000
spectttra_beta5s,sources,aime_musicgen_medium,macro_TPR,0.03333333333333333,0.0,0.1,2000,2000
spectttra_beta5s,sources,aime_musicgen_medium,precision,1.0,1.0,1.0,1288,2000
spectttra_beta5s,sources,aime_musicgen_medium,scored,30.0,30.0,30.0,2000,2000
spectttra_beta5s,sources,aime_musicgen_medium,specificity,,,,0,2000
spectttra_beta5s,sources,aime_musicgen_small,AUROC,,,,0,2000
spectttra_beta5s,sources,aime_musicgen_small,F1,,,,0,2000
spectttra_beta5s,sources,aime_musicgen_small,FN,28.0,25.0,30.0,2000,2000
spectttra_beta5s,sources,aime_musicgen_small,FP,0.0,0.0,0.0,2000,2000
spectttra_beta5s,sources,aime_musicgen_small,FPR,,,,0,2000
spectttra_beta5s,sources,aime_musicgen_small,TN,0.0,0.0,0.0,2000,2000
spectttra_beta5s,sources,aime_musicgen_small,TP,2.0,0.0,5.0,2000,2000
spectttra_beta5s,sources,aime_musicgen_small,TPR,0.06666666666666667,0.0,0.16666666666666666,2000,2000
spectttra_beta5s,sources,aime_musicgen_small,all_attempt_correctness,0.06666666666666667,0.0,0.16666666666666666,2000,2000
spectttra_beta5s,sources,aime_musicgen_small,attempted,30.0,30.0,30.0,2000,2000
spectttra_beta5s,sources,aime_musicgen_small,balanced_accuracy,,,,0,2000
spectttra_beta5s,sources,aime_musicgen_small,coverage,1.0,1.0,1.0,2000,2000
spectttra_beta5s,sources,aime_musicgen_small,macro_FPR,,,,0,2000
spectttra_beta5s,sources,aime_musicgen_small,macro_TPR,0.06666666666666667,0.0,0.16666666666666666,2000,2000
spectttra_beta5s,sources,aime_musicgen_small,precision,1.0,1.0,1.0,1756,2000
spectttra_beta5s,sources,aime_musicgen_small,scored,30.0,30.0,30.0,2000,2000
spectttra_beta5s,sources,aime_musicgen_small,specificity,,,,0,2000
spectttra_beta5s,sources,aime_riffusion,AUROC,,,,0,2000
spectttra_beta5s,sources,aime_riffusion,F1,,,,0,2000
spectttra_beta5s,sources,aime_riffusion,FN,30.0,30.0,30.0,2000,2000
spectttra_beta5s,sources,aime_riffusion,FP,0.0,0.0,0.0,2000,2000
spectttra_beta5s,sources,aime_riffusion,FPR,,,,0,2000
spectttra_beta5s,sources,aime_riffusion,TN,0.0,0.0,0.0,2000,2000
spectttra_beta5s,sources,aime_riffusion,TP,0.0,0.0,0.0,2000,2000
spectttra_beta5s,sources,aime_riffusion,TPR,0.0,0.0,0.0,2000,2000
spectttra_beta5s,sources,aime_riffusion,all_attempt_correctness,0.0,0.0,0.0,2000,2000
spectttra_beta5s,sources,aime_riffusion,attempted,30.0,30.0,30.0,2000,2000
spectttra_beta5s,sources,aime_riffusion,balanced_accuracy,,,,0,2000
spectttra_beta5s,sources,aime_riffusion,coverage,1.0,1.0,1.0,2000,2000
spectttra_beta5s,sources,aime_riffusion,macro_FPR,,,,0,2000
spectttra_beta5s,sources,aime_riffusion,macro_TPR,0.0,0.0,0.0,2000,2000
spectttra_beta5s,sources,aime_riffusion,precision,,,,0,2000
spectttra_beta5s,sources,aime_riffusion,scored,30.0,30.0,30.0,2000,2000
spectttra_beta5s,sources,aime_riffusion,specificity,,,,0,2000
spectttra_beta5s,sources,aime_stable_audio_v1,AUROC,,,,0,2000
spectttra_beta5s,sources,aime_stable_audio_v1,F1,,,,0,2000
spectttra_beta5s,sources,aime_stable_audio_v1,FN,45.0,41.0,49.0,2000,2000
spectttra_beta5s,sources,aime_stable_audio_v1,FP,0.0,0.0,0.0,2000,2000
spectttra_beta5s,sources,aime_stable_audio_v1,FPR,,,,0,2000
spectttra_beta5s,sources,aime_stable_audio_v1,TN,0.0,0.0,0.0,2000,2000
spectttra_beta5s,sources,aime_stable_audio_v1,TP,5.0,1.0,9.0,2000,2000
spectttra_beta5s,sources,aime_stable_audio_v1,TPR,0.1,0.02,0.18,2000,2000
spectttra_beta5s,sources,aime_stable_audio_v1,all_attempt_correctness,0.1,0.02,0.18,2000,2000
spectttra_beta5s,sources,aime_stable_audio_v1,attempted,50.0,50.0,50.0,2000,2000
spectttra_beta5s,sources,aime_stable_audio_v1,balanced_accuracy,,,,0,2000
spectttra_beta5s,sources,aime_stable_audio_v1,coverage,1.0,1.0,1.0,2000,2000
spectttra_beta5s,sources,aime_stable_audio_v1,macro_FPR,,,,0,2000
spectttra_beta5s,sources,aime_stable_audio_v1,macro_TPR,0.1,0.02,0.18,2000,2000
spectttra_beta5s,sources,aime_stable_audio_v1,precision,1.0,1.0,1.0,1990,2000
spectttra_beta5s,sources,aime_stable_audio_v1,scored,50.0,50.0,50.0,2000,2000
spectttra_beta5s,sources,aime_stable_audio_v1,specificity,,,,0,2000
spectttra_beta5s,sources,aime_stable_audio_v2,AUROC,,,,0,2000
spectttra_beta5s,sources,aime_stable_audio_v2,F1,,,,0,2000
spectttra_beta5s,sources,aime_stable_audio_v2,FN,46.0,42.0,49.0,2000,2000
spectttra_beta5s,sources,aime_stable_audio_v2,FP,0.0,0.0,0.0,2000,2000
spectttra_beta5s,sources,aime_stable_audio_v2,FPR,,,,0,2000
spectttra_beta5s,sources,aime_stable_audio_v2,TN,0.0,0.0,0.0,2000,2000
spectttra_beta5s,sources,aime_stable_audio_v2,TP,4.0,1.0,8.0,2000,2000
spectttra_beta5s,sources,aime_stable_audio_v2,TPR,0.08,0.02,0.16,2000,2000
spectttra_beta5s,sources,aime_stable_audio_v2,all_attempt_correctness,0.08,0.02,0.16,2000,2000
spectttra_beta5s,sources,aime_stable_audio_v2,attempted,50.0,50.0,50.0,2000,2000
spectttra_beta5s,sources,aime_stable_audio_v2,balanced_accuracy,,,,0,2000
spectttra_beta5s,sources,aime_stable_audio_v2,coverage,1.0,1.0,1.0,2000,2000
spectttra_beta5s,sources,aime_stable_audio_v2,macro_FPR,,,,0,2000
spectttra_beta5s,sources,aime_stable_audio_v2,macro_TPR,0.08,0.02,0.16,2000,2000
spectttra_beta5s,sources,aime_stable_audio_v2,precision,1.0,1.0,1.0,1972,2000
spectttra_beta5s,sources,aime_stable_audio_v2,scored,50.0,50.0,50.0,2000,2000
spectttra_beta5s,sources,aime_stable_audio_v2,specificity,,,,0,2000
spectttra_beta5s,sources,aime_suno_v3,AUROC,,,,0,2000
spectttra_beta5s,sources,aime_suno_v3,F1,,,,0,2000
spectttra_beta5s,sources,aime_suno_v3,FN,8.0,3.0,13.0,2000,2000
spectttra_beta5s,sources,aime_suno_v3,FP,0.0,0.0,0.0,2000,2000
spectttra_beta5s,sources,aime_suno_v3,FPR,,,,0,2000
spectttra_beta5s,sources,aime_suno_v3,TN,0.0,0.0,0.0,2000,2000
spectttra_beta5s,sources,aime_suno_v3,TP,22.0,17.0,27.0,2000,2000
spectttra_beta5s,sources,aime_suno_v3,TPR,0.7333333333333333,0.5666666666666667,0.9,2000,2000
spectttra_beta5s,sources,aime_suno_v3,all_attempt_correctness,0.7333333333333333,0.5666666666666667,0.9,2000,2000
spectttra_beta5s,sources,aime_suno_v3,attempted,30.0,30.0,30.0,2000,2000
spectttra_beta5s,sources,aime_suno_v3,balanced_accuracy,,,,0,2000
spectttra_beta5s,sources,aime_suno_v3,coverage,1.0,1.0,1.0,2000,2000
spectttra_beta5s,sources,aime_suno_v3,macro_FPR,,,,0,2000
spectttra_beta5s,sources,aime_suno_v3,macro_TPR,0.7333333333333333,0.5666666666666667,0.9,2000,2000
spectttra_beta5s,sources,aime_suno_v3,precision,1.0,1.0,1.0,2000,2000
spectttra_beta5s,sources,aime_suno_v3,scored,30.0,30.0,30.0,2000,2000
spectttra_beta5s,sources,aime_suno_v3,specificity,,,,0,2000
spectttra_beta5s,sources,aime_suno_v35,AUROC,,,,0,2000
spectttra_beta5s,sources,aime_suno_v35,F1,,,,0,2000
spectttra_beta5s,sources,aime_suno_v35,FN,0.0,0.0,0.0,2000,2000
spectttra_beta5s,sources,aime_suno_v35,FP,0.0,0.0,0.0,2000,2000
spectttra_beta5s,sources,aime_suno_v35,FPR,,,,0,2000
spectttra_beta5s,sources,aime_suno_v35,TN,0.0,0.0,0.0,2000,2000
spectttra_beta5s,sources,aime_suno_v35,TP,30.0,30.0,30.0,2000,2000
spectttra_beta5s,sources,aime_suno_v35,TPR,1.0,1.0,1.0,2000,2000
spectttra_beta5s,sources,aime_suno_v35,all_attempt_correctness,1.0,1.0,1.0,2000,2000
spectttra_beta5s,sources,aime_suno_v35,attempted,30.0,30.0,30.0,2000,2000
spectttra_beta5s,sources,aime_suno_v35,balanced_accuracy,,,,0,2000
spectttra_beta5s,sources,aime_suno_v35,coverage,1.0,1.0,1.0,2000,2000
spectttra_beta5s,sources,aime_suno_v35,macro_FPR,,,,0,2000
spectttra_beta5s,sources,aime_suno_v35,macro_TPR,1.0,1.0,1.0,2000,2000
spectttra_beta5s,sources,aime_suno_v35,precision,1.0,1.0,1.0,2000,2000
spectttra_beta5s,sources,aime_suno_v35,scored,30.0,30.0,30.0,2000,2000
spectttra_beta5s,sources,aime_suno_v35,specificity,,,,0,2000
spectttra_beta5s,sources,aime_udio,AUROC,,,,0,2000
spectttra_beta5s,sources,aime_udio,F1,,,,0,2000
spectttra_beta5s,sources,aime_udio,FN,27.0,24.0,30.0,2000,2000
spectttra_beta5s,sources,aime_udio,FP,0.0,0.0,0.0,2000,2000
spectttra_beta5s,sources,aime_udio,FPR,,,,0,2000
spectttra_beta5s,sources,aime_udio,TN,0.0,0.0,0.0,2000,2000
spectttra_beta5s,sources,aime_udio,TP,3.0,0.0,6.0,2000,2000
spectttra_beta5s,sources,aime_udio,TPR,0.1,0.0,0.2,2000,2000
spectttra_beta5s,sources,aime_udio,all_attempt_correctness,0.1,0.0,0.2,2000,2000
spectttra_beta5s,sources,aime_udio,attempted,30.0,30.0,30.0,2000,2000
spectttra_beta5s,sources,aime_udio,balanced_accuracy,,,,0,2000
spectttra_beta5s,sources,aime_udio,coverage,1.0,1.0,1.0,2000,2000
spectttra_beta5s,sources,aime_udio,macro_FPR,,,,0,2000
spectttra_beta5s,sources,aime_udio,macro_TPR,0.1,0.0,0.2,2000,2000
spectttra_beta5s,sources,aime_udio,precision,1.0,1.0,1.0,1915,2000
spectttra_beta5s,sources,aime_udio,scored,30.0,30.0,30.0,2000,2000
spectttra_beta5s,sources,aime_udio,specificity,,,,0,2000
spectttra_beta5s,sources,fma_hardneg,AUROC,,,,0,2000
spectttra_beta5s,sources,fma_hardneg,F1,,,,0,2000
spectttra_beta5s,sources,fma_hardneg,FN,0.0,0.0,0.0,2000,2000
spectttra_beta5s,sources,fma_hardneg,FP,17.0,10.0,25.0,2000,2000
spectttra_beta5s,sources,fma_hardneg,FPR,0.11333333333333333,0.06666666666666667,0.16666666666666666,2000,2000
spectttra_beta5s,sources,fma_hardneg,TN,133.0,125.0,140.0,2000,2000
spectttra_beta5s,sources,fma_hardneg,TP,0.0,0.0,0.0,2000,2000
spectttra_beta5s,sources,fma_hardneg,TPR,,,,0,2000
spectttra_beta5s,sources,fma_hardneg,all_attempt_correctness,0.8866666666666667,0.8333333333333334,0.9333333333333333,2000,2000
spectttra_beta5s,sources,fma_hardneg,attempted,150.0,150.0,150.0,2000,2000
spectttra_beta5s,sources,fma_hardneg,balanced_accuracy,,,,0,2000
spectttra_beta5s,sources,fma_hardneg,coverage,1.0,1.0,1.0,2000,2000
spectttra_beta5s,sources,fma_hardneg,macro_FPR,0.11333333333333333,0.06666666666666667,0.16666666666666666,2000,2000
spectttra_beta5s,sources,fma_hardneg,macro_TPR,,,,0,2000
spectttra_beta5s,sources,fma_hardneg,precision,0.0,0.0,0.0,2000,2000
spectttra_beta5s,sources,fma_hardneg,scored,150.0,150.0,150.0,2000,2000
spectttra_beta5s,sources,fma_hardneg,specificity,0.8866666666666667,0.8333333333333334,0.9333333333333333,2000,2000
spectttra_beta5s,sources,mom_diffrythm,AUROC,,,,0,2000
spectttra_beta5s,sources,mom_diffrythm,F1,,,,0,2000
spectttra_beta5s,sources,mom_diffrythm,FN,86.0,79.0,93.0,2000,2000
spectttra_beta5s,sources,mom_diffrythm,FP,0.0,0.0,0.0,2000,2000
spectttra_beta5s,sources,mom_diffrythm,FPR,,,,0,2000
spectttra_beta5s,sources,mom_diffrythm,TN,0.0,0.0,0.0,2000,2000
spectttra_beta5s,sources,mom_diffrythm,TP,14.0,7.0,21.0,2000,2000
spectttra_beta5s,sources,mom_diffrythm,TPR,0.14,0.07,0.21,2000,2000
spectttra_beta5s,sources,mom_diffrythm,all_attempt_correctness,0.14,0.07,0.21,2000,2000
spectttra_beta5s,sources,mom_diffrythm,attempted,100.0,100.0,100.0,2000,2000
spectttra_beta5s,sources,mom_diffrythm,balanced_accuracy,,,,0,2000
spectttra_beta5s,sources,mom_diffrythm,coverage,1.0,1.0,1.0,2000,2000
spectttra_beta5s,sources,mom_diffrythm,macro_FPR,,,,0,2000
spectttra_beta5s,sources,mom_diffrythm,macro_TPR,0.14,0.07,0.21,2000,2000
spectttra_beta5s,sources,mom_diffrythm,precision,1.0,1.0,1.0,2000,2000
spectttra_beta5s,sources,mom_diffrythm,scored,100.0,100.0,100.0,2000,2000
spectttra_beta5s,sources,mom_diffrythm,specificity,,,,0,2000
spectttra_beta5s,sources,mom_extra_real,AUROC,,,,0,2000
spectttra_beta5s,sources,mom_extra_real,F1,,,,0,2000
spectttra_beta5s,sources,mom_extra_real,FN,0.0,0.0,0.0,2000,2000
spectttra_beta5s,sources,mom_extra_real,FP,7.0,2.0,12.0,2000,2000
spectttra_beta5s,sources,mom_extra_real,FPR,0.07954545454545454,0.022727272727272728,0.13636363636363635,2000,2000
spectttra_beta5s,sources,mom_extra_real,TN,81.0,76.0,86.0,2000,2000
spectttra_beta5s,sources,mom_extra_real,TP,0.0,0.0,0.0,2000,2000
spectttra_beta5s,sources,mom_extra_real,TPR,,,,0,2000
spectttra_beta5s,sources,mom_extra_real,all_attempt_correctness,0.9204545454545454,0.8636363636363636,0.9772727272727273,2000,2000
spectttra_beta5s,sources,mom_extra_real,attempted,88.0,88.0,88.0,2000,2000
spectttra_beta5s,sources,mom_extra_real,balanced_accuracy,,,,0,2000
spectttra_beta5s,sources,mom_extra_real,coverage,1.0,1.0,1.0,2000,2000
spectttra_beta5s,sources,mom_extra_real,macro_FPR,0.07954545454545454,0.022727272727272728,0.13636363636363635,2000,2000
spectttra_beta5s,sources,mom_extra_real,macro_TPR,,,,0,2000
spectttra_beta5s,sources,mom_extra_real,precision,0.0,0.0,0.0,1998,2000
spectttra_beta5s,sources,mom_extra_real,scored,88.0,88.0,88.0,2000,2000
spectttra_beta5s,sources,mom_extra_real,specificity,0.9204545454545454,0.8636363636363636,0.9772727272727273,2000,2000
spectttra_beta5s,sources,mom_real,AUROC,,,,0,2000
spectttra_beta5s,sources,mom_real,F1,,,,0,2000
spectttra_beta5s,sources,mom_real,FN,0.0,0.0,0.0,2000,2000
spectttra_beta5s,sources,mom_real,FP,21.0,13.0,30.0,2000,2000
spectttra_beta5s,sources,mom_real,FPR,0.11290322580645161,0.06989247311827956,0.16129032258064516,2000,2000
spectttra_beta5s,sources,mom_real,TN,165.0,156.0,173.0,2000,2000
spectttra_beta5s,sources,mom_real,TP,0.0,0.0,0.0,2000,2000
spectttra_beta5s,sources,mom_real,TPR,,,,0,2000
spectttra_beta5s,sources,mom_real,all_attempt_correctness,0.8870967741935484,0.8387096774193549,0.9301075268817204,2000,2000
spectttra_beta5s,sources,mom_real,attempted,186.0,186.0,186.0,2000,2000
spectttra_beta5s,sources,mom_real,balanced_accuracy,,,,0,2000
spectttra_beta5s,sources,mom_real,coverage,1.0,1.0,1.0,2000,2000
spectttra_beta5s,sources,mom_real,macro_FPR,0.11290322580645161,0.06989247311827956,0.16129032258064516,2000,2000
spectttra_beta5s,sources,mom_real,macro_TPR,,,,0,2000
spectttra_beta5s,sources,mom_real,precision,0.0,0.0,0.0,2000,2000
spectttra_beta5s,sources,mom_real,scored,186.0,186.0,186.0,2000,2000
spectttra_beta5s,sources,mom_real,specificity,0.8870967741935484,0.8387096774193549,0.9301075268817205,2000,2000
spectttra_beta5s,sources,mom_real_wav,AUROC,,,,0,2000
spectttra_beta5s,sources,mom_real_wav,F1,,,,0,2000
spectttra_beta5s,sources,mom_real_wav,FN,0.0,0.0,0.0,2000,2000
spectttra_beta5s,sources,mom_real_wav,FP,3.0,0.0,7.0,2000,2000
spectttra_beta5s,sources,mom_real_wav,FPR,0.10714285714285714,0.0,0.25,2000,2000
spectttra_beta5s,sources,mom_real_wav,TN,25.0,21.0,28.0,2000,2000
spectttra_beta5s,sources,mom_real_wav,TP,0.0,0.0,0.0,2000,2000
spectttra_beta5s,sources,mom_real_wav,TPR,,,,0,2000
spectttra_beta5s,sources,mom_real_wav,all_attempt_correctness,0.8928571428571429,0.75,1.0,2000,2000
spectttra_beta5s,sources,mom_real_wav,attempted,28.0,28.0,28.0,2000,2000
spectttra_beta5s,sources,mom_real_wav,balanced_accuracy,,,,0,2000
spectttra_beta5s,sources,mom_real_wav,coverage,1.0,1.0,1.0,2000,2000
spectttra_beta5s,sources,mom_real_wav,macro_FPR,0.10714285714285714,0.0,0.25,2000,2000
spectttra_beta5s,sources,mom_real_wav,macro_TPR,,,,0,2000
spectttra_beta5s,sources,mom_real_wav,precision,0.0,0.0,0.0,1909,2000
spectttra_beta5s,sources,mom_real_wav,scored,28.0,28.0,28.0,2000,2000
spectttra_beta5s,sources,mom_real_wav,specificity,0.8928571428571429,0.75,1.0,2000,2000
spectttra_beta5s,sources,mom_riffusion,AUROC,,,,0,2000
spectttra_beta5s,sources,mom_riffusion,F1,,,,0,2000
spectttra_beta5s,sources,mom_riffusion,FN,70.0,60.0,79.0,2000,2000
spectttra_beta5s,sources,mom_riffusion,FP,0.0,0.0,0.0,2000,2000
spectttra_beta5s,sources,mom_riffusion,FPR,,,,0,2000
spectttra_beta5s,sources,mom_riffusion,TN,0.0,0.0,0.0,2000,2000
spectttra_beta5s,sources,mom_riffusion,TP,30.0,21.0,40.0,2000,2000
spectttra_beta5s,sources,mom_riffusion,TPR,0.3,0.21,0.4,2000,2000
spectttra_beta5s,sources,mom_riffusion,all_attempt_correctness,0.3,0.21,0.4,2000,2000
spectttra_beta5s,sources,mom_riffusion,attempted,100.0,100.0,100.0,2000,2000
spectttra_beta5s,sources,mom_riffusion,balanced_accuracy,,,,0,2000
spectttra_beta5s,sources,mom_riffusion,coverage,1.0,1.0,1.0,2000,2000
spectttra_beta5s,sources,mom_riffusion,macro_FPR,,,,0,2000
spectttra_beta5s,sources,mom_riffusion,macro_TPR,0.3,0.21,0.4,2000,2000
spectttra_beta5s,sources,mom_riffusion,precision,1.0,1.0,1.0,2000,2000
spectttra_beta5s,sources,mom_riffusion,scored,100.0,100.0,100.0,2000,2000
spectttra_beta5s,sources,mom_riffusion,specificity,,,,0,2000
spectttra_beta5s,sources,mom_udio,AUROC,,,,0,2000
spectttra_beta5s,sources,mom_udio,F1,,,,0,2000
spectttra_beta5s,sources,mom_udio,FN,70.0,61.0,79.0,2000,2000
spectttra_beta5s,sources,mom_udio,FP,0.0,0.0,0.0,2000,2000
spectttra_beta5s,sources,mom_udio,FPR,,,,0,2000
spectttra_beta5s,sources,mom_udio,TN,0.0,0.0,0.0,2000,2000
spectttra_beta5s,sources,mom_udio,TP,30.0,21.0,39.0,2000,2000
spectttra_beta5s,sources,mom_udio,TPR,0.3,0.21,0.39,2000,2000
spectttra_beta5s,sources,mom_udio,all_attempt_correctness,0.3,0.21,0.39,2000,2000
spectttra_beta5s,sources,mom_udio,attempted,100.0,100.0,100.0,2000,2000
spectttra_beta5s,sources,mom_udio,balanced_accuracy,,,,0,2000
spectttra_beta5s,sources,mom_udio,coverage,1.0,1.0,1.0,2000,2000
spectttra_beta5s,sources,mom_udio,macro_FPR,,,,0,2000
spectttra_beta5s,sources,mom_udio,macro_TPR,0.3,0.21,0.39,2000,2000
spectttra_beta5s,sources,mom_udio,precision,1.0,1.0,1.0,2000,2000
spectttra_beta5s,sources,mom_udio,scored,100.0,100.0,100.0,2000,2000
spectttra_beta5s,sources,mom_udio,specificity,,,,0,2000
spectttra_beta5s,sources,mom_yue,AUROC,,,,0,2000
spectttra_beta5s,sources,mom_yue,F1,,,,0,2000
spectttra_beta5s,sources,mom_yue,FN,8.0,3.0,15.0,2000,2000
spectttra_beta5s,sources,mom_yue,FP,0.0,0.0,0.0,2000,2000
spectttra_beta5s,sources,mom_yue,FPR,,,,0,2000
spectttra_beta5s,sources,mom_yue,TN,0.0,0.0,0.0,2000,2000
spectttra_beta5s,sources,mom_yue,TP,92.0,87.0,96.0,2000,2000
spectttra_beta5s,sources,mom_yue,TPR,0.92,0.8543689320388349,0.9696969696969697,2000,2000
spectttra_beta5s,sources,mom_yue,all_attempt_correctness,0.92,0.8543689320388349,0.9696969696969697,2000,2000
spectttra_beta5s,sources,mom_yue,attempted,100.0,99.0,102.0,2000,2000
spectttra_beta5s,sources,mom_yue,balanced_accuracy,,,,0,2000
spectttra_beta5s,sources,mom_yue,coverage,1.0,1.0,1.0,2000,2000
spectttra_beta5s,sources,mom_yue,macro_FPR,,,,0,2000
spectttra_beta5s,sources,mom_yue,macro_TPR,0.92,0.8543689320388349,0.9696969696969697,2000,2000
spectttra_beta5s,sources,mom_yue,precision,1.0,1.0,1.0,2000,2000
spectttra_beta5s,sources,mom_yue,scored,100.0,99.0,102.0,2000,2000
spectttra_beta5s,sources,mom_yue,specificity,,,,0,2000
spectttra_beta5s,sources,sonics_chirp-v2-xxl-alpha,AUROC,,,,0,2000
spectttra_beta5s,sources,sonics_chirp-v2-xxl-alpha,F1,,,,0,2000
spectttra_beta5s,sources,sonics_chirp-v2-xxl-alpha,FN,59.0,51.0,66.0,2000,2000
spectttra_beta5s,sources,sonics_chirp-v2-xxl-alpha,FP,0.0,0.0,0.0,2000,2000
spectttra_beta5s,sources,sonics_chirp-v2-xxl-alpha,FPR,,,,0,2000
spectttra_beta5s,sources,sonics_chirp-v2-xxl-alpha,TN,0.0,0.0,0.0,2000,2000
spectttra_beta5s,sources,sonics_chirp-v2-xxl-alpha,TP,21.0,14.0,29.0,2000,2000
spectttra_beta5s,sources,sonics_chirp-v2-xxl-alpha,TPR,0.2625,0.175,0.3625,2000,2000
spectttra_beta5s,sources,sonics_chirp-v2-xxl-alpha,all_attempt_correctness,0.2625,0.175,0.3625,2000,2000
spectttra_beta5s,sources,sonics_chirp-v2-xxl-alpha,attempted,80.0,80.0,80.0,2000,2000
spectttra_beta5s,sources,sonics_chirp-v2-xxl-alpha,balanced_accuracy,,,,0,2000
spectttra_beta5s,sources,sonics_chirp-v2-xxl-alpha,coverage,1.0,1.0,1.0,2000,2000
spectttra_beta5s,sources,sonics_chirp-v2-xxl-alpha,macro_FPR,,,,0,2000
spectttra_beta5s,sources,sonics_chirp-v2-xxl-alpha,macro_TPR,0.2625,0.175,0.3625,2000,2000
spectttra_beta5s,sources,sonics_chirp-v2-xxl-alpha,precision,1.0,1.0,1.0,2000,2000
spectttra_beta5s,sources,sonics_chirp-v2-xxl-alpha,scored,80.0,80.0,80.0,2000,2000
spectttra_beta5s,sources,sonics_chirp-v2-xxl-alpha,specificity,,,,0,2000
spectttra_beta5s,sources,sonics_chirp-v3,AUROC,,,,0,2000
spectttra_beta5s,sources,sonics_chirp-v3,F1,,,,0,2000
spectttra_beta5s,sources,sonics_chirp-v3,FN,2.0,0.0,5.0,2000,2000
spectttra_beta5s,sources,sonics_chirp-v3,FP,0.0,0.0,0.0,2000,2000
spectttra_beta5s,sources,sonics_chirp-v3,FPR,,,,0,2000
spectttra_beta5s,sources,sonics_chirp-v3,TN,0.0,0.0,0.0,2000,2000
spectttra_beta5s,sources,sonics_chirp-v3,TP,78.0,75.0,80.0,2000,2000
spectttra_beta5s,sources,sonics_chirp-v3,TPR,0.975,0.9375,1.0,2000,2000
spectttra_beta5s,sources,sonics_chirp-v3,all_attempt_correctness,0.975,0.9375,1.0,2000,2000
spectttra_beta5s,sources,sonics_chirp-v3,attempted,80.0,80.0,80.0,2000,2000
spectttra_beta5s,sources,sonics_chirp-v3,balanced_accuracy,,,,0,2000
spectttra_beta5s,sources,sonics_chirp-v3,coverage,1.0,1.0,1.0,2000,2000
spectttra_beta5s,sources,sonics_chirp-v3,macro_FPR,,,,0,2000
spectttra_beta5s,sources,sonics_chirp-v3,macro_TPR,0.975,0.9375,1.0,2000,2000
spectttra_beta5s,sources,sonics_chirp-v3,precision,1.0,1.0,1.0,2000,2000
spectttra_beta5s,sources,sonics_chirp-v3,scored,80.0,80.0,80.0,2000,2000
spectttra_beta5s,sources,sonics_chirp-v3,specificity,,,,0,2000
spectttra_beta5s,sources,sonics_chirp-v3.5,AUROC,,,,0,2000
spectttra_beta5s,sources,sonics_chirp-v3.5,F1,,,,0,2000
spectttra_beta5s,sources,sonics_chirp-v3.5,FN,0.0,0.0,0.0,2000,2000
spectttra_beta5s,sources,sonics_chirp-v3.5,FP,0.0,0.0,0.0,2000,2000
spectttra_beta5s,sources,sonics_chirp-v3.5,FPR,,,,0,2000
spectttra_beta5s,sources,sonics_chirp-v3.5,TN,0.0,0.0,0.0,2000,2000
spectttra_beta5s,sources,sonics_chirp-v3.5,TP,80.0,80.0,80.0,2000,2000
spectttra_beta5s,sources,sonics_chirp-v3.5,TPR,1.0,1.0,1.0,2000,2000
spectttra_beta5s,sources,sonics_chirp-v3.5,all_attempt_correctness,1.0,1.0,1.0,2000,2000
spectttra_beta5s,sources,sonics_chirp-v3.5,attempted,80.0,80.0,80.0,2000,2000
spectttra_beta5s,sources,sonics_chirp-v3.5,balanced_accuracy,,,,0,2000
spectttra_beta5s,sources,sonics_chirp-v3.5,coverage,1.0,1.0,1.0,2000,2000
spectttra_beta5s,sources,sonics_chirp-v3.5,macro_FPR,,,,0,2000
spectttra_beta5s,sources,sonics_chirp-v3.5,macro_TPR,1.0,1.0,1.0,2000,2000
spectttra_beta5s,sources,sonics_chirp-v3.5,precision,1.0,1.0,1.0,2000,2000
spectttra_beta5s,sources,sonics_chirp-v3.5,scored,80.0,80.0,80.0,2000,2000
spectttra_beta5s,sources,sonics_chirp-v3.5,specificity,,,,0,2000
spectttra_beta5s,sources,sonics_real,AUROC,,,,0,2000
spectttra_beta5s,sources,sonics_real,F1,,,,0,2000
spectttra_beta5s,sources,sonics_real,FN,0.0,0.0,0.0,2000,2000
spectttra_beta5s,sources,sonics_real,FP,34.0,24.0,45.0,2000,2000
spectttra_beta5s,sources,sonics_real,FPR,0.1152542372881356,0.08135593220338982,0.15254237288135594,2000,2000
spectttra_beta5s,sources,sonics_real,TN,261.0,250.0,271.0,2000,2000
spectttra_beta5s,sources,sonics_real,TP,0.0,0.0,0.0,2000,2000
spectttra_beta5s,sources,sonics_real,TPR,,,,0,2000
spectttra_beta5s,sources,sonics_real,all_attempt_correctness,0.8847457627118644,0.847457627118644,0.9186440677966101,2000,2000
spectttra_beta5s,sources,sonics_real,attempted,295.0,295.0,295.0,2000,2000
spectttra_beta5s,sources,sonics_real,balanced_accuracy,,,,0,2000
spectttra_beta5s,sources,sonics_real,coverage,1.0,1.0,1.0,2000,2000
spectttra_beta5s,sources,sonics_real,macro_FPR,0.1152542372881356,0.08135593220338982,0.15254237288135594,2000,2000
spectttra_beta5s,sources,sonics_real,macro_TPR,,,,0,2000
spectttra_beta5s,sources,sonics_real,precision,0.0,0.0,0.0,2000,2000
spectttra_beta5s,sources,sonics_real,scored,295.0,295.0,295.0,2000,2000
spectttra_beta5s,sources,sonics_real,specificity,0.8847457627118644,0.847457627118644,0.9186440677966101,2000,2000
spectttra_beta5s,sources,sonics_udio-120s,AUROC,,,,0,2000
spectttra_beta5s,sources,sonics_udio-120s,F1,,,,0,2000
spectttra_beta5s,sources,sonics_udio-120s,FN,0.0,0.0,0.0,2000,2000
spectttra_beta5s,sources,sonics_udio-120s,FP,0.0,0.0,0.0,2000,2000
spectttra_beta5s,sources,sonics_udio-120s,FPR,,,,0,2000
spectttra_beta5s,sources,sonics_udio-120s,TN,0.0,0.0,0.0,2000,2000
spectttra_beta5s,sources,sonics_udio-120s,TP,80.0,80.0,80.0,2000,2000
spectttra_beta5s,sources,sonics_udio-120s,TPR,1.0,1.0,1.0,2000,2000
spectttra_beta5s,sources,sonics_udio-120s,all_attempt_correctness,1.0,1.0,1.0,2000,2000
spectttra_beta5s,sources,sonics_udio-120s,attempted,80.0,80.0,80.0,2000,2000
spectttra_beta5s,sources,sonics_udio-120s,balanced_accuracy,,,,0,2000
spectttra_beta5s,sources,sonics_udio-120s,coverage,1.0,1.0,1.0,2000,2000
spectttra_beta5s,sources,sonics_udio-120s,macro_FPR,,,,0,2000
spectttra_beta5s,sources,sonics_udio-120s,macro_TPR,1.0,1.0,1.0,2000,2000
spectttra_beta5s,sources,sonics_udio-120s,precision,1.0,1.0,1.0,2000,2000
spectttra_beta5s,sources,sonics_udio-120s,scored,80.0,80.0,80.0,2000,2000
spectttra_beta5s,sources,sonics_udio-120s,specificity,,,,0,2000
spectttra_beta5s,sources,sonics_udio-30s,AUROC,,,,0,2000
spectttra_beta5s,sources,sonics_udio-30s,F1,,,,0,2000
spectttra_beta5s,sources,sonics_udio-30s,FN,61.0,53.0,68.0,2000,2000
spectttra_beta5s,sources,sonics_udio-30s,FP,0.0,0.0,0.0,2000,2000
spectttra_beta5s,sources,sonics_udio-30s,FPR,,,,0,2000
spectttra_beta5s,sources,sonics_udio-30s,TN,0.0,0.0,0.0,2000,2000
spectttra_beta5s,sources,sonics_udio-30s,TP,19.0,12.0,27.0,2000,2000
spectttra_beta5s,sources,sonics_udio-30s,TPR,0.2375,0.15,0.3375,2000,2000
spectttra_beta5s,sources,sonics_udio-30s,all_attempt_correctness,0.2375,0.15,0.3375,2000,2000
spectttra_beta5s,sources,sonics_udio-30s,attempted,80.0,80.0,80.0,2000,2000
spectttra_beta5s,sources,sonics_udio-30s,balanced_accuracy,,,,0,2000
spectttra_beta5s,sources,sonics_udio-30s,coverage,1.0,1.0,1.0,2000,2000
spectttra_beta5s,sources,sonics_udio-30s,macro_FPR,,,,0,2000
spectttra_beta5s,sources,sonics_udio-30s,macro_TPR,0.2375,0.15,0.3375,2000,2000
spectttra_beta5s,sources,sonics_udio-30s,precision,1.0,1.0,1.0,2000,2000
spectttra_beta5s,sources,sonics_udio-30s,scored,80.0,80.0,80.0,2000,2000
spectttra_beta5s,sources,sonics_udio-30s,specificity,,,,0,2000
spectttra_beta5s,sources,suno_cdn_latest,AUROC,,,,0,2000
spectttra_beta5s,sources,suno_cdn_latest,F1,,,,0,2000
spectttra_beta5s,sources,suno_cdn_latest,FN,50.0,45.0,54.0,2000,2000
spectttra_beta5s,sources,suno_cdn_latest,FP,0.0,0.0,0.0,2000,2000
spectttra_beta5s,sources,suno_cdn_latest,FPR,,,,0,2000
spectttra_beta5s,sources,suno_cdn_latest,TN,0.0,0.0,0.0,2000,2000
spectttra_beta5s,sources,suno_cdn_latest,TP,6.0,2.0,11.0,2000,2000
spectttra_beta5s,sources,suno_cdn_latest,TPR,0.10714285714285714,0.03571428571428571,0.19642857142857142,2000,2000
spectttra_beta5s,sources,suno_cdn_latest,all_attempt_correctness,0.10714285714285714,0.03571428571428571,0.19642857142857142,2000,2000
spectttra_beta5s,sources,suno_cdn_latest,attempted,56.0,56.0,56.0,2000,2000
spectttra_beta5s,sources,suno_cdn_latest,balanced_accuracy,,,,0,2000
spectttra_beta5s,sources,suno_cdn_latest,coverage,1.0,1.0,1.0,2000,2000
spectttra_beta5s,sources,suno_cdn_latest,macro_FPR,,,,0,2000
spectttra_beta5s,sources,suno_cdn_latest,macro_TPR,0.10714285714285714,0.03571428571428571,0.19642857142857142,2000,2000
spectttra_beta5s,sources,suno_cdn_latest,precision,1.0,1.0,1.0,1995,2000
spectttra_beta5s,sources,suno_cdn_latest,scored,56.0,56.0,56.0,2000,2000
spectttra_beta5s,sources,suno_cdn_latest,specificity,,,,0,2000
spectttra_beta5s,sources,suno_extra,AUROC,,,,0,2000
spectttra_beta5s,sources,suno_extra,F1,,,,0,2000
spectttra_beta5s,sources,suno_extra,FN,66.0,59.0,72.0,2000,2000
spectttra_beta5s,sources,suno_extra,FP,0.0,0.0,0.0,2000,2000
spectttra_beta5s,sources,suno_extra,FPR,,,,0,2000
spectttra_beta5s,sources,suno_extra,TN,0.0,0.0,0.0,2000,2000
spectttra_beta5s,sources,suno_extra,TP,14.0,8.0,21.0,2000,2000
spectttra_beta5s,sources,suno_extra,TPR,0.175,0.1,0.2625,2000,2000
spectttra_beta5s,sources,suno_extra,all_attempt_correctness,0.175,0.1,0.2625,2000,2000
spectttra_beta5s,sources,suno_extra,attempted,80.0,80.0,80.0,2000,2000
spectttra_beta5s,sources,suno_extra,balanced_accuracy,,,,0,2000
spectttra_beta5s,sources,suno_extra,coverage,1.0,1.0,1.0,2000,2000
spectttra_beta5s,sources,suno_extra,macro_FPR,,,,0,2000
spectttra_beta5s,sources,suno_extra,macro_TPR,0.175,0.1,0.2625,2000,2000
spectttra_beta5s,sources,suno_extra,precision,1.0,1.0,1.0,2000,2000
spectttra_beta5s,sources,suno_extra,scored,80.0,80.0,80.0,2000,2000
spectttra_beta5s,sources,suno_extra,specificity,,,,0,2000
spectttra_beta5s,sources,suno_v5.5_native_260905,AUROC,,,,0,2000
spectttra_beta5s,sources,suno_v5.5_native_260905,F1,,,,0,2000
spectttra_beta5s,sources,suno_v5.5_native_260905,FN,116.0,101.0,132.0,2000,2000
spectttra_beta5s,sources,suno_v5.5_native_260905,FP,0.0,0.0,0.0,2000,2000
spectttra_beta5s,sources,suno_v5.5_native_260905,FPR,,,,0,2000
spectttra_beta5s,sources,suno_v5.5_native_260905,TN,0.0,0.0,0.0,2000,2000
spectttra_beta5s,sources,suno_v5.5_native_260905,TP,84.0,71.0,97.0,2000,2000
spectttra_beta5s,sources,suno_v5.5_native_260905,TPR,0.42,0.35323383084577115,0.485,2000,2000
spectttra_beta5s,sources,suno_v5.5_native_260905,all_attempt_correctness,0.42,0.35323383084577115,0.485,2000,2000
spectttra_beta5s,sources,suno_v5.5_native_260905,attempted,200.0,190.0,210.02499999999986,2000,2000
spectttra_beta5s,sources,suno_v5.5_native_260905,balanced_accuracy,,,,0,2000
spectttra_beta5s,sources,suno_v5.5_native_260905,coverage,1.0,1.0,1.0,2000,2000
spectttra_beta5s,sources,suno_v5.5_native_260905,macro_FPR,,,,0,2000
spectttra_beta5s,sources,suno_v5.5_native_260905,macro_TPR,0.42,0.35323383084577115,0.485,2000,2000
spectttra_beta5s,sources,suno_v5.5_native_260905,precision,1.0,1.0,1.0,2000,2000
spectttra_beta5s,sources,suno_v5.5_native_260905,scored,200.0,190.0,210.02499999999986,2000,2000
spectttra_beta5s,sources,suno_v5.5_native_260905,specificity,,,,0,2000
spectttra_beta5s,sources,udio_2026_version_unknown_native_260905,AUROC,,,,0,2000
spectttra_beta5s,sources,udio_2026_version_unknown_native_260905,F1,,,,0,2000
spectttra_beta5s,sources,udio_2026_version_unknown_native_260905,FN,164.0,152.0,176.0,2000,2000
spectttra_beta5s,sources,udio_2026_version_unknown_native_260905,FP,0.0,0.0,0.0,2000,2000
spectttra_beta5s,sources,udio_2026_version_unknown_native_260905,FPR,,,,0,2000
spectttra_beta5s,sources,udio_2026_version_unknown_native_260905,TN,0.0,0.0,0.0,2000,2000
spectttra_beta5s,sources,udio_2026_version_unknown_native_260905,TP,36.0,25.0,47.0,2000,2000
spectttra_beta5s,sources,udio_2026_version_unknown_native_260905,TPR,0.18,0.12698211264201112,0.2330134815634589,2000,2000
spectttra_beta5s,sources,udio_2026_version_unknown_native_260905,all_attempt_correctness,0.18,0.12698211264201112,0.2330134815634589,2000,2000
spectttra_beta5s,sources,udio_2026_version_unknown_native_260905,attempted,200.0,190.975,210.0,2000,2000
spectttra_beta5s,sources,udio_2026_version_unknown_native_260905,balanced_accuracy,,,,0,2000
spectttra_beta5s,sources,udio_2026_version_unknown_native_260905,coverage,1.0,1.0,1.0,2000,2000
spectttra_beta5s,sources,udio_2026_version_unknown_native_260905,macro_FPR,,,,0,2000
spectttra_beta5s,sources,udio_2026_version_unknown_native_260905,macro_TPR,0.18,0.12698211264201112,0.2330134815634589,2000,2000
spectttra_beta5s,sources,udio_2026_version_unknown_native_260905,precision,1.0,1.0,1.0,2000,2000
spectttra_beta5s,sources,udio_2026_version_unknown_native_260905,scored,200.0,190.975,210.0,2000,2000
spectttra_beta5s,sources,udio_2026_version_unknown_native_260905,specificity,,,,0,2000
spectttra_beta5s,sources,udio_cdn_latest,AUROC,,,,0,2000
spectttra_beta5s,sources,udio_cdn_latest,F1,,,,0,2000
spectttra_beta5s,sources,udio_cdn_latest,FN,14.0,10.0,17.0,2000,2000
spectttra_beta5s,sources,udio_cdn_latest,FP,0.0,0.0,0.0,2000,2000
spectttra_beta5s,sources,udio_cdn_latest,FPR,,,,0,2000
spectttra_beta5s,sources,udio_cdn_latest,TN,0.0,0.0,0.0,2000,2000
spectttra_beta5s,sources,udio_cdn_latest,TP,4.0,1.0,8.0,2000,2000
spectttra_beta5s,sources,udio_cdn_latest,TPR,0.2222222222222222,0.05555555555555555,0.4444444444444444,2000,2000
spectttra_beta5s,sources,udio_cdn_latest,all_attempt_correctness,0.2222222222222222,0.05555555555555555,0.4444444444444444,2000,2000
spectttra_beta5s,sources,udio_cdn_latest,attempted,18.0,18.0,18.0,2000,2000
spectttra_beta5s,sources,udio_cdn_latest,balanced_accuracy,,,,0,2000
spectttra_beta5s,sources,udio_cdn_latest,coverage,1.0,1.0,1.0,2000,2000
spectttra_beta5s,sources,udio_cdn_latest,macro_FPR,,,,0,2000
spectttra_beta5s,sources,udio_cdn_latest,macro_TPR,0.2222222222222222,0.05555555555555555,0.4444444444444444,2000,2000
spectttra_beta5s,sources,udio_cdn_latest,precision,1.0,1.0,1.0,1978,2000
spectttra_beta5s,sources,udio_cdn_latest,scored,18.0,18.0,18.0,2000,2000
spectttra_beta5s,sources,udio_cdn_latest,specificity,,,,0,2000
spectttra_beta5s,sources,udio_extra,AUROC,,,,0,2000
spectttra_beta5s,sources,udio_extra,F1,,,,0,2000
spectttra_beta5s,sources,udio_extra,FN,60.0,52.0,68.0,2000,2000
spectttra_beta5s,sources,udio_extra,FP,0.0,0.0,0.0,2000,2000
spectttra_beta5s,sources,udio_extra,FPR,,,,0,2000
spectttra_beta5s,sources,udio_extra,TN,0.0,0.0,0.0,2000,2000
spectttra_beta5s,sources,udio_extra,TP,20.0,12.0,28.0,2000,2000
spectttra_beta5s,sources,udio_extra,TPR,0.25,0.15,0.35,2000,2000
spectttra_beta5s,sources,udio_extra,all_attempt_correctness,0.25,0.15,0.35,2000,2000
spectttra_beta5s,sources,udio_extra,attempted,80.0,80.0,80.0,2000,2000
spectttra_beta5s,sources,udio_extra,balanced_accuracy,,,,0,2000
spectttra_beta5s,sources,udio_extra,coverage,1.0,1.0,1.0,2000,2000
spectttra_beta5s,sources,udio_extra,macro_FPR,,,,0,2000
spectttra_beta5s,sources,udio_extra,macro_TPR,0.25,0.15,0.35,2000,2000
spectttra_beta5s,sources,udio_extra,precision,1.0,1.0,1.0,2000,2000
spectttra_beta5s,sources,udio_extra,scored,80.0,80.0,80.0,2000,2000
spectttra_beta5s,sources,udio_extra,specificity,,,,0,2000
spectttra_beta5s,sources,youtube_hardneg,AUROC,,,,0,2000
spectttra_beta5s,sources,youtube_hardneg,F1,,,,0,2000
spectttra_beta5s,sources,youtube_hardneg,FN,0.0,0.0,0.0,2000,2000
spectttra_beta5s,sources,youtube_hardneg,FP,14.0,8.0,21.0,2000,2000
spectttra_beta5s,sources,youtube_hardneg,FPR,0.1917808219178082,0.1095890410958904,0.2876712328767123,2000,2000
spectttra_beta5s,sources,youtube_hardneg,TN,59.0,52.0,65.0,2000,2000
spectttra_beta5s,sources,youtube_hardneg,TP,0.0,0.0,0.0,2000,2000
spectttra_beta5s,sources,youtube_hardneg,TPR,,,,0,2000
spectttra_beta5s,sources,youtube_hardneg,all_attempt_correctness,0.8082191780821918,0.7123287671232876,0.8904109589041096,2000,2000
spectttra_beta5s,sources,youtube_hardneg,attempted,73.0,73.0,73.0,2000,2000
spectttra_beta5s,sources,youtube_hardneg,balanced_accuracy,,,,0,2000
spectttra_beta5s,sources,youtube_hardneg,coverage,1.0,1.0,1.0,2000,2000
spectttra_beta5s,sources,youtube_hardneg,macro_FPR,0.1917808219178082,0.1095890410958904,0.2876712328767123,2000,2000
spectttra_beta5s,sources,youtube_hardneg,macro_TPR,,,,0,2000
spectttra_beta5s,sources,youtube_hardneg,precision,0.0,0.0,0.0,2000,2000
spectttra_beta5s,sources,youtube_hardneg,scored,73.0,73.0,73.0,2000,2000
spectttra_beta5s,sources,youtube_hardneg,specificity,0.8082191780821918,0.7123287671232876,0.8904109589041096,2000,2000
ast_60s,cohorts,contemporary_native,AUROC,,,,0,2000
ast_60s,cohorts,contemporary_native,F1,,,,0,2000
ast_60s,cohorts,contemporary_native,FN,2.0,0.0,5.0,2000,2000
ast_60s,cohorts,contemporary_native,FP,0.0,0.0,0.0,2000,2000
ast_60s,cohorts,contemporary_native,FPR,,,,0,2000
ast_60s,cohorts,contemporary_native,TN,0.0,0.0,0.0,2000,2000
ast_60s,cohorts,contemporary_native,TP,398.0,384.0,413.0,2000,2000
ast_60s,cohorts,contemporary_native,TPR,0.995,0.9873096446700508,1.0,2000,2000
ast_60s,cohorts,contemporary_native,all_attempt_correctness,0.995,0.9873096446700508,1.0,2000,2000
ast_60s,cohorts,contemporary_native,attempted,400.0,387.0,414.0,2000,2000
ast_60s,cohorts,contemporary_native,balanced_accuracy,,,,0,2000
ast_60s,cohorts,contemporary_native,coverage,1.0,1.0,1.0,2000,2000
ast_60s,cohorts,contemporary_native,macro_FPR,,,,0,2000
ast_60s,cohorts,contemporary_native,macro_TPR,0.995,0.9873096446700508,1.0,2000,2000
ast_60s,cohorts,contemporary_native,precision,1.0,1.0,1.0,2000,2000
ast_60s,cohorts,contemporary_native,scored,400.0,387.0,414.0,2000,2000
ast_60s,cohorts,contemporary_native,specificity,,,,0,2000
ast_60s,cohorts,legacy,AUROC,0.8862596181765389,0.8748114190595134,0.8981078908850693,2000,2000
ast_60s,cohorts,legacy,F1,0.8363228699551569,0.8247568705724219,0.8484882380855535,2000,2000
ast_60s,cohorts,legacy,FN,225.0,204.0,245.02499999999986,2000,2000
ast_60s,cohorts,legacy,FP,213.0,190.0,236.0,2000,2000
ast_60s,cohorts,legacy,FPR,0.2597560975609756,0.23169091776492337,0.2885085574572127,2000,2000
ast_60s,cohorts,legacy,TN,607.0,583.0,630.0,2000,2000
ast_60s,cohorts,legacy,TP,1119.0,1098.0,1140.0,2000,2000
ast_60s,cohorts,legacy,TPR,0.8325892857142857,0.8175573908360814,0.8482142857142857,2000,2000
ast_60s,cohorts,legacy,all_attempt_correctness,0.7975970425138632,0.7831715210355987,0.8127306273062731,2000,2000
ast_60s,cohorts,legacy,attempted,2164.0,2161.0,2168.0,2000,2000
ast_60s,cohorts,legacy,balanced_accuracy,0.786416594076655,0.7700621130379444,0.8032696878255521,2000,2000
ast_60s,cohorts,legacy,coverage,1.0,1.0,1.0,2000,2000
ast_60s,cohorts,legacy,macro_FPR,0.2526834574064702,0.2162141095308174,0.2908515393826762,2000,2000
ast_60s,cohorts,legacy,macro_TPR,0.7955429292929292,0.7752846156368882,0.8170925775613275,2000,2000
ast_60s,cohorts,legacy,precision,0.8400900900900901,0.8252057736656386,0.8552934668466847,2000,2000
ast_60s,cohorts,legacy,scored,2164.0,2161.0,2168.0,2000,2000
ast_60s,cohorts,legacy,specificity,0.7402439024390244,0.7114914425427873,0.7683090822350765,2000,2000
ast_60s,cohorts,non_demo,AUROC,0.9084778473931528,0.8990755596637394,0.9178656730012283,2000,2000
ast_60s,cohorts,non_demo,F1,0.8733448474381117,0.8636619725489738,0.8821513709670439,2000,2000
ast_60s,cohorts,non_demo,FN,227.0,206.0,248.0,2000,2000
ast_60s,cohorts,non_demo,FP,213.0,189.0,237.02499999999986,2000,2000
ast_60s,cohorts,non_demo,FPR,0.2597560975609756,0.2304878048780488,0.2891906898285999,2000,2000
ast_60s,cohorts,non_demo,TN,607.0,583.0,631.0,2000,2000
ast_60s,cohorts,non_demo,TP,1517.0,1491.975,1543.0,2000,2000
ast_60s,cohorts,non_demo,TPR,0.8698394495412844,0.8573863061099298,0.8821855998336271,2000,2000
ast_60s,cohorts,non_demo,all_attempt_correctness,0.828393135725429,0.815696993361968,0.8405336236433085,2000,2000
ast_60s,cohorts,non_demo,attempted,2564.0,2549.0,2579.0,2000,2000
ast_60s,cohorts,non_demo,balanced_accuracy,0.8050416759901544,0.7890006733070699,0.8206406042768739,2000,2000
ast_60s,cohorts,non_demo,coverage,1.0,1.0,1.0,2000,2000
ast_60s,cohorts,non_demo,macro_FPR,0.2526834574064702,0.2163430823706146,0.2901011406710376,2000,2000
ast_60s,cohorts,non_demo,macro_TPR,0.8121643518518518,0.7928336862332066,0.8316115931198226,2000,2000
ast_60s,cohorts,non_demo,precision,0.876878612716763,0.8646754724222376,0.8891510576983279,2000,2000
ast_60s,cohorts,non_demo,scored,2564.0,2549.0,2579.0,2000,2000
ast_60s,cohorts,non_demo,specificity,0.7402439024390244,0.7108093101714,0.7695121951219512,2000,2000
ast_60s,cohorts,non_demo_recording_representative,AUROC,0.9082301963705328,0.8990959100991037,0.917390693786524,2000,2000
ast_60s,cohorts,non_demo_recording_representative,F1,0.8732718894009217,0.8641714457892081,0.8826412516226003,2000,2000
ast_60s,cohorts,non_demo_recording_representative,FN,227.0,206.0,248.0,2000,2000
ast_60s,cohorts,non_demo_recording_representative,FP,213.0,190.0,238.0,2000,2000
ast_60s,cohorts,non_demo_recording_representative,FPR,0.2603911980440098,0.23227383863080683,0.29095354523227385,2000,2000
ast_60s,cohorts,non_demo_recording_representative,TN,605.0,580.0,628.0,2000,2000
ast_60s,cohorts,non_demo_recording_representative,TP,1516.0,1490.975,1542.0,2000,2000
ast_60s,cohorts,non_demo_recording_representative,TPR,0.8697647733792312,0.8573065739032592,0.8821178524452552,2000,2000
ast_60s,cohorts,non_demo_recording_representative,all_attempt_correctness,0.8281921124560718,0.8156349043878983,0.8407688207515049,2000,2000
ast_60s,cohorts,non_demo_recording_representative,attempted,2561.0,2547.0,2576.0,2000,2000
ast_60s,cohorts,non_demo_recording_representative,balanced_accuracy,0.8046867876676107,0.7887586282096393,0.8205240632540958,2000,2000
ast_60s,cohorts,non_demo_recording_representative,coverage,1.0,1.0,1.0,2000,2000
ast_60s,cohorts,non_demo_recording_representative,macro_FPR,0.2529366910047249,0.21598618078409948,0.29296838241644596,2000,2000
ast_60s,cohorts,non_demo_recording_representative,macro_TPR,0.8121475168350168,0.7928336862332066,0.8315988925850633,2000,2000
ast_60s,cohorts,non_demo_recording_representative,precision,0.8768074031231926,0.8641765704584041,0.889018691588785,2000,2000
ast_60s,cohorts,non_demo_recording_representative,scored,2561.0,2547.0,2576.0,2000,2000
ast_60s,cohorts,non_demo_recording_representative,specificity,0.7396088019559902,0.7090464547677262,0.7677261613691931,2000,2000
ast_60s,sources,aime_musicgen_large,AUROC,,,,0,2000
ast_60s,sources,aime_musicgen_large,F1,,,,0,2000
ast_60s,sources,aime_musicgen_large,FN,13.0,8.0,18.0,2000,2000
ast_60s,sources,aime_musicgen_large,FP,0.0,0.0,0.0,2000,2000
ast_60s,sources,aime_musicgen_large,FPR,,,,0,2000
ast_60s,sources,aime_musicgen_large,TN,0.0,0.0,0.0,2000,2000
ast_60s,sources,aime_musicgen_large,TP,17.0,12.0,22.0,2000,2000
ast_60s,sources,aime_musicgen_large,TPR,0.5666666666666667,0.4,0.7333333333333333,2000,2000
ast_60s,sources,aime_musicgen_large,all_attempt_correctness,0.5666666666666667,0.4,0.7333333333333333,2000,2000
ast_60s,sources,aime_musicgen_large,attempted,30.0,30.0,30.0,2000,2000
ast_60s,sources,aime_musicgen_large,balanced_accuracy,,,,0,2000
ast_60s,sources,aime_musicgen_large,coverage,1.0,1.0,1.0,2000,2000
ast_60s,sources,aime_musicgen_large,macro_FPR,,,,0,2000
ast_60s,sources,aime_musicgen_large,macro_TPR,0.5666666666666667,0.4,0.7333333333333333,2000,2000
ast_60s,sources,aime_musicgen_large,precision,1.0,1.0,1.0,2000,2000
ast_60s,sources,aime_musicgen_large,scored,30.0,30.0,30.0,2000,2000
ast_60s,sources,aime_musicgen_large,specificity,,,,0,2000
ast_60s,sources,aime_musicgen_medium,AUROC,,,,0,2000
ast_60s,sources,aime_musicgen_medium,F1,,,,0,2000
ast_60s,sources,aime_musicgen_medium,FN,15.0,10.0,20.024999999999864,2000,2000
ast_60s,sources,aime_musicgen_medium,FP,0.0,0.0,0.0,2000,2000
ast_60s,sources,aime_musicgen_medium,FPR,,,,0,2000
ast_60s,sources,aime_musicgen_medium,TN,0.0,0.0,0.0,2000,2000
ast_60s,sources,aime_musicgen_medium,TP,15.0,9.975000000000001,20.0,2000,2000
ast_60s,sources,aime_musicgen_medium,TPR,0.5,0.3325,0.6666666666666666,2000,2000
ast_60s,sources,aime_musicgen_medium,all_attempt_correctness,0.5,0.3325,0.6666666666666666,2000,2000
ast_60s,sources,aime_musicgen_medium,attempted,30.0,30.0,30.0,2000,2000
ast_60s,sources,aime_musicgen_medium,balanced_accuracy,,,,0,2000
ast_60s,sources,aime_musicgen_medium,coverage,1.0,1.0,1.0,2000,2000
ast_60s,sources,aime_musicgen_medium,macro_FPR,,,,0,2000
ast_60s,sources,aime_musicgen_medium,macro_TPR,0.5,0.3325,0.6666666666666666,2000,2000
ast_60s,sources,aime_musicgen_medium,precision,1.0,1.0,1.0,2000,2000
ast_60s,sources,aime_musicgen_medium,scored,30.0,30.0,30.0,2000,2000
ast_60s,sources,aime_musicgen_medium,specificity,,,,0,2000
ast_60s,sources,aime_musicgen_small,AUROC,,,,0,2000
ast_60s,sources,aime_musicgen_small,F1,,,,0,2000
ast_60s,sources,aime_musicgen_small,FN,19.0,14.0,24.0,2000,2000
ast_60s,sources,aime_musicgen_small,FP,0.0,0.0,0.0,2000,2000
ast_60s,sources,aime_musicgen_small,FPR,,,,0,2000
ast_60s,sources,aime_musicgen_small,TN,0.0,0.0,0.0,2000,2000
ast_60s,sources,aime_musicgen_small,TP,11.0,6.0,16.0,2000,2000
ast_60s,sources,aime_musicgen_small,TPR,0.36666666666666664,0.2,0.5333333333333333,2000,2000
ast_60s,sources,aime_musicgen_small,all_attempt_correctness,0.36666666666666664,0.2,0.5333333333333333,2000,2000
ast_60s,sources,aime_musicgen_small,attempted,30.0,30.0,30.0,2000,2000
ast_60s,sources,aime_musicgen_small,balanced_accuracy,,,,0,2000
ast_60s,sources,aime_musicgen_small,coverage,1.0,1.0,1.0,2000,2000
ast_60s,sources,aime_musicgen_small,macro_FPR,,,,0,2000
ast_60s,sources,aime_musicgen_small,macro_TPR,0.36666666666666664,0.2,0.5333333333333333,2000,2000
ast_60s,sources,aime_musicgen_small,precision,1.0,1.0,1.0,2000,2000
ast_60s,sources,aime_musicgen_small,scored,30.0,30.0,30.0,2000,2000
ast_60s,sources,aime_musicgen_small,specificity,,,,0,2000
ast_60s,sources,aime_riffusion,AUROC,,,,0,2000
ast_60s,sources,aime_riffusion,F1,,,,0,2000
ast_60s,sources,aime_riffusion,FN,2.0,0.0,5.0,2000,2000
ast_60s,sources,aime_riffusion,FP,0.0,0.0,0.0,2000,2000
ast_60s,sources,aime_riffusion,FPR,,,,0,2000
ast_60s,sources,aime_riffusion,TN,0.0,0.0,0.0,2000,2000
ast_60s,sources,aime_riffusion,TP,28.0,25.0,30.0,2000,2000
ast_60s,sources,aime_riffusion,TPR,0.9333333333333333,0.8333333333333334,1.0,2000,2000
ast_60s,sources,aime_riffusion,all_attempt_correctness,0.9333333333333333,0.8333333333333334,1.0,2000,2000
ast_60s,sources,aime_riffusion,attempted,30.0,30.0,30.0,2000,2000
ast_60s,sources,aime_riffusion,balanced_accuracy,,,,0,2000
ast_60s,sources,aime_riffusion,coverage,1.0,1.0,1.0,2000,2000
ast_60s,sources,aime_riffusion,macro_FPR,,,,0,2000
ast_60s,sources,aime_riffusion,macro_TPR,0.9333333333333333,0.8333333333333334,1.0,2000,2000
ast_60s,sources,aime_riffusion,precision,1.0,1.0,1.0,2000,2000
ast_60s,sources,aime_riffusion,scored,30.0,30.0,30.0,2000,2000
ast_60s,sources,aime_riffusion,specificity,,,,0,2000
ast_60s,sources,aime_stable_audio_v1,AUROC,,,,0,2000
ast_60s,sources,aime_stable_audio_v1,F1,,,,0,2000
ast_60s,sources,aime_stable_audio_v1,FN,33.0,27.0,40.0,2000,2000
ast_60s,sources,aime_stable_audio_v1,FP,0.0,0.0,0.0,2000,2000
ast_60s,sources,aime_stable_audio_v1,FPR,,,,0,2000
ast_60s,sources,aime_stable_audio_v1,TN,0.0,0.0,0.0,2000,2000
ast_60s,sources,aime_stable_audio_v1,TP,17.0,10.0,23.0,2000,2000
ast_60s,sources,aime_stable_audio_v1,TPR,0.34,0.2,0.46,2000,2000
ast_60s,sources,aime_stable_audio_v1,all_attempt_correctness,0.34,0.2,0.46,2000,2000
ast_60s,sources,aime_stable_audio_v1,attempted,50.0,50.0,50.0,2000,2000
ast_60s,sources,aime_stable_audio_v1,balanced_accuracy,,,,0,2000
ast_60s,sources,aime_stable_audio_v1,coverage,1.0,1.0,1.0,2000,2000
ast_60s,sources,aime_stable_audio_v1,macro_FPR,,,,0,2000
ast_60s,sources,aime_stable_audio_v1,macro_TPR,0.34,0.2,0.46,2000,2000
ast_60s,sources,aime_stable_audio_v1,precision,1.0,1.0,1.0,2000,2000
ast_60s,sources,aime_stable_audio_v1,scored,50.0,50.0,50.0,2000,2000
ast_60s,sources,aime_stable_audio_v1,specificity,,,,0,2000
ast_60s,sources,aime_stable_audio_v2,AUROC,,,,0,2000
ast_60s,sources,aime_stable_audio_v2,F1,,,,0,2000
ast_60s,sources,aime_stable_audio_v2,FN,39.0,33.0,45.0,2000,2000
ast_60s,sources,aime_stable_audio_v2,FP,0.0,0.0,0.0,2000,2000
ast_60s,sources,aime_stable_audio_v2,FPR,,,,0,2000
ast_60s,sources,aime_stable_audio_v2,TN,0.0,0.0,0.0,2000,2000
ast_60s,sources,aime_stable_audio_v2,TP,11.0,5.0,17.0,2000,2000
ast_60s,sources,aime_stable_audio_v2,TPR,0.22,0.1,0.34,2000,2000
ast_60s,sources,aime_stable_audio_v2,all_attempt_correctness,0.22,0.1,0.34,2000,2000
ast_60s,sources,aime_stable_audio_v2,attempted,50.0,50.0,50.0,2000,2000
ast_60s,sources,aime_stable_audio_v2,balanced_accuracy,,,,0,2000
ast_60s,sources,aime_stable_audio_v2,coverage,1.0,1.0,1.0,2000,2000
ast_60s,sources,aime_stable_audio_v2,macro_FPR,,,,0,2000
ast_60s,sources,aime_stable_audio_v2,macro_TPR,0.22,0.1,0.34,2000,2000
ast_60s,sources,aime_stable_audio_v2,precision,1.0,1.0,1.0,2000,2000
ast_60s,sources,aime_stable_audio_v2,scored,50.0,50.0,50.0,2000,2000
ast_60s,sources,aime_stable_audio_v2,specificity,,,,0,2000
ast_60s,sources,aime_suno_v3,AUROC,,,,0,2000
ast_60s,sources,aime_suno_v3,F1,,,,0,2000
ast_60s,sources,aime_suno_v3,FN,4.0,1.0,8.0,2000,2000
ast_60s,sources,aime_suno_v3,FP,0.0,0.0,0.0,2000,2000
ast_60s,sources,aime_suno_v3,FPR,,,,0,2000
ast_60s,sources,aime_suno_v3,TN,0.0,0.0,0.0,2000,2000
ast_60s,sources,aime_suno_v3,TP,26.0,22.0,29.0,2000,2000
ast_60s,sources,aime_suno_v3,TPR,0.8666666666666667,0.7333333333333333,0.9666666666666667,2000,2000
ast_60s,sources,aime_suno_v3,all_attempt_correctness,0.8666666666666667,0.7333333333333333,0.9666666666666667,2000,2000
ast_60s,sources,aime_suno_v3,attempted,30.0,30.0,30.0,2000,2000
ast_60s,sources,aime_suno_v3,balanced_accuracy,,,,0,2000
ast_60s,sources,aime_suno_v3,coverage,1.0,1.0,1.0,2000,2000
ast_60s,sources,aime_suno_v3,macro_FPR,,,,0,2000
ast_60s,sources,aime_suno_v3,macro_TPR,0.8666666666666667,0.7333333333333333,0.9666666666666667,2000,2000
ast_60s,sources,aime_suno_v3,precision,1.0,1.0,1.0,2000,2000
ast_60s,sources,aime_suno_v3,scored,30.0,30.0,30.0,2000,2000
ast_60s,sources,aime_suno_v3,specificity,,,,0,2000
ast_60s,sources,aime_suno_v35,AUROC,,,,0,2000
ast_60s,sources,aime_suno_v35,F1,,,,0,2000
ast_60s,sources,aime_suno_v35,FN,6.0,2.0,10.0,2000,2000
ast_60s,sources,aime_suno_v35,FP,0.0,0.0,0.0,2000,2000
ast_60s,sources,aime_suno_v35,FPR,,,,0,2000
ast_60s,sources,aime_suno_v35,TN,0.0,0.0,0.0,2000,2000
ast_60s,sources,aime_suno_v35,TP,24.0,20.0,28.0,2000,2000
ast_60s,sources,aime_suno_v35,TPR,0.8,0.6666666666666666,0.9333333333333333,2000,2000
ast_60s,sources,aime_suno_v35,all_attempt_correctness,0.8,0.6666666666666666,0.9333333333333333,2000,2000
ast_60s,sources,aime_suno_v35,attempted,30.0,30.0,30.0,2000,2000
ast_60s,sources,aime_suno_v35,balanced_accuracy,,,,0,2000
ast_60s,sources,aime_suno_v35,coverage,1.0,1.0,1.0,2000,2000
ast_60s,sources,aime_suno_v35,macro_FPR,,,,0,2000
ast_60s,sources,aime_suno_v35,macro_TPR,0.8,0.6666666666666666,0.9333333333333333,2000,2000
ast_60s,sources,aime_suno_v35,precision,1.0,1.0,1.0,2000,2000
ast_60s,sources,aime_suno_v35,scored,30.0,30.0,30.0,2000,2000
ast_60s,sources,aime_suno_v35,specificity,,,,0,2000
ast_60s,sources,aime_udio,AUROC,,,,0,2000
ast_60s,sources,aime_udio,F1,,,,0,2000
ast_60s,sources,aime_udio,FN,1.0,0.0,3.0,2000,2000
ast_60s,sources,aime_udio,FP,0.0,0.0,0.0,2000,2000
ast_60s,sources,aime_udio,FPR,,,,0,2000
ast_60s,sources,aime_udio,TN,0.0,0.0,0.0,2000,2000
ast_60s,sources,aime_udio,TP,29.0,27.0,30.0,2000,2000
ast_60s,sources,aime_udio,TPR,0.9666666666666667,0.9,1.0,2000,2000
ast_60s,sources,aime_udio,all_attempt_correctness,0.9666666666666667,0.9,1.0,2000,2000
ast_60s,sources,aime_udio,attempted,30.0,30.0,30.0,2000,2000
ast_60s,sources,aime_udio,balanced_accuracy,,,,0,2000
ast_60s,sources,aime_udio,coverage,1.0,1.0,1.0,2000,2000
ast_60s,sources,aime_udio,macro_FPR,,,,0,2000
ast_60s,sources,aime_udio,macro_TPR,0.9666666666666667,0.9,1.0,2000,2000
ast_60s,sources,aime_udio,precision,1.0,1.0,1.0,2000,2000
ast_60s,sources,aime_udio,scored,30.0,30.0,30.0,2000,2000
ast_60s,sources,aime_udio,specificity,,,,0,2000
ast_60s,sources,fma_hardneg,AUROC,,,,0,2000
ast_60s,sources,fma_hardneg,F1,,,,0,2000
ast_60s,sources,fma_hardneg,FN,0.0,0.0,0.0,2000,2000
ast_60s,sources,fma_hardneg,FP,12.0,6.0,19.0,2000,2000
ast_60s,sources,fma_hardneg,FPR,0.08,0.04,0.12666666666666668,2000,2000
ast_60s,sources,fma_hardneg,TN,138.0,131.0,144.0,2000,2000
ast_60s,sources,fma_hardneg,TP,0.0,0.0,0.0,2000,2000
ast_60s,sources,fma_hardneg,TPR,,,,0,2000
ast_60s,sources,fma_hardneg,all_attempt_correctness,0.92,0.8733333333333333,0.96,2000,2000
ast_60s,sources,fma_hardneg,attempted,150.0,150.0,150.0,2000,2000
ast_60s,sources,fma_hardneg,balanced_accuracy,,,,0,2000
ast_60s,sources,fma_hardneg,coverage,1.0,1.0,1.0,2000,2000
ast_60s,sources,fma_hardneg,macro_FPR,0.08,0.04,0.12666666666666668,2000,2000
ast_60s,sources,fma_hardneg,macro_TPR,,,,0,2000
ast_60s,sources,fma_hardneg,precision,0.0,0.0,0.0,2000,2000
ast_60s,sources,fma_hardneg,scored,150.0,150.0,150.0,2000,2000
ast_60s,sources,fma_hardneg,specificity,0.92,0.8733333333333333,0.96,2000,2000
ast_60s,sources,mom_diffrythm,AUROC,,,,0,2000
ast_60s,sources,mom_diffrythm,F1,,,,0,2000
ast_60s,sources,mom_diffrythm,FN,17.0,10.0,25.0,2000,2000
ast_60s,sources,mom_diffrythm,FP,0.0,0.0,0.0,2000,2000
ast_60s,sources,mom_diffrythm,FPR,,,,0,2000
ast_60s,sources,mom_diffrythm,TN,0.0,0.0,0.0,2000,2000
ast_60s,sources,mom_diffrythm,TP,83.0,75.0,90.0,2000,2000
ast_60s,sources,mom_diffrythm,TPR,0.83,0.75,0.9,2000,2000
ast_60s,sources,mom_diffrythm,all_attempt_correctness,0.83,0.75,0.9,2000,2000
ast_60s,sources,mom_diffrythm,attempted,100.0,100.0,100.0,2000,2000
ast_60s,sources,mom_diffrythm,balanced_accuracy,,,,0,2000
ast_60s,sources,mom_diffrythm,coverage,1.0,1.0,1.0,2000,2000
ast_60s,sources,mom_diffrythm,macro_FPR,,,,0,2000
ast_60s,sources,mom_diffrythm,macro_TPR,0.83,0.75,0.9,2000,2000
ast_60s,sources,mom_diffrythm,precision,1.0,1.0,1.0,2000,2000
ast_60s,sources,mom_diffrythm,scored,100.0,100.0,100.0,2000,2000
ast_60s,sources,mom_diffrythm,specificity,,,,0,2000
ast_60s,sources,mom_extra_real,AUROC,,,,0,2000
ast_60s,sources,mom_extra_real,F1,,,,0,2000
ast_60s,sources,mom_extra_real,FN,0.0,0.0,0.0,2000,2000
ast_60s,sources,mom_extra_real,FP,33.0,24.0,42.0,2000,2000
ast_60s,sources,mom_extra_real,FPR,0.375,0.2727272727272727,0.4772727272727273,2000,2000
ast_60s,sources,mom_extra_real,TN,55.0,46.0,64.0,2000,2000
ast_60s,sources,mom_extra_real,TP,0.0,0.0,0.0,2000,2000
ast_60s,sources,mom_extra_real,TPR,,,,0,2000
ast_60s,sources,mom_extra_real,all_attempt_correctness,0.625,0.5227272727272727,0.7272727272727273,2000,2000
ast_60s,sources,mom_extra_real,attempted,88.0,88.0,88.0,2000,2000
ast_60s,sources,mom_extra_real,balanced_accuracy,,,,0,2000
ast_60s,sources,mom_extra_real,coverage,1.0,1.0,1.0,2000,2000
ast_60s,sources,mom_extra_real,macro_FPR,0.375,0.2727272727272727,0.4772727272727273,2000,2000
ast_60s,sources,mom_extra_real,macro_TPR,,,,0,2000
ast_60s,sources,mom_extra_real,precision,0.0,0.0,0.0,2000,2000
ast_60s,sources,mom_extra_real,scored,88.0,88.0,88.0,2000,2000
ast_60s,sources,mom_extra_real,specificity,0.625,0.5227272727272727,0.7272727272727273,2000,2000
ast_60s,sources,mom_real,AUROC,,,,0,2000
ast_60s,sources,mom_real,F1,,,,0,2000
ast_60s,sources,mom_real,FN,0.0,0.0,0.0,2000,2000
ast_60s,sources,mom_real,FP,26.0,17.0,35.0,2000,2000
ast_60s,sources,mom_real,FPR,0.13978494623655913,0.0913978494623656,0.1881720430107527,2000,2000
ast_60s,sources,mom_real,TN,160.0,151.0,169.0,2000,2000
ast_60s,sources,mom_real,TP,0.0,0.0,0.0,2000,2000
ast_60s,sources,mom_real,TPR,,,,0,2000
ast_60s,sources,mom_real,all_attempt_correctness,0.8602150537634409,0.8118279569892473,0.9086021505376344,2000,2000
ast_60s,sources,mom_real,attempted,186.0,186.0,186.0,2000,2000
ast_60s,sources,mom_real,balanced_accuracy,,,,0,2000
ast_60s,sources,mom_real,coverage,1.0,1.0,1.0,2000,2000
ast_60s,sources,mom_real,macro_FPR,0.13978494623655913,0.0913978494623656,0.1881720430107527,2000,2000
ast_60s,sources,mom_real,macro_TPR,,,,0,2000
ast_60s,sources,mom_real,precision,0.0,0.0,0.0,2000,2000
ast_60s,sources,mom_real,scored,186.0,186.0,186.0,2000,2000
ast_60s,sources,mom_real,specificity,0.8602150537634409,0.8118279569892473,0.9086021505376344,2000,2000
ast_60s,sources,mom_real_wav,AUROC,,,,0,2000
ast_60s,sources,mom_real_wav,F1,,,,0,2000
ast_60s,sources,mom_real_wav,FN,0.0,0.0,0.0,2000,2000
ast_60s,sources,mom_real_wav,FP,5.0,2.0,10.0,2000,2000
ast_60s,sources,mom_real_wav,FPR,0.17857142857142858,0.07142857142857142,0.35714285714285715,2000,2000
ast_60s,sources,mom_real_wav,TN,23.0,18.0,26.0,2000,2000
ast_60s,sources,mom_real_wav,TP,0.0,0.0,0.0,2000,2000
ast_60s,sources,mom_real_wav,TPR,,,,0,2000
ast_60s,sources,mom_real_wav,all_attempt_correctness,0.8214285714285714,0.6428571428571429,0.9285714285714286,2000,2000
ast_60s,sources,mom_real_wav,attempted,28.0,28.0,28.0,2000,2000
ast_60s,sources,mom_real_wav,balanced_accuracy,,,,0,2000
ast_60s,sources,mom_real_wav,coverage,1.0,1.0,1.0,2000,2000
ast_60s,sources,mom_real_wav,macro_FPR,0.17857142857142858,0.07142857142857142,0.35714285714285715,2000,2000
ast_60s,sources,mom_real_wav,macro_TPR,,,,0,2000
ast_60s,sources,mom_real_wav,precision,0.0,0.0,0.0,1995,2000
ast_60s,sources,mom_real_wav,scored,28.0,28.0,28.0,2000,2000
ast_60s,sources,mom_real_wav,specificity,0.8214285714285714,0.6428571428571428,0.9285714285714286,2000,2000
ast_60s,sources,mom_riffusion,AUROC,,,,0,2000
ast_60s,sources,mom_riffusion,F1,,,,0,2000
ast_60s,sources,mom_riffusion,FN,53.0,43.0,62.024999999999864,2000,2000
ast_60s,sources,mom_riffusion,FP,0.0,0.0,0.0,2000,2000
ast_60s,sources,mom_riffusion,FPR,,,,0,2000
ast_60s,sources,mom_riffusion,TN,0.0,0.0,0.0,2000,2000
ast_60s,sources,mom_riffusion,TP,47.0,37.975,57.0,2000,2000
ast_60s,sources,mom_riffusion,TPR,0.47,0.37975000000000003,0.57,2000,2000
ast_60s,sources,mom_riffusion,all_attempt_correctness,0.47,0.37975000000000003,0.57,2000,2000
ast_60s,sources,mom_riffusion,attempted,100.0,100.0,100.0,2000,2000
ast_60s,sources,mom_riffusion,balanced_accuracy,,,,0,2000
ast_60s,sources,mom_riffusion,coverage,1.0,1.0,1.0,2000,2000
ast_60s,sources,mom_riffusion,macro_FPR,,,,0,2000
ast_60s,sources,mom_riffusion,macro_TPR,0.47,0.37975000000000003,0.57,2000,2000
ast_60s,sources,mom_riffusion,precision,1.0,1.0,1.0,2000,2000
ast_60s,sources,mom_riffusion,scored,100.0,100.0,100.0,2000,2000
ast_60s,sources,mom_riffusion,specificity,,,,0,2000
ast_60s,sources,mom_udio,AUROC,,,,0,2000
ast_60s,sources,mom_udio,F1,,,,0,2000
ast_60s,sources,mom_udio,FN,0.0,0.0,0.0,2000,2000
ast_60s,sources,mom_udio,FP,0.0,0.0,0.0,2000,2000
ast_60s,sources,mom_udio,FPR,,,,0,2000
ast_60s,sources,mom_udio,TN,0.0,0.0,0.0,2000,2000
ast_60s,sources,mom_udio,TP,100.0,100.0,100.0,2000,2000
ast_60s,sources,mom_udio,TPR,1.0,1.0,1.0,2000,2000
ast_60s,sources,mom_udio,all_attempt_correctness,1.0,1.0,1.0,2000,2000
ast_60s,sources,mom_udio,attempted,100.0,100.0,100.0,2000,2000
ast_60s,sources,mom_udio,balanced_accuracy,,,,0,2000
ast_60s,sources,mom_udio,coverage,1.0,1.0,1.0,2000,2000
ast_60s,sources,mom_udio,macro_FPR,,,,0,2000
ast_60s,sources,mom_udio,macro_TPR,1.0,1.0,1.0,2000,2000
ast_60s,sources,mom_udio,precision,1.0,1.0,1.0,2000,2000
ast_60s,sources,mom_udio,scored,100.0,100.0,100.0,2000,2000
ast_60s,sources,mom_udio,specificity,,,,0,2000
ast_60s,sources,mom_yue,AUROC,,,,0,2000
ast_60s,sources,mom_yue,F1,,,,0,2000
ast_60s,sources,mom_yue,FN,4.0,1.0,8.0,2000,2000
ast_60s,sources,mom_yue,FP,0.0,0.0,0.0,2000,2000
ast_60s,sources,mom_yue,FPR,,,,0,2000
ast_60s,sources,mom_yue,TN,0.0,0.0,0.0,2000,2000
ast_60s,sources,mom_yue,TP,96.0,92.0,100.0,2000,2000
ast_60s,sources,mom_yue,TPR,0.96,0.919979797979798,0.9901960784313726,2000,2000
ast_60s,sources,mom_yue,all_attempt_correctness,0.96,0.919979797979798,0.9901960784313726,2000,2000
ast_60s,sources,mom_yue,attempted,100.0,99.0,102.0,2000,2000
ast_60s,sources,mom_yue,balanced_accuracy,,,,0,2000
ast_60s,sources,mom_yue,coverage,1.0,1.0,1.0,2000,2000
ast_60s,sources,mom_yue,macro_FPR,,,,0,2000
ast_60s,sources,mom_yue,macro_TPR,0.96,0.919979797979798,0.9901960784313726,2000,2000
ast_60s,sources,mom_yue,precision,1.0,1.0,1.0,2000,2000
ast_60s,sources,mom_yue,scored,100.0,99.0,102.0,2000,2000
ast_60s,sources,mom_yue,specificity,,,,0,2000
ast_60s,sources,sonics_chirp-v2-xxl-alpha,AUROC,,,,0,2000
ast_60s,sources,sonics_chirp-v2-xxl-alpha,F1,,,,0,2000
ast_60s,sources,sonics_chirp-v2-xxl-alpha,FN,0.0,0.0,0.0,2000,2000
ast_60s,sources,sonics_chirp-v2-xxl-alpha,FP,0.0,0.0,0.0,2000,2000
ast_60s,sources,sonics_chirp-v2-xxl-alpha,FPR,,,,0,2000
ast_60s,sources,sonics_chirp-v2-xxl-alpha,TN,0.0,0.0,0.0,2000,2000
ast_60s,sources,sonics_chirp-v2-xxl-alpha,TP,80.0,80.0,80.0,2000,2000
ast_60s,sources,sonics_chirp-v2-xxl-alpha,TPR,1.0,1.0,1.0,2000,2000
ast_60s,sources,sonics_chirp-v2-xxl-alpha,all_attempt_correctness,1.0,1.0,1.0,2000,2000
ast_60s,sources,sonics_chirp-v2-xxl-alpha,attempted,80.0,80.0,80.0,2000,2000
ast_60s,sources,sonics_chirp-v2-xxl-alpha,balanced_accuracy,,,,0,2000
ast_60s,sources,sonics_chirp-v2-xxl-alpha,coverage,1.0,1.0,1.0,2000,2000
ast_60s,sources,sonics_chirp-v2-xxl-alpha,macro_FPR,,,,0,2000
ast_60s,sources,sonics_chirp-v2-xxl-alpha,macro_TPR,1.0,1.0,1.0,2000,2000
ast_60s,sources,sonics_chirp-v2-xxl-alpha,precision,1.0,1.0,1.0,2000,2000
ast_60s,sources,sonics_chirp-v2-xxl-alpha,scored,80.0,80.0,80.0,2000,2000
ast_60s,sources,sonics_chirp-v2-xxl-alpha,specificity,,,,0,2000
ast_60s,sources,sonics_chirp-v3,AUROC,,,,0,2000
ast_60s,sources,sonics_chirp-v3,F1,,,,0,2000
ast_60s,sources,sonics_chirp-v3,FN,0.0,0.0,0.0,2000,2000
ast_60s,sources,sonics_chirp-v3,FP,0.0,0.0,0.0,2000,2000
ast_60s,sources,sonics_chirp-v3,FPR,,,,0,2000
ast_60s,sources,sonics_chirp-v3,TN,0.0,0.0,0.0,2000,2000
ast_60s,sources,sonics_chirp-v3,TP,80.0,80.0,80.0,2000,2000
ast_60s,sources,sonics_chirp-v3,TPR,1.0,1.0,1.0,2000,2000
ast_60s,sources,sonics_chirp-v3,all_attempt_correctness,1.0,1.0,1.0,2000,2000
ast_60s,sources,sonics_chirp-v3,attempted,80.0,80.0,80.0,2000,2000
ast_60s,sources,sonics_chirp-v3,balanced_accuracy,,,,0,2000
ast_60s,sources,sonics_chirp-v3,coverage,1.0,1.0,1.0,2000,2000
ast_60s,sources,sonics_chirp-v3,macro_FPR,,,,0,2000
ast_60s,sources,sonics_chirp-v3,macro_TPR,1.0,1.0,1.0,2000,2000
ast_60s,sources,sonics_chirp-v3,precision,1.0,1.0,1.0,2000,2000
ast_60s,sources,sonics_chirp-v3,scored,80.0,80.0,80.0,2000,2000
ast_60s,sources,sonics_chirp-v3,specificity,,,,0,2000
ast_60s,sources,sonics_chirp-v3.5,AUROC,,,,0,2000
ast_60s,sources,sonics_chirp-v3.5,F1,,,,0,2000
ast_60s,sources,sonics_chirp-v3.5,FN,0.0,0.0,0.0,2000,2000
ast_60s,sources,sonics_chirp-v3.5,FP,0.0,0.0,0.0,2000,2000
ast_60s,sources,sonics_chirp-v3.5,FPR,,,,0,2000
ast_60s,sources,sonics_chirp-v3.5,TN,0.0,0.0,0.0,2000,2000
ast_60s,sources,sonics_chirp-v3.5,TP,80.0,80.0,80.0,2000,2000
ast_60s,sources,sonics_chirp-v3.5,TPR,1.0,1.0,1.0,2000,2000
ast_60s,sources,sonics_chirp-v3.5,all_attempt_correctness,1.0,1.0,1.0,2000,2000
ast_60s,sources,sonics_chirp-v3.5,attempted,80.0,80.0,80.0,2000,2000
ast_60s,sources,sonics_chirp-v3.5,balanced_accuracy,,,,0,2000
ast_60s,sources,sonics_chirp-v3.5,coverage,1.0,1.0,1.0,2000,2000
ast_60s,sources,sonics_chirp-v3.5,macro_FPR,,,,0,2000
ast_60s,sources,sonics_chirp-v3.5,macro_TPR,1.0,1.0,1.0,2000,2000
ast_60s,sources,sonics_chirp-v3.5,precision,1.0,1.0,1.0,2000,2000
ast_60s,sources,sonics_chirp-v3.5,scored,80.0,80.0,80.0,2000,2000
ast_60s,sources,sonics_chirp-v3.5,specificity,,,,0,2000
ast_60s,sources,sonics_real,AUROC,,,,0,2000
ast_60s,sources,sonics_real,F1,,,,0,2000
ast_60s,sources,sonics_real,FN,0.0,0.0,0.0,2000,2000
ast_60s,sources,sonics_real,FP,110.0,94.0,126.02499999999986,2000,2000
ast_60s,sources,sonics_real,FPR,0.3728813559322034,0.31864406779661014,0.427203389830508,2000,2000
ast_60s,sources,sonics_real,TN,185.0,168.975,201.0,2000,2000
ast_60s,sources,sonics_real,TP,0.0,0.0,0.0,2000,2000
ast_60s,sources,sonics_real,TPR,,,,0,2000
ast_60s,sources,sonics_real,all_attempt_correctness,0.6271186440677966,0.5727966101694915,0.6813559322033899,2000,2000
ast_60s,sources,sonics_real,attempted,295.0,295.0,295.0,2000,2000
ast_60s,sources,sonics_real,balanced_accuracy,,,,0,2000
ast_60s,sources,sonics_real,coverage,1.0,1.0,1.0,2000,2000
ast_60s,sources,sonics_real,macro_FPR,0.3728813559322034,0.31864406779661014,0.427203389830508,2000,2000
ast_60s,sources,sonics_real,macro_TPR,,,,0,2000
ast_60s,sources,sonics_real,precision,0.0,0.0,0.0,2000,2000
ast_60s,sources,sonics_real,scored,295.0,295.0,295.0,2000,2000
ast_60s,sources,sonics_real,specificity,0.6271186440677966,0.5727966101694916,0.6813559322033899,2000,2000
ast_60s,sources,sonics_udio-120s,AUROC,,,,0,2000
ast_60s,sources,sonics_udio-120s,F1,,,,0,2000
ast_60s,sources,sonics_udio-120s,FN,0.0,0.0,0.0,2000,2000
ast_60s,sources,sonics_udio-120s,FP,0.0,0.0,0.0,2000,2000
ast_60s,sources,sonics_udio-120s,FPR,,,,0,2000
ast_60s,sources,sonics_udio-120s,TN,0.0,0.0,0.0,2000,2000
ast_60s,sources,sonics_udio-120s,TP,80.0,80.0,80.0,2000,2000
ast_60s,sources,sonics_udio-120s,TPR,1.0,1.0,1.0,2000,2000
ast_60s,sources,sonics_udio-120s,all_attempt_correctness,1.0,1.0,1.0,2000,2000
ast_60s,sources,sonics_udio-120s,attempted,80.0,80.0,80.0,2000,2000
ast_60s,sources,sonics_udio-120s,balanced_accuracy,,,,0,2000
ast_60s,sources,sonics_udio-120s,coverage,1.0,1.0,1.0,2000,2000
ast_60s,sources,sonics_udio-120s,macro_FPR,,,,0,2000
ast_60s,sources,sonics_udio-120s,macro_TPR,1.0,1.0,1.0,2000,2000
ast_60s,sources,sonics_udio-120s,precision,1.0,1.0,1.0,2000,2000
ast_60s,sources,sonics_udio-120s,scored,80.0,80.0,80.0,2000,2000
ast_60s,sources,sonics_udio-120s,specificity,,,,0,2000
ast_60s,sources,sonics_udio-30s,AUROC,,,,0,2000
ast_60s,sources,sonics_udio-30s,F1,,,,0,2000
ast_60s,sources,sonics_udio-30s,FN,2.0,0.0,5.0,2000,2000
ast_60s,sources,sonics_udio-30s,FP,0.0,0.0,0.0,2000,2000
ast_60s,sources,sonics_udio-30s,FPR,,,,0,2000
ast_60s,sources,sonics_udio-30s,TN,0.0,0.0,0.0,2000,2000
ast_60s,sources,sonics_udio-30s,TP,78.0,75.0,80.0,2000,2000
ast_60s,sources,sonics_udio-30s,TPR,0.975,0.9375,1.0,2000,2000
ast_60s,sources,sonics_udio-30s,all_attempt_correctness,0.975,0.9375,1.0,2000,2000
ast_60s,sources,sonics_udio-30s,attempted,80.0,80.0,80.0,2000,2000
ast_60s,sources,sonics_udio-30s,balanced_accuracy,,,,0,2000
ast_60s,sources,sonics_udio-30s,coverage,1.0,1.0,1.0,2000,2000
ast_60s,sources,sonics_udio-30s,macro_FPR,,,,0,2000
ast_60s,sources,sonics_udio-30s,macro_TPR,0.975,0.9375,1.0,2000,2000
ast_60s,sources,sonics_udio-30s,precision,1.0,1.0,1.0,2000,2000
ast_60s,sources,sonics_udio-30s,scored,80.0,80.0,80.0,2000,2000
ast_60s,sources,sonics_udio-30s,specificity,,,,0,2000
ast_60s,sources,suno_cdn_latest,AUROC,,,,0,2000
ast_60s,sources,suno_cdn_latest,F1,,,,0,2000
ast_60s,sources,suno_cdn_latest,FN,7.0,3.0,12.0,2000,2000
ast_60s,sources,suno_cdn_latest,FP,0.0,0.0,0.0,2000,2000
ast_60s,sources,suno_cdn_latest,FPR,,,,0,2000
ast_60s,sources,suno_cdn_latest,TN,0.0,0.0,0.0,2000,2000
ast_60s,sources,suno_cdn_latest,TP,49.0,44.0,53.0,2000,2000
ast_60s,sources,suno_cdn_latest,TPR,0.875,0.7857142857142857,0.9464285714285714,2000,2000
ast_60s,sources,suno_cdn_latest,all_attempt_correctness,0.875,0.7857142857142857,0.9464285714285714,2000,2000
ast_60s,sources,suno_cdn_latest,attempted,56.0,56.0,56.0,2000,2000
ast_60s,sources,suno_cdn_latest,balanced_accuracy,,,,0,2000
ast_60s,sources,suno_cdn_latest,coverage,1.0,1.0,1.0,2000,2000
ast_60s,sources,suno_cdn_latest,macro_FPR,,,,0,2000
ast_60s,sources,suno_cdn_latest,macro_TPR,0.875,0.7857142857142857,0.9464285714285714,2000,2000
ast_60s,sources,suno_cdn_latest,precision,1.0,1.0,1.0,2000,2000
ast_60s,sources,suno_cdn_latest,scored,56.0,56.0,56.0,2000,2000
ast_60s,sources,suno_cdn_latest,specificity,,,,0,2000
ast_60s,sources,suno_extra,AUROC,,,,0,2000
ast_60s,sources,suno_extra,F1,,,,0,2000
ast_60s,sources,suno_extra,FN,6.0,2.0,11.0,2000,2000
ast_60s,sources,suno_extra,FP,0.0,0.0,0.0,2000,2000
ast_60s,sources,suno_extra,FPR,,,,0,2000
ast_60s,sources,suno_extra,TN,0.0,0.0,0.0,2000,2000
ast_60s,sources,suno_extra,TP,74.0,69.0,78.0,2000,2000
ast_60s,sources,suno_extra,TPR,0.925,0.8625,0.975,2000,2000
ast_60s,sources,suno_extra,all_attempt_correctness,0.925,0.8625,0.975,2000,2000
ast_60s,sources,suno_extra,attempted,80.0,80.0,80.0,2000,2000
ast_60s,sources,suno_extra,balanced_accuracy,,,,0,2000
ast_60s,sources,suno_extra,coverage,1.0,1.0,1.0,2000,2000
ast_60s,sources,suno_extra,macro_FPR,,,,0,2000
ast_60s,sources,suno_extra,macro_TPR,0.925,0.8625,0.975,2000,2000
ast_60s,sources,suno_extra,precision,1.0,1.0,1.0,2000,2000
ast_60s,sources,suno_extra,scored,80.0,80.0,80.0,2000,2000
ast_60s,sources,suno_extra,specificity,,,,0,2000
ast_60s,sources,suno_v5.5_native_260905,AUROC,,,,0,2000
ast_60s,sources,suno_v5.5_native_260905,F1,,,,0,2000
ast_60s,sources,suno_v5.5_native_260905,FN,1.0,0.0,3.0,2000,2000
ast_60s,sources,suno_v5.5_native_260905,FP,0.0,0.0,0.0,2000,2000
ast_60s,sources,suno_v5.5_native_260905,FPR,,,,0,2000
ast_60s,sources,suno_v5.5_native_260905,TN,0.0,0.0,0.0,2000,2000
ast_60s,sources,suno_v5.5_native_260905,TP,199.0,188.0,210.0,2000,2000
ast_60s,sources,suno_v5.5_native_260905,TPR,0.995,0.984372954842932,1.0,2000,2000
ast_60s,sources,suno_v5.5_native_260905,all_attempt_correctness,0.995,0.984372954842932,1.0,2000,2000
ast_60s,sources,suno_v5.5_native_260905,attempted,200.0,190.0,210.02499999999986,2000,2000
ast_60s,sources,suno_v5.5_native_260905,balanced_accuracy,,,,0,2000
ast_60s,sources,suno_v5.5_native_260905,coverage,1.0,1.0,1.0,2000,2000
ast_60s,sources,suno_v5.5_native_260905,macro_FPR,,,,0,2000
ast_60s,sources,suno_v5.5_native_260905,macro_TPR,0.995,0.984372954842932,1.0,2000,2000
ast_60s,sources,suno_v5.5_native_260905,precision,1.0,1.0,1.0,2000,2000
ast_60s,sources,suno_v5.5_native_260905,scored,200.0,190.0,210.02499999999986,2000,2000
ast_60s,sources,suno_v5.5_native_260905,specificity,,,,0,2000
ast_60s,sources,udio_2026_version_unknown_native_260905,AUROC,,,,0,2000
ast_60s,sources,udio_2026_version_unknown_native_260905,F1,,,,0,2000
ast_60s,sources,udio_2026_version_unknown_native_260905,FN,1.0,0.0,3.0,2000,2000
ast_60s,sources,udio_2026_version_unknown_native_260905,FP,0.0,0.0,0.0,2000,2000
ast_60s,sources,udio_2026_version_unknown_native_260905,FPR,,,,0,2000
ast_60s,sources,udio_2026_version_unknown_native_260905,TN,0.0,0.0,0.0,2000,2000
ast_60s,sources,udio_2026_version_unknown_native_260905,TP,199.0,189.0,209.0,2000,2000
ast_60s,sources,udio_2026_version_unknown_native_260905,TPR,0.995,0.9844559585492227,1.0,2000,2000
ast_60s,sources,udio_2026_version_unknown_native_260905,all_attempt_correctness,0.995,0.9844559585492227,1.0,2000,2000
ast_60s,sources,udio_2026_version_unknown_native_260905,attempted,200.0,190.975,210.0,2000,2000
ast_60s,sources,udio_2026_version_unknown_native_260905,balanced_accuracy,,,,0,2000
ast_60s,sources,udio_2026_version_unknown_native_260905,coverage,1.0,1.0,1.0,2000,2000
ast_60s,sources,udio_2026_version_unknown_native_260905,macro_FPR,,,,0,2000
ast_60s,sources,udio_2026_version_unknown_native_260905,macro_TPR,0.995,0.9844559585492227,1.0,2000,2000
ast_60s,sources,udio_2026_version_unknown_native_260905,precision,1.0,1.0,1.0,2000,2000
ast_60s,sources,udio_2026_version_unknown_native_260905,scored,200.0,190.975,210.0,2000,2000
ast_60s,sources,udio_2026_version_unknown_native_260905,specificity,,,,0,2000
ast_60s,sources,udio_cdn_latest,AUROC,,,,0,2000
ast_60s,sources,udio_cdn_latest,F1,,,,0,2000
ast_60s,sources,udio_cdn_latest,FN,1.0,0.0,3.0,2000,2000
ast_60s,sources,udio_cdn_latest,FP,0.0,0.0,0.0,2000,2000
ast_60s,sources,udio_cdn_latest,FPR,,,,0,2000
ast_60s,sources,udio_cdn_latest,TN,0.0,0.0,0.0,2000,2000
ast_60s,sources,udio_cdn_latest,TP,17.0,15.0,18.0,2000,2000
ast_60s,sources,udio_cdn_latest,TPR,0.9444444444444444,0.8333333333333334,1.0,2000,2000
ast_60s,sources,udio_cdn_latest,all_attempt_correctness,0.9444444444444444,0.8333333333333334,1.0,2000,2000
ast_60s,sources,udio_cdn_latest,attempted,18.0,18.0,18.0,2000,2000
ast_60s,sources,udio_cdn_latest,balanced_accuracy,,,,0,2000
ast_60s,sources,udio_cdn_latest,coverage,1.0,1.0,1.0,2000,2000
ast_60s,sources,udio_cdn_latest,macro_FPR,,,,0,2000
ast_60s,sources,udio_cdn_latest,macro_TPR,0.9444444444444444,0.8333333333333334,1.0,2000,2000
ast_60s,sources,udio_cdn_latest,precision,1.0,1.0,1.0,2000,2000
ast_60s,sources,udio_cdn_latest,scored,18.0,18.0,18.0,2000,2000
ast_60s,sources,udio_cdn_latest,specificity,,,,0,2000
ast_60s,sources,udio_extra,AUROC,,,,0,2000
ast_60s,sources,udio_extra,F1,,,,0,2000
ast_60s,sources,udio_extra,FN,3.0,0.0,6.0,2000,2000
ast_60s,sources,udio_extra,FP,0.0,0.0,0.0,2000,2000
ast_60s,sources,udio_extra,FPR,,,,0,2000
ast_60s,sources,udio_extra,TN,0.0,0.0,0.0,2000,2000
ast_60s,sources,udio_extra,TP,77.0,74.0,80.0,2000,2000
ast_60s,sources,udio_extra,TPR,0.9625,0.925,1.0,2000,2000
ast_60s,sources,udio_extra,all_attempt_correctness,0.9625,0.925,1.0,2000,2000
ast_60s,sources,udio_extra,attempted,80.0,80.0,80.0,2000,2000
ast_60s,sources,udio_extra,balanced_accuracy,,,,0,2000
ast_60s,sources,udio_extra,coverage,1.0,1.0,1.0,2000,2000
ast_60s,sources,udio_extra,macro_FPR,,,,0,2000
ast_60s,sources,udio_extra,macro_TPR,0.9625,0.925,1.0,2000,2000
ast_60s,sources,udio_extra,precision,1.0,1.0,1.0,2000,2000
ast_60s,sources,udio_extra,scored,80.0,80.0,80.0,2000,2000
ast_60s,sources,udio_extra,specificity,,,,0,2000
ast_60s,sources,youtube_hardneg,AUROC,,,,0,2000
ast_60s,sources,youtube_hardneg,F1,,,,0,2000
ast_60s,sources,youtube_hardneg,FN,0.0,0.0,0.0,2000,2000
ast_60s,sources,youtube_hardneg,FP,27.0,19.0,35.0,2000,2000
ast_60s,sources,youtube_hardneg,FPR,0.3698630136986301,0.2602739726027397,0.4794520547945205,2000,2000
ast_60s,sources,youtube_hardneg,TN,46.0,38.0,54.0,2000,2000
ast_60s,sources,youtube_hardneg,TP,0.0,0.0,0.0,2000,2000
ast_60s,sources,youtube_hardneg,TPR,,,,0,2000
ast_60s,sources,youtube_hardneg,all_attempt_correctness,0.6301369863013698,0.5205479452054794,0.7397260273972602,2000,2000
ast_60s,sources,youtube_hardneg,attempted,73.0,73.0,73.0,2000,2000
ast_60s,sources,youtube_hardneg,balanced_accuracy,,,,0,2000
ast_60s,sources,youtube_hardneg,coverage,1.0,1.0,1.0,2000,2000
ast_60s,sources,youtube_hardneg,macro_FPR,0.3698630136986301,0.2602739726027397,0.4794520547945205,2000,2000
ast_60s,sources,youtube_hardneg,macro_TPR,,,,0,2000
ast_60s,sources,youtube_hardneg,precision,0.0,0.0,0.0,2000,2000
ast_60s,sources,youtube_hardneg,scored,73.0,73.0,73.0,2000,2000
ast_60s,sources,youtube_hardneg,specificity,0.6301369863013699,0.5205479452054795,0.7397260273972603,2000,2000
deepfense,cohorts,contemporary_native,AUROC,,,,0,2000
deepfense,cohorts,contemporary_native,F1,,,,0,2000
deepfense,cohorts,contemporary_native,FN,394.0,380.0,409.0,2000,2000
deepfense,cohorts,contemporary_native,FP,0.0,0.0,0.0,2000,2000
deepfense,cohorts,contemporary_native,FPR,,,,0,2000
deepfense,cohorts,contemporary_native,TN,0.0,0.0,0.0,2000,2000
deepfense,cohorts,contemporary_native,TP,6.0,2.0,11.0,2000,2000
deepfense,cohorts,contemporary_native,TPR,0.015,0.004950189463390784,0.02777953586497889,2000,2000
deepfense,cohorts,contemporary_native,all_attempt_correctness,0.015,0.004950189463390784,0.02777953586497889,2000,2000
deepfense,cohorts,contemporary_native,attempted,400.0,387.0,414.0,2000,2000
deepfense,cohorts,contemporary_native,balanced_accuracy,,,,0,2000
deepfense,cohorts,contemporary_native,coverage,1.0,1.0,1.0,2000,2000
deepfense,cohorts,contemporary_native,macro_FPR,,,,0,2000
deepfense,cohorts,contemporary_native,macro_TPR,0.015,0.0049504950495049506,0.027777777777777776,2000,2000
deepfense,cohorts,contemporary_native,precision,1.0,1.0,1.0,2000,2000
deepfense,cohorts,contemporary_native,scored,400.0,387.0,414.0,2000,2000
deepfense,cohorts,contemporary_native,specificity,,,,0,2000
deepfense,cohorts,legacy,AUROC,0.3684561965811966,0.34679220411809497,0.3909114871141507,2000,2000
deepfense,cohorts,legacy,F1,0.17303822937625754,0.1517408881963634,0.19535533583994796,2000,2000
deepfense,cohorts,legacy,FN,1215.0,1196.0,1232.0,2000,2000
deepfense,cohorts,legacy,FP,18.0,10.0,27.0,2000,2000
deepfense,cohorts,legacy,FPR,0.02197802197802198,0.012239902080783354,0.032926829268292684,2000,2000
deepfense,cohorts,legacy,TN,801.0,792.0,809.0,2000,2000
deepfense,cohorts,legacy,TP,129.0,112.0,147.0,2000,2000
deepfense,cohorts,legacy,TPR,0.09598214285714286,0.08333178438661709,0.10945644080416977,2000,2000
deepfense,cohorts,legacy,all_attempt_correctness,0.4297597042513863,0.42097783980055437,0.43900325651174343,2000,2000
deepfense,cohorts,legacy,attempted,2164.0,2161.0,2168.0,2000,2000
deepfense,cohorts,legacy,balanced_accuracy,0.5370020604395604,0.5288762295484875,0.5454268214130263,2000,2000
deepfense,cohorts,legacy,coverage,0.9995378927911276,0.9986123959296948,1.0,2000,2000
deepfense,cohorts,legacy,macro_FPR,0.024749434351825556,0.011549855249523603,0.04277181793769672,2000,2000
deepfense,cohorts,legacy,macro_TPR,0.14911616161616162,0.12942992424242425,0.16963415404040405,2000,2000
deepfense,cohorts,legacy,precision,0.8775510204081632,0.8239333057166529,0.9261818989340702,2000,2000
deepfense,cohorts,legacy,scored,2163.0,2159.0,2167.0,2000,2000
deepfense,cohorts,legacy,specificity,0.978021978021978,0.9670731707317073,0.9877600979192166,2000,2000
deepfense,cohorts,non_demo,AUROC,0.3707061923805043,0.3506660025017922,0.3931343858471702,2000,2000
deepfense,cohorts,non_demo,F1,0.1423299947285187,0.12473567303921347,0.16124071593814684,2000,2000
deepfense,cohorts,non_demo,FN,1609.0,1585.975,1631.0,2000,2000
deepfense,cohorts,non_demo,FP,18.0,10.0,26.0,2000,2000
deepfense,cohorts,non_demo,FPR,0.02197802197802198,0.01225452696378429,0.03186372248285817,2000,2000
deepfense,cohorts,non_demo,TN,801.0,792.0,810.0,2000,2000
deepfense,cohorts,non_demo,TP,135.0,117.0,154.0,2000,2000
deepfense,cohorts,non_demo,TPR,0.07740825688073394,0.0672346600331675,0.08849211153242507,2000,2000
deepfense,cohorts,non_demo,all_attempt_correctness,0.36505460218408736,0.357282292642058,0.3732940288277191,2000,2000
deepfense,cohorts,non_demo,attempted,2564.0,2549.0,2579.0,2000,2000
deepfense,cohorts,non_demo,balanced_accuracy,0.527715117451356,0.5203662000353225,0.5347870274021289,2000,2000
deepfense,cohorts,non_demo,coverage,0.999609984399376,0.9988262910798122,1.0,2000,2000
deepfense,cohorts,non_demo,macro_FPR,0.024749434351825556,0.011952514855803478,0.04207742886775109,2000,2000
deepfense,cohorts,non_demo,macro_TPR,0.1379398148148148,0.11979027572147019,0.1578595894435044,2000,2000
deepfense,cohorts,non_demo,precision,0.8823529411764706,0.8333333333333334,0.9290334019675132,2000,2000
deepfense,cohorts,non_demo,scored,2563.0,2548.0,2579.0,2000,2000
deepfense,cohorts,non_demo,specificity,0.978021978021978,0.9681362775171418,0.9877454730362157,2000,2000
deepfense,cohorts,non_demo_recording_representative,AUROC,0.37128545656660566,0.3502354279405439,0.39276511051099383,2000,2000
deepfense,cohorts,non_demo_recording_representative,F1,0.14240506329113925,0.12493159548057238,0.16113830876864052,2000,2000
deepfense,cohorts,non_demo_recording_representative,FN,1608.0,1585.0,1630.0,2000,2000
deepfense,cohorts,non_demo_recording_representative,FP,18.0,10.0,27.0,2000,2000
deepfense,cohorts,non_demo_recording_representative,FPR,0.022031823745410038,0.012269187736068663,0.033047735618115054,2000,2000
deepfense,cohorts,non_demo_recording_representative,TN,799.0,790.0,807.0,2000,2000
deepfense,cohorts,non_demo_recording_representative,TP,135.0,117.0,154.0,2000,2000
deepfense,cohorts,non_demo_recording_representative,TPR,0.0774526678141136,0.06727408986498769,0.08849211153242507,2000,2000
deepfense,cohorts,non_demo_recording_representative,all_attempt_correctness,0.36470128855915657,0.3566963894567757,0.37328646363627604,2000,2000
deepfense,cohorts,non_demo_recording_representative,attempted,2561.0,2547.0,2576.0,2000,2000
deepfense,cohorts,non_demo_recording_representative,balanced_accuracy,0.5277104220343518,0.5200731883214026,0.5350096970501393,2000,2000
deepfense,cohorts,non_demo_recording_representative,coverage,0.9996095275283092,0.9988249118683902,1.0,2000,2000
deepfense,cohorts,non_demo_recording_representative,macro_FPR,0.024768913859383606,0.011510225127567272,0.040886497556598816,2000,2000
deepfense,cohorts,non_demo_recording_representative,macro_TPR,0.1379398148148148,0.11979027572147019,0.1578595894435044,2000,2000
deepfense,cohorts,non_demo_recording_representative,precision,0.8823529411764706,0.8300653594771242,0.9300886220697541,2000,2000
deepfense,cohorts,non_demo_recording_representative,scored,2560.0,2546.0,2575.0,2000,2000
deepfense,cohorts,non_demo_recording_representative,specificity,0.97796817625459,0.966952264381885,0.9877308122639313,2000,2000
deepfense,sources,aime_musicgen_large,AUROC,,,,0,2000
deepfense,sources,aime_musicgen_large,F1,,,,0,2000
deepfense,sources,aime_musicgen_large,FN,13.0,8.0,18.0,2000,2000
deepfense,sources,aime_musicgen_large,FP,0.0,0.0,0.0,2000,2000
deepfense,sources,aime_musicgen_large,FPR,,,,0,2000
deepfense,sources,aime_musicgen_large,TN,0.0,0.0,0.0,2000,2000
deepfense,sources,aime_musicgen_large,TP,17.0,12.0,22.0,2000,2000
deepfense,sources,aime_musicgen_large,TPR,0.5666666666666667,0.4,0.7333333333333333,2000,2000
deepfense,sources,aime_musicgen_large,all_attempt_correctness,0.5666666666666667,0.4,0.7333333333333333,2000,2000
deepfense,sources,aime_musicgen_large,attempted,30.0,30.0,30.0,2000,2000
deepfense,sources,aime_musicgen_large,balanced_accuracy,,,,0,2000
deepfense,sources,aime_musicgen_large,coverage,1.0,1.0,1.0,2000,2000
deepfense,sources,aime_musicgen_large,macro_FPR,,,,0,2000
deepfense,sources,aime_musicgen_large,macro_TPR,0.5666666666666667,0.4,0.7333333333333333,2000,2000
deepfense,sources,aime_musicgen_large,precision,1.0,1.0,1.0,2000,2000
deepfense,sources,aime_musicgen_large,scored,30.0,30.0,30.0,2000,2000
deepfense,sources,aime_musicgen_large,specificity,,,,0,2000
deepfense,sources,aime_musicgen_medium,AUROC,,,,0,2000
deepfense,sources,aime_musicgen_medium,F1,,,,0,2000
deepfense,sources,aime_musicgen_medium,FN,14.0,9.0,19.0,2000,2000
deepfense,sources,aime_musicgen_medium,FP,0.0,0.0,0.0,2000,2000
deepfense,sources,aime_musicgen_medium,FPR,,,,0,2000
deepfense,sources,aime_musicgen_medium,TN,0.0,0.0,0.0,2000,2000
deepfense,sources,aime_musicgen_medium,TP,16.0,11.0,21.0,2000,2000
deepfense,sources,aime_musicgen_medium,TPR,0.5333333333333333,0.36666666666666664,0.7,2000,2000
deepfense,sources,aime_musicgen_medium,all_attempt_correctness,0.5333333333333333,0.36666666666666664,0.7,2000,2000
deepfense,sources,aime_musicgen_medium,attempted,30.0,30.0,30.0,2000,2000
deepfense,sources,aime_musicgen_medium,balanced_accuracy,,,,0,2000
deepfense,sources,aime_musicgen_medium,coverage,1.0,1.0,1.0,2000,2000
deepfense,sources,aime_musicgen_medium,macro_FPR,,,,0,2000
deepfense,sources,aime_musicgen_medium,macro_TPR,0.5333333333333333,0.36666666666666664,0.7,2000,2000
deepfense,sources,aime_musicgen_medium,precision,1.0,1.0,1.0,2000,2000
deepfense,sources,aime_musicgen_medium,scored,30.0,30.0,30.0,2000,2000
deepfense,sources,aime_musicgen_medium,specificity,,,,0,2000
deepfense,sources,aime_musicgen_small,AUROC,,,,0,2000
deepfense,sources,aime_musicgen_small,F1,,,,0,2000
deepfense,sources,aime_musicgen_small,FN,9.0,4.0,14.0,2000,2000
deepfense,sources,aime_musicgen_small,FP,0.0,0.0,0.0,2000,2000
deepfense,sources,aime_musicgen_small,FPR,,,,0,2000
deepfense,sources,aime_musicgen_small,TN,0.0,0.0,0.0,2000,2000
deepfense,sources,aime_musicgen_small,TP,21.0,16.0,26.0,2000,2000
deepfense,sources,aime_musicgen_small,TPR,0.7,0.5333333333333333,0.8666666666666667,2000,2000
deepfense,sources,aime_musicgen_small,all_attempt_correctness,0.7,0.5333333333333333,0.8666666666666667,2000,2000
deepfense,sources,aime_musicgen_small,attempted,30.0,30.0,30.0,2000,2000
deepfense,sources,aime_musicgen_small,balanced_accuracy,,,,0,2000
deepfense,sources,aime_musicgen_small,coverage,1.0,1.0,1.0,2000,2000
deepfense,sources,aime_musicgen_small,macro_FPR,,,,0,2000
deepfense,sources,aime_musicgen_small,macro_TPR,0.7,0.5333333333333333,0.8666666666666667,2000,2000
deepfense,sources,aime_musicgen_small,precision,1.0,1.0,1.0,2000,2000
deepfense,sources,aime_musicgen_small,scored,30.0,30.0,30.0,2000,2000
deepfense,sources,aime_musicgen_small,specificity,,,,0,2000
deepfense,sources,aime_riffusion,AUROC,,,,0,2000
deepfense,sources,aime_riffusion,F1,,,,0,2000
deepfense,sources,aime_riffusion,FN,30.0,30.0,30.0,2000,2000
deepfense,sources,aime_riffusion,FP,0.0,0.0,0.0,2000,2000
deepfense,sources,aime_riffusion,FPR,,,,0,2000
deepfense,sources,aime_riffusion,TN,0.0,0.0,0.0,2000,2000
deepfense,sources,aime_riffusion,TP,0.0,0.0,0.0,2000,2000
deepfense,sources,aime_riffusion,TPR,0.0,0.0,0.0,2000,2000
deepfense,sources,aime_riffusion,all_attempt_correctness,0.0,0.0,0.0,2000,2000
deepfense,sources,aime_riffusion,attempted,30.0,30.0,30.0,2000,2000
deepfense,sources,aime_riffusion,balanced_accuracy,,,,0,2000
deepfense,sources,aime_riffusion,coverage,1.0,1.0,1.0,2000,2000
deepfense,sources,aime_riffusion,macro_FPR,,,,0,2000
deepfense,sources,aime_riffusion,macro_TPR,0.0,0.0,0.0,2000,2000
deepfense,sources,aime_riffusion,precision,,,,0,2000
deepfense,sources,aime_riffusion,scored,30.0,30.0,30.0,2000,2000
deepfense,sources,aime_riffusion,specificity,,,,0,2000
deepfense,sources,aime_stable_audio_v1,AUROC,,,,0,2000
deepfense,sources,aime_stable_audio_v1,F1,,,,0,2000
deepfense,sources,aime_stable_audio_v1,FN,39.0,33.0,44.0,2000,2000
deepfense,sources,aime_stable_audio_v1,FP,0.0,0.0,0.0,2000,2000
deepfense,sources,aime_stable_audio_v1,FPR,,,,0,2000
deepfense,sources,aime_stable_audio_v1,TN,0.0,0.0,0.0,2000,2000
deepfense,sources,aime_stable_audio_v1,TP,11.0,6.0,17.0,2000,2000
deepfense,sources,aime_stable_audio_v1,TPR,0.22,0.12,0.34,2000,2000
deepfense,sources,aime_stable_audio_v1,all_attempt_correctness,0.22,0.12,0.34,2000,2000
deepfense,sources,aime_stable_audio_v1,attempted,50.0,50.0,50.0,2000,2000
deepfense,sources,aime_stable_audio_v1,balanced_accuracy,,,,0,2000
deepfense,sources,aime_stable_audio_v1,coverage,1.0,1.0,1.0,2000,2000
deepfense,sources,aime_stable_audio_v1,macro_FPR,,,,0,2000
deepfense,sources,aime_stable_audio_v1,macro_TPR,0.22,0.12,0.34,2000,2000
deepfense,sources,aime_stable_audio_v1,precision,1.0,1.0,1.0,2000,2000
deepfense,sources,aime_stable_audio_v1,scored,50.0,50.0,50.0,2000,2000
deepfense,sources,aime_stable_audio_v1,specificity,,,,0,2000
deepfense,sources,aime_stable_audio_v2,AUROC,,,,0,2000
deepfense,sources,aime_stable_audio_v2,F1,,,,0,2000
deepfense,sources,aime_stable_audio_v2,FN,41.0,36.0,46.0,2000,2000
deepfense,sources,aime_stable_audio_v2,FP,0.0,0.0,0.0,2000,2000
deepfense,sources,aime_stable_audio_v2,FPR,,,,0,2000
deepfense,sources,aime_stable_audio_v2,TN,0.0,0.0,0.0,2000,2000
deepfense,sources,aime_stable_audio_v2,TP,9.0,4.0,14.0,2000,2000
deepfense,sources,aime_stable_audio_v2,TPR,0.18,0.08,0.28,2000,2000
deepfense,sources,aime_stable_audio_v2,all_attempt_correctness,0.18,0.08,0.28,2000,2000
deepfense,sources,aime_stable_audio_v2,attempted,50.0,50.0,50.0,2000,2000
deepfense,sources,aime_stable_audio_v2,balanced_accuracy,,,,0,2000
deepfense,sources,aime_stable_audio_v2,coverage,1.0,1.0,1.0,2000,2000
deepfense,sources,aime_stable_audio_v2,macro_FPR,,,,0,2000
deepfense,sources,aime_stable_audio_v2,macro_TPR,0.18,0.08,0.28,2000,2000
deepfense,sources,aime_stable_audio_v2,precision,1.0,1.0,1.0,2000,2000
deepfense,sources,aime_stable_audio_v2,scored,50.0,50.0,50.0,2000,2000
deepfense,sources,aime_stable_audio_v2,specificity,,,,0,2000
deepfense,sources,aime_suno_v3,AUROC,,,,0,2000
deepfense,sources,aime_suno_v3,F1,,,,0,2000
deepfense,sources,aime_suno_v3,FN,25.0,21.0,29.0,2000,2000
deepfense,sources,aime_suno_v3,FP,0.0,0.0,0.0,2000,2000
deepfense,sources,aime_suno_v3,FPR,,,,0,2000
deepfense,sources,aime_suno_v3,TN,0.0,0.0,0.0,2000,2000
deepfense,sources,aime_suno_v3,TP,5.0,1.0,9.0,2000,2000
deepfense,sources,aime_suno_v3,TPR,0.16666666666666666,0.03333333333333333,0.3,2000,2000
deepfense,sources,aime_suno_v3,all_attempt_correctness,0.16666666666666666,0.03333333333333333,0.3,2000,2000
deepfense,sources,aime_suno_v3,attempted,30.0,30.0,30.0,2000,2000
deepfense,sources,aime_suno_v3,balanced_accuracy,,,,0,2000
deepfense,sources,aime_suno_v3,coverage,1.0,1.0,1.0,2000,2000
deepfense,sources,aime_suno_v3,macro_FPR,,,,0,2000
deepfense,sources,aime_suno_v3,macro_TPR,0.16666666666666666,0.03333333333333333,0.3,2000,2000
deepfense,sources,aime_suno_v3,precision,1.0,1.0,1.0,1991,2000
deepfense,sources,aime_suno_v3,scored,30.0,30.0,30.0,2000,2000
deepfense,sources,aime_suno_v3,specificity,,,,0,2000
deepfense,sources,aime_suno_v35,AUROC,,,,0,2000
deepfense,sources,aime_suno_v35,F1,,,,0,2000
deepfense,sources,aime_suno_v35,FN,18.0,13.0,23.0,2000,2000
deepfense,sources,aime_suno_v35,FP,0.0,0.0,0.0,2000,2000
deepfense,sources,aime_suno_v35,FPR,,,,0,2000
deepfense,sources,aime_suno_v35,TN,0.0,0.0,0.0,2000,2000
deepfense,sources,aime_suno_v35,TP,12.0,7.0,17.0,2000,2000
deepfense,sources,aime_suno_v35,TPR,0.4,0.23333333333333334,0.5666666666666667,2000,2000
deepfense,sources,aime_suno_v35,all_attempt_correctness,0.4,0.23333333333333334,0.5666666666666667,2000,2000
deepfense,sources,aime_suno_v35,attempted,30.0,30.0,30.0,2000,2000
deepfense,sources,aime_suno_v35,balanced_accuracy,,,,0,2000
deepfense,sources,aime_suno_v35,coverage,1.0,1.0,1.0,2000,2000
deepfense,sources,aime_suno_v35,macro_FPR,,,,0,2000
deepfense,sources,aime_suno_v35,macro_TPR,0.4,0.23333333333333334,0.5666666666666667,2000,2000
deepfense,sources,aime_suno_v35,precision,1.0,1.0,1.0,2000,2000
deepfense,sources,aime_suno_v35,scored,30.0,30.0,30.0,2000,2000
deepfense,sources,aime_suno_v35,specificity,,,,0,2000
deepfense,sources,aime_udio,AUROC,,,,0,2000
deepfense,sources,aime_udio,F1,,,,0,2000
deepfense,sources,aime_udio,FN,29.0,27.0,30.0,2000,2000
deepfense,sources,aime_udio,FP,0.0,0.0,0.0,2000,2000
deepfense,sources,aime_udio,FPR,,,,0,2000
deepfense,sources,aime_udio,TN,0.0,0.0,0.0,2000,2000
deepfense,sources,aime_udio,TP,1.0,0.0,3.0,2000,2000
deepfense,sources,aime_udio,TPR,0.03333333333333333,0.0,0.1,2000,2000
deepfense,sources,aime_udio,all_attempt_correctness,0.03333333333333333,0.0,0.1,2000,2000
deepfense,sources,aime_udio,attempted,30.0,30.0,30.0,2000,2000
deepfense,sources,aime_udio,balanced_accuracy,,,,0,2000
deepfense,sources,aime_udio,coverage,1.0,1.0,1.0,2000,2000
deepfense,sources,aime_udio,macro_FPR,,,,0,2000
deepfense,sources,aime_udio,macro_TPR,0.03333333333333333,0.0,0.1,2000,2000
deepfense,sources,aime_udio,precision,1.0,1.0,1.0,1263,2000
deepfense,sources,aime_udio,scored,30.0,30.0,30.0,2000,2000
deepfense,sources,aime_udio,specificity,,,,0,2000
deepfense,sources,fma_hardneg,AUROC,,,,0,2000
deepfense,sources,fma_hardneg,F1,,,,0,2000
deepfense,sources,fma_hardneg,FN,0.0,0.0,0.0,2000,2000
deepfense,sources,fma_hardneg,FP,2.0,0.0,5.0,2000,2000
deepfense,sources,fma_hardneg,FPR,0.013422818791946308,0.0,0.03355704697986577,2000,2000
deepfense,sources,fma_hardneg,TN,147.0,143.0,150.0,2000,2000
deepfense,sources,fma_hardneg,TP,0.0,0.0,0.0,2000,2000
deepfense,sources,fma_hardneg,TPR,,,,0,2000
deepfense,sources,fma_hardneg,all_attempt_correctness,0.98,0.9533333333333334,1.0,2000,2000
deepfense,sources,fma_hardneg,attempted,150.0,150.0,150.0,2000,2000
deepfense,sources,fma_hardneg,balanced_accuracy,,,,0,2000
deepfense,sources,fma_hardneg,coverage,0.9933333333333333,0.98,1.0,2000,2000
deepfense,sources,fma_hardneg,macro_FPR,0.013422818791946308,0.0,0.03355704697986577,2000,2000
deepfense,sources,fma_hardneg,macro_TPR,,,,0,2000
deepfense,sources,fma_hardneg,precision,0.0,0.0,0.0,1709,2000
deepfense,sources,fma_hardneg,scored,149.0,147.0,150.0,2000,2000
deepfense,sources,fma_hardneg,specificity,0.9865771812080537,0.9664429530201343,1.0,2000,2000
deepfense,sources,mom_diffrythm,AUROC,,,,0,2000
deepfense,sources,mom_diffrythm,F1,,,,0,2000
deepfense,sources,mom_diffrythm,FN,97.0,93.0,100.0,2000,2000
deepfense,sources,mom_diffrythm,FP,0.0,0.0,0.0,2000,2000
deepfense,sources,mom_diffrythm,FPR,,,,0,2000
deepfense,sources,mom_diffrythm,TN,0.0,0.0,0.0,2000,2000
deepfense,sources,mom_diffrythm,TP,3.0,0.0,7.0,2000,2000
deepfense,sources,mom_diffrythm,TPR,0.03,0.0,0.07,2000,2000
deepfense,sources,mom_diffrythm,all_attempt_correctness,0.03,0.0,0.07,2000,2000
deepfense,sources,mom_diffrythm,attempted,100.0,100.0,100.0,2000,2000
deepfense,sources,mom_diffrythm,balanced_accuracy,,,,0,2000
deepfense,sources,mom_diffrythm,coverage,1.0,1.0,1.0,2000,2000
deepfense,sources,mom_diffrythm,macro_FPR,,,,0,2000
deepfense,sources,mom_diffrythm,macro_TPR,0.03,0.0,0.07,2000,2000
deepfense,sources,mom_diffrythm,precision,1.0,1.0,1.0,1930,2000
deepfense,sources,mom_diffrythm,scored,100.0,100.0,100.0,2000,2000
deepfense,sources,mom_diffrythm,specificity,,,,0,2000
deepfense,sources,mom_extra_real,AUROC,,,,0,2000
deepfense,sources,mom_extra_real,F1,,,,0,2000
deepfense,sources,mom_extra_real,FN,0.0,0.0,0.0,2000,2000
deepfense,sources,mom_extra_real,FP,3.0,0.0,7.0,2000,2000
deepfense,sources,mom_extra_real,FPR,0.03409090909090909,0.0,0.07954545454545454,2000,2000
deepfense,sources,mom_extra_real,TN,85.0,81.0,88.0,2000,2000
deepfense,sources,mom_extra_real,TP,0.0,0.0,0.0,2000,2000
deepfense,sources,mom_extra_real,TPR,,,,0,2000
deepfense,sources,mom_extra_real,all_attempt_correctness,0.9659090909090909,0.9204545454545454,1.0,2000,2000
deepfense,sources,mom_extra_real,attempted,88.0,88.0,88.0,2000,2000
deepfense,sources,mom_extra_real,balanced_accuracy,,,,0,2000
deepfense,sources,mom_extra_real,coverage,1.0,1.0,1.0,2000,2000
deepfense,sources,mom_extra_real,macro_FPR,0.03409090909090909,0.0,0.07954545454545454,2000,2000
deepfense,sources,mom_extra_real,macro_TPR,,,,0,2000
deepfense,sources,mom_extra_real,precision,0.0,0.0,0.0,1908,2000
deepfense,sources,mom_extra_real,scored,88.0,88.0,88.0,2000,2000
deepfense,sources,mom_extra_real,specificity,0.9659090909090909,0.9204545454545454,1.0,2000,2000
deepfense,sources,mom_real,AUROC,,,,0,2000
deepfense,sources,mom_real,F1,,,,0,2000
deepfense,sources,mom_real,FN,0.0,0.0,0.0,2000,2000
deepfense,sources,mom_real,FP,2.0,0.0,5.0,2000,2000
deepfense,sources,mom_real,FPR,0.010752688172043012,0.0,0.026881720430107527,2000,2000
deepfense,sources,mom_real,TN,184.0,181.0,186.0,2000,2000
deepfense,sources,mom_real,TP,0.0,0.0,0.0,2000,2000
deepfense,sources,mom_real,TPR,,,,0,2000
deepfense,sources,mom_real,all_attempt_correctness,0.989247311827957,0.9731182795698925,1.0,2000,2000
deepfense,sources,mom_real,attempted,186.0,186.0,186.0,2000,2000
deepfense,sources,mom_real,balanced_accuracy,,,,0,2000
deepfense,sources,mom_real,coverage,1.0,1.0,1.0,2000,2000
deepfense,sources,mom_real,macro_FPR,0.010752688172043012,0.0,0.026881720430107527,2000,2000
deepfense,sources,mom_real,macro_TPR,,,,0,2000
deepfense,sources,mom_real,precision,0.0,0.0,0.0,1738,2000
deepfense,sources,mom_real,scored,186.0,186.0,186.0,2000,2000
deepfense,sources,mom_real,specificity,0.989247311827957,0.9731182795698925,1.0,2000,2000
deepfense,sources,mom_real_wav,AUROC,,,,0,2000
deepfense,sources,mom_real_wav,F1,,,,0,2000
deepfense,sources,mom_real_wav,FN,0.0,0.0,0.0,2000,2000
deepfense,sources,mom_real_wav,FP,1.0,0.0,3.0,2000,2000
deepfense,sources,mom_real_wav,FPR,0.03571428571428571,0.0,0.10714285714285714,2000,2000
deepfense,sources,mom_real_wav,TN,27.0,25.0,28.0,2000,2000
deepfense,sources,mom_real_wav,TP,0.0,0.0,0.0,2000,2000
deepfense,sources,mom_real_wav,TPR,,,,0,2000
deepfense,sources,mom_real_wav,all_attempt_correctness,0.9642857142857143,0.8928571428571429,1.0,2000,2000
deepfense,sources,mom_real_wav,attempted,28.0,28.0,28.0,2000,2000
deepfense,sources,mom_real_wav,balanced_accuracy,,,,0,2000
deepfense,sources,mom_real_wav,coverage,1.0,1.0,1.0,2000,2000
deepfense,sources,mom_real_wav,macro_FPR,0.03571428571428571,0.0,0.10714285714285714,2000,2000
deepfense,sources,mom_real_wav,macro_TPR,,,,0,2000
deepfense,sources,mom_real_wav,precision,0.0,0.0,0.0,1294,2000
deepfense,sources,mom_real_wav,scored,28.0,28.0,28.0,2000,2000
deepfense,sources,mom_real_wav,specificity,0.9642857142857143,0.8928571428571429,1.0,2000,2000
deepfense,sources,mom_riffusion,AUROC,,,,0,2000
deepfense,sources,mom_riffusion,F1,,,,0,2000
deepfense,sources,mom_riffusion,FN,99.0,97.0,100.0,2000,2000
deepfense,sources,mom_riffusion,FP,0.0,0.0,0.0,2000,2000
deepfense,sources,mom_riffusion,FPR,,,,0,2000
deepfense,sources,mom_riffusion,TN,0.0,0.0,0.0,2000,2000
deepfense,sources,mom_riffusion,TP,1.0,0.0,3.0,2000,2000
deepfense,sources,mom_riffusion,TPR,0.01,0.0,0.03,2000,2000
deepfense,sources,mom_riffusion,all_attempt_correctness,0.01,0.0,0.03,2000,2000
deepfense,sources,mom_riffusion,attempted,100.0,100.0,100.0,2000,2000
deepfense,sources,mom_riffusion,balanced_accuracy,,,,0,2000
deepfense,sources,mom_riffusion,coverage,1.0,1.0,1.0,2000,2000
deepfense,sources,mom_riffusion,macro_FPR,,,,0,2000
deepfense,sources,mom_riffusion,macro_TPR,0.01,0.0,0.03,2000,2000
deepfense,sources,mom_riffusion,precision,1.0,1.0,1.0,1282,2000
deepfense,sources,mom_riffusion,scored,100.0,100.0,100.0,2000,2000
deepfense,sources,mom_riffusion,specificity,,,,0,2000
deepfense,sources,mom_udio,AUROC,,,,0,2000
deepfense,sources,mom_udio,F1,,,,0,2000
deepfense,sources,mom_udio,FN,94.0,89.0,98.0,2000,2000
deepfense,sources,mom_udio,FP,0.0,0.0,0.0,2000,2000
deepfense,sources,mom_udio,FPR,,,,0,2000
deepfense,sources,mom_udio,TN,0.0,0.0,0.0,2000,2000
deepfense,sources,mom_udio,TP,6.0,2.0,11.0,2000,2000
deepfense,sources,mom_udio,TPR,0.06,0.02,0.11,2000,2000
deepfense,sources,mom_udio,all_attempt_correctness,0.06,0.02,0.11,2000,2000
deepfense,sources,mom_udio,attempted,100.0,100.0,100.0,2000,2000
deepfense,sources,mom_udio,balanced_accuracy,,,,0,2000
deepfense,sources,mom_udio,coverage,1.0,1.0,1.0,2000,2000
deepfense,sources,mom_udio,macro_FPR,,,,0,2000
deepfense,sources,mom_udio,macro_TPR,0.06,0.02,0.11,2000,2000
deepfense,sources,mom_udio,precision,1.0,1.0,1.0,1993,2000
deepfense,sources,mom_udio,scored,100.0,100.0,100.0,2000,2000
deepfense,sources,mom_udio,specificity,,,,0,2000
deepfense,sources,mom_yue,AUROC,,,,0,2000
deepfense,sources,mom_yue,F1,,,,0,2000
deepfense,sources,mom_yue,FN,100.0,99.0,102.0,2000,2000
deepfense,sources,mom_yue,FP,0.0,0.0,0.0,2000,2000
deepfense,sources,mom_yue,FPR,,,,0,2000
deepfense,sources,mom_yue,TN,0.0,0.0,0.0,2000,2000
deepfense,sources,mom_yue,TP,0.0,0.0,0.0,2000,2000
deepfense,sources,mom_yue,TPR,0.0,0.0,0.0,2000,2000
deepfense,sources,mom_yue,all_attempt_correctness,0.0,0.0,0.0,2000,2000
deepfense,sources,mom_yue,attempted,100.0,99.0,102.0,2000,2000
deepfense,sources,mom_yue,balanced_accuracy,,,,0,2000
deepfense,sources,mom_yue,coverage,1.0,1.0,1.0,2000,2000
deepfense,sources,mom_yue,macro_FPR,,,,0,2000
deepfense,sources,mom_yue,macro_TPR,0.0,0.0,0.0,2000,2000
deepfense,sources,mom_yue,precision,,,,0,2000
deepfense,sources,mom_yue,scored,100.0,99.0,102.0,2000,2000
deepfense,sources,mom_yue,specificity,,,,0,2000
deepfense,sources,sonics_chirp-v2-xxl-alpha,AUROC,,,,0,2000
deepfense,sources,sonics_chirp-v2-xxl-alpha,F1,,,,0,2000
deepfense,sources,sonics_chirp-v2-xxl-alpha,FN,80.0,80.0,80.0,2000,2000
deepfense,sources,sonics_chirp-v2-xxl-alpha,FP,0.0,0.0,0.0,2000,2000
deepfense,sources,sonics_chirp-v2-xxl-alpha,FPR,,,,0,2000
deepfense,sources,sonics_chirp-v2-xxl-alpha,TN,0.0,0.0,0.0,2000,2000
deepfense,sources,sonics_chirp-v2-xxl-alpha,TP,0.0,0.0,0.0,2000,2000
deepfense,sources,sonics_chirp-v2-xxl-alpha,TPR,0.0,0.0,0.0,2000,2000
deepfense,sources,sonics_chirp-v2-xxl-alpha,all_attempt_correctness,0.0,0.0,0.0,2000,2000
deepfense,sources,sonics_chirp-v2-xxl-alpha,attempted,80.0,80.0,80.0,2000,2000
deepfense,sources,sonics_chirp-v2-xxl-alpha,balanced_accuracy,,,,0,2000
deepfense,sources,sonics_chirp-v2-xxl-alpha,coverage,1.0,1.0,1.0,2000,2000
deepfense,sources,sonics_chirp-v2-xxl-alpha,macro_FPR,,,,0,2000
deepfense,sources,sonics_chirp-v2-xxl-alpha,macro_TPR,0.0,0.0,0.0,2000,2000
deepfense,sources,sonics_chirp-v2-xxl-alpha,precision,,,,0,2000
deepfense,sources,sonics_chirp-v2-xxl-alpha,scored,80.0,80.0,80.0,2000,2000
deepfense,sources,sonics_chirp-v2-xxl-alpha,specificity,,,,0,2000
deepfense,sources,sonics_chirp-v3,AUROC,,,,0,2000
deepfense,sources,sonics_chirp-v3,F1,,,,0,2000
deepfense,sources,sonics_chirp-v3,FN,70.0,64.0,76.0,2000,2000
deepfense,sources,sonics_chirp-v3,FP,0.0,0.0,0.0,2000,2000
deepfense,sources,sonics_chirp-v3,FPR,,,,0,2000
deepfense,sources,sonics_chirp-v3,TN,0.0,0.0,0.0,2000,2000
deepfense,sources,sonics_chirp-v3,TP,10.0,4.0,16.0,2000,2000
deepfense,sources,sonics_chirp-v3,TPR,0.125,0.05,0.2,2000,2000
deepfense,sources,sonics_chirp-v3,all_attempt_correctness,0.125,0.05,0.2,2000,2000
deepfense,sources,sonics_chirp-v3,attempted,80.0,80.0,80.0,2000,2000
deepfense,sources,sonics_chirp-v3,balanced_accuracy,,,,0,2000
deepfense,sources,sonics_chirp-v3,coverage,1.0,1.0,1.0,2000,2000
deepfense,sources,sonics_chirp-v3,macro_FPR,,,,0,2000
deepfense,sources,sonics_chirp-v3,macro_TPR,0.125,0.05,0.2,2000,2000
deepfense,sources,sonics_chirp-v3,precision,1.0,1.0,1.0,2000,2000
deepfense,sources,sonics_chirp-v3,scored,80.0,80.0,80.0,2000,2000
deepfense,sources,sonics_chirp-v3,specificity,,,,0,2000
deepfense,sources,sonics_chirp-v3.5,AUROC,,,,0,2000
deepfense,sources,sonics_chirp-v3.5,F1,,,,0,2000
deepfense,sources,sonics_chirp-v3.5,FN,70.0,64.0,75.0,2000,2000
deepfense,sources,sonics_chirp-v3.5,FP,0.0,0.0,0.0,2000,2000
deepfense,sources,sonics_chirp-v3.5,FPR,,,,0,2000
deepfense,sources,sonics_chirp-v3.5,TN,0.0,0.0,0.0,2000,2000
deepfense,sources,sonics_chirp-v3.5,TP,10.0,5.0,16.0,2000,2000
deepfense,sources,sonics_chirp-v3.5,TPR,0.125,0.0625,0.2,2000,2000
deepfense,sources,sonics_chirp-v3.5,all_attempt_correctness,0.125,0.0625,0.2,2000,2000
deepfense,sources,sonics_chirp-v3.5,attempted,80.0,80.0,80.0,2000,2000
deepfense,sources,sonics_chirp-v3.5,balanced_accuracy,,,,0,2000
deepfense,sources,sonics_chirp-v3.5,coverage,1.0,1.0,1.0,2000,2000
deepfense,sources,sonics_chirp-v3.5,macro_FPR,,,,0,2000
deepfense,sources,sonics_chirp-v3.5,macro_TPR,0.125,0.0625,0.2,2000,2000
deepfense,sources,sonics_chirp-v3.5,precision,1.0,1.0,1.0,1999,2000
deepfense,sources,sonics_chirp-v3.5,scored,80.0,80.0,80.0,2000,2000
deepfense,sources,sonics_chirp-v3.5,specificity,,,,0,2000
deepfense,sources,sonics_real,AUROC,,,,0,2000
deepfense,sources,sonics_real,F1,,,,0,2000
deepfense,sources,sonics_real,FN,0.0,0.0,0.0,2000,2000
deepfense,sources,sonics_real,FP,8.0,3.0,13.0,2000,2000
deepfense,sources,sonics_real,FPR,0.02711864406779661,0.010169491525423728,0.04406779661016949,2000,2000
deepfense,sources,sonics_real,TN,287.0,282.0,292.0,2000,2000
deepfense,sources,sonics_real,TP,0.0,0.0,0.0,2000,2000
deepfense,sources,sonics_real,TPR,,,,0,2000
deepfense,sources,sonics_real,all_attempt_correctness,0.9728813559322034,0.9559322033898305,0.9898305084745763,2000,2000
deepfense,sources,sonics_real,attempted,295.0,295.0,295.0,2000,2000
deepfense,sources,sonics_real,balanced_accuracy,,,,0,2000
deepfense,sources,sonics_real,coverage,1.0,1.0,1.0,2000,2000
deepfense,sources,sonics_real,macro_FPR,0.02711864406779661,0.010169491525423728,0.04406779661016949,2000,2000
deepfense,sources,sonics_real,macro_TPR,,,,0,2000
deepfense,sources,sonics_real,precision,0.0,0.0,0.0,2000,2000
deepfense,sources,sonics_real,scored,295.0,295.0,295.0,2000,2000
deepfense,sources,sonics_real,specificity,0.9728813559322034,0.9559322033898305,0.9898305084745763,2000,2000
deepfense,sources,sonics_udio-120s,AUROC,,,,0,2000
deepfense,sources,sonics_udio-120s,F1,,,,0,2000
deepfense,sources,sonics_udio-120s,FN,80.0,80.0,80.0,2000,2000
deepfense,sources,sonics_udio-120s,FP,0.0,0.0,0.0,2000,2000
deepfense,sources,sonics_udio-120s,FPR,,,,0,2000
deepfense,sources,sonics_udio-120s,TN,0.0,0.0,0.0,2000,2000
deepfense,sources,sonics_udio-120s,TP,0.0,0.0,0.0,2000,2000
deepfense,sources,sonics_udio-120s,TPR,0.0,0.0,0.0,2000,2000
deepfense,sources,sonics_udio-120s,all_attempt_correctness,0.0,0.0,0.0,2000,2000
deepfense,sources,sonics_udio-120s,attempted,80.0,80.0,80.0,2000,2000
deepfense,sources,sonics_udio-120s,balanced_accuracy,,,,0,2000
deepfense,sources,sonics_udio-120s,coverage,1.0,1.0,1.0,2000,2000
deepfense,sources,sonics_udio-120s,macro_FPR,,,,0,2000
deepfense,sources,sonics_udio-120s,macro_TPR,0.0,0.0,0.0,2000,2000
deepfense,sources,sonics_udio-120s,precision,,,,0,2000
deepfense,sources,sonics_udio-120s,scored,80.0,80.0,80.0,2000,2000
deepfense,sources,sonics_udio-120s,specificity,,,,0,2000
deepfense,sources,sonics_udio-30s,AUROC,,,,0,2000
deepfense,sources,sonics_udio-30s,F1,,,,0,2000
deepfense,sources,sonics_udio-30s,FN,80.0,80.0,80.0,2000,2000
deepfense,sources,sonics_udio-30s,FP,0.0,0.0,0.0,2000,2000
deepfense,sources,sonics_udio-30s,FPR,,,,0,2000
deepfense,sources,sonics_udio-30s,TN,0.0,0.0,0.0,2000,2000
deepfense,sources,sonics_udio-30s,TP,0.0,0.0,0.0,2000,2000
deepfense,sources,sonics_udio-30s,TPR,0.0,0.0,0.0,2000,2000
deepfense,sources,sonics_udio-30s,all_attempt_correctness,0.0,0.0,0.0,2000,2000
deepfense,sources,sonics_udio-30s,attempted,80.0,80.0,80.0,2000,2000
deepfense,sources,sonics_udio-30s,balanced_accuracy,,,,0,2000
deepfense,sources,sonics_udio-30s,coverage,1.0,1.0,1.0,2000,2000
deepfense,sources,sonics_udio-30s,macro_FPR,,,,0,2000
deepfense,sources,sonics_udio-30s,macro_TPR,0.0,0.0,0.0,2000,2000
deepfense,sources,sonics_udio-30s,precision,,,,0,2000
deepfense,sources,sonics_udio-30s,scored,80.0,80.0,80.0,2000,2000
deepfense,sources,sonics_udio-30s,specificity,,,,0,2000
deepfense,sources,suno_cdn_latest,AUROC,,,,0,2000
deepfense,sources,suno_cdn_latest,F1,,,,0,2000
deepfense,sources,suno_cdn_latest,FN,56.0,56.0,56.0,2000,2000
deepfense,sources,suno_cdn_latest,FP,0.0,0.0,0.0,2000,2000
deepfense,sources,suno_cdn_latest,FPR,,,,0,2000
deepfense,sources,suno_cdn_latest,TN,0.0,0.0,0.0,2000,2000
deepfense,sources,suno_cdn_latest,TP,0.0,0.0,0.0,2000,2000
deepfense,sources,suno_cdn_latest,TPR,0.0,0.0,0.0,2000,2000
deepfense,sources,suno_cdn_latest,all_attempt_correctness,0.0,0.0,0.0,2000,2000
deepfense,sources,suno_cdn_latest,attempted,56.0,56.0,56.0,2000,2000
deepfense,sources,suno_cdn_latest,balanced_accuracy,,,,0,2000
deepfense,sources,suno_cdn_latest,coverage,1.0,1.0,1.0,2000,2000
deepfense,sources,suno_cdn_latest,macro_FPR,,,,0,2000
deepfense,sources,suno_cdn_latest,macro_TPR,0.0,0.0,0.0,2000,2000
deepfense,sources,suno_cdn_latest,precision,,,,0,2000
deepfense,sources,suno_cdn_latest,scored,56.0,56.0,56.0,2000,2000
deepfense,sources,suno_cdn_latest,specificity,,,,0,2000
deepfense,sources,suno_extra,AUROC,,,,0,2000
deepfense,sources,suno_extra,F1,,,,0,2000
deepfense,sources,suno_extra,FN,77.0,73.0,80.0,2000,2000
deepfense,sources,suno_extra,FP,0.0,0.0,0.0,2000,2000
deepfense,sources,suno_extra,FPR,,,,0,2000
deepfense,sources,suno_extra,TN,0.0,0.0,0.0,2000,2000
deepfense,sources,suno_extra,TP,3.0,0.0,7.0,2000,2000
deepfense,sources,suno_extra,TPR,0.0375,0.0,0.0875,2000,2000
deepfense,sources,suno_extra,all_attempt_correctness,0.0375,0.0,0.0875,2000,2000
deepfense,sources,suno_extra,attempted,80.0,80.0,80.0,2000,2000
deepfense,sources,suno_extra,balanced_accuracy,,,,0,2000
deepfense,sources,suno_extra,coverage,1.0,1.0,1.0,2000,2000
deepfense,sources,suno_extra,macro_FPR,,,,0,2000
deepfense,sources,suno_extra,macro_TPR,0.0375,0.0,0.0875,2000,2000
deepfense,sources,suno_extra,precision,1.0,1.0,1.0,1895,2000
deepfense,sources,suno_extra,scored,80.0,80.0,80.0,2000,2000
deepfense,sources,suno_extra,specificity,,,,0,2000
deepfense,sources,suno_v5.5_native_260905,AUROC,,,,0,2000
deepfense,sources,suno_v5.5_native_260905,F1,,,,0,2000
deepfense,sources,suno_v5.5_native_260905,FN,200.0,190.0,210.02499999999986,2000,2000
deepfense,sources,suno_v5.5_native_260905,FP,0.0,0.0,0.0,2000,2000
deepfense,sources,suno_v5.5_native_260905,FPR,,,,0,2000
deepfense,sources,suno_v5.5_native_260905,TN,0.0,0.0,0.0,2000,2000
deepfense,sources,suno_v5.5_native_260905,TP,0.0,0.0,0.0,2000,2000
deepfense,sources,suno_v5.5_native_260905,TPR,0.0,0.0,0.0,2000,2000
deepfense,sources,suno_v5.5_native_260905,all_attempt_correctness,0.0,0.0,0.0,2000,2000
deepfense,sources,suno_v5.5_native_260905,attempted,200.0,190.0,210.02499999999986,2000,2000
deepfense,sources,suno_v5.5_native_260905,balanced_accuracy,,,,0,2000
deepfense,sources,suno_v5.5_native_260905,coverage,1.0,1.0,1.0,2000,2000
deepfense,sources,suno_v5.5_native_260905,macro_FPR,,,,0,2000
deepfense,sources,suno_v5.5_native_260905,macro_TPR,0.0,0.0,0.0,2000,2000
deepfense,sources,suno_v5.5_native_260905,precision,,,,0,2000
deepfense,sources,suno_v5.5_native_260905,scored,200.0,190.0,210.02499999999986,2000,2000
deepfense,sources,suno_v5.5_native_260905,specificity,,,,0,2000
deepfense,sources,udio_2026_version_unknown_native_260905,AUROC,,,,0,2000
deepfense,sources,udio_2026_version_unknown_native_260905,F1,,,,0,2000
deepfense,sources,udio_2026_version_unknown_native_260905,FN,194.0,184.0,204.0,2000,2000
deepfense,sources,udio_2026_version_unknown_native_260905,FP,0.0,0.0,0.0,2000,2000
deepfense,sources,udio_2026_version_unknown_native_260905,FPR,,,,0,2000
deepfense,sources,udio_2026_version_unknown_native_260905,TN,0.0,0.0,0.0,2000,2000
deepfense,sources,udio_2026_version_unknown_native_260905,TP,6.0,2.0,11.0,2000,2000
deepfense,sources,udio_2026_version_unknown_native_260905,TPR,0.03,0.009900990099009901,0.05527638190954774,2000,2000
deepfense,sources,udio_2026_version_unknown_native_260905,all_attempt_correctness,0.03,0.009900990099009901,0.05527638190954774,2000,2000
deepfense,sources,udio_2026_version_unknown_native_260905,attempted,200.0,190.975,210.0,2000,2000
deepfense,sources,udio_2026_version_unknown_native_260905,balanced_accuracy,,,,0,2000
deepfense,sources,udio_2026_version_unknown_native_260905,coverage,1.0,1.0,1.0,2000,2000
deepfense,sources,udio_2026_version_unknown_native_260905,macro_FPR,,,,0,2000
deepfense,sources,udio_2026_version_unknown_native_260905,macro_TPR,0.03,0.009900990099009901,0.05527638190954774,2000,2000
deepfense,sources,udio_2026_version_unknown_native_260905,precision,1.0,1.0,1.0,1997,2000
deepfense,sources,udio_2026_version_unknown_native_260905,scored,200.0,190.975,210.0,2000,2000
deepfense,sources,udio_2026_version_unknown_native_260905,specificity,,,,0,2000
deepfense,sources,udio_cdn_latest,AUROC,,,,0,2000
deepfense,sources,udio_cdn_latest,F1,,,,0,2000
deepfense,sources,udio_cdn_latest,FN,17.0,15.0,18.0,2000,2000
deepfense,sources,udio_cdn_latest,FP,0.0,0.0,0.0,2000,2000
deepfense,sources,udio_cdn_latest,FPR,,,,0,2000
deepfense,sources,udio_cdn_latest,TN,0.0,0.0,0.0,2000,2000
deepfense,sources,udio_cdn_latest,TP,1.0,0.0,3.0,2000,2000
deepfense,sources,udio_cdn_latest,TPR,0.05555555555555555,0.0,0.16666666666666666,2000,2000
deepfense,sources,udio_cdn_latest,all_attempt_correctness,0.05555555555555555,0.0,0.16666666666666666,2000,2000
deepfense,sources,udio_cdn_latest,attempted,18.0,18.0,18.0,2000,2000
deepfense,sources,udio_cdn_latest,balanced_accuracy,,,,0,2000
deepfense,sources,udio_cdn_latest,coverage,1.0,1.0,1.0,2000,2000
deepfense,sources,udio_cdn_latest,macro_FPR,,,,0,2000
deepfense,sources,udio_cdn_latest,macro_TPR,0.05555555555555555,0.0,0.16666666666666666,2000,2000
deepfense,sources,udio_cdn_latest,precision,1.0,1.0,1.0,1314,2000
deepfense,sources,udio_cdn_latest,scored,18.0,18.0,18.0,2000,2000
deepfense,sources,udio_cdn_latest,specificity,,,,0,2000
deepfense,sources,udio_extra,AUROC,,,,0,2000
deepfense,sources,udio_extra,F1,,,,0,2000
deepfense,sources,udio_extra,FN,77.0,73.0,80.0,2000,2000
deepfense,sources,udio_extra,FP,0.0,0.0,0.0,2000,2000
deepfense,sources,udio_extra,FPR,,,,0,2000
deepfense,sources,udio_extra,TN,0.0,0.0,0.0,2000,2000
deepfense,sources,udio_extra,TP,3.0,0.0,7.0,2000,2000
deepfense,sources,udio_extra,TPR,0.0375,0.0,0.0875,2000,2000
deepfense,sources,udio_extra,all_attempt_correctness,0.0375,0.0,0.0875,2000,2000
deepfense,sources,udio_extra,attempted,80.0,80.0,80.0,2000,2000
deepfense,sources,udio_extra,balanced_accuracy,,,,0,2000
deepfense,sources,udio_extra,coverage,1.0,1.0,1.0,2000,2000
deepfense,sources,udio_extra,macro_FPR,,,,0,2000
deepfense,sources,udio_extra,macro_TPR,0.0375,0.0,0.0875,2000,2000
deepfense,sources,udio_extra,precision,1.0,1.0,1.0,1898,2000
deepfense,sources,udio_extra,scored,80.0,80.0,80.0,2000,2000
deepfense,sources,udio_extra,specificity,,,,0,2000
deepfense,sources,youtube_hardneg,AUROC,,,,0,2000
deepfense,sources,youtube_hardneg,F1,,,,0,2000
deepfense,sources,youtube_hardneg,FN,0.0,0.0,0.0,2000,2000
deepfense,sources,youtube_hardneg,FP,2.0,0.0,5.0,2000,2000
deepfense,sources,youtube_hardneg,FPR,0.0273972602739726,0.0,0.0684931506849315,2000,2000
deepfense,sources,youtube_hardneg,TN,71.0,68.0,73.0,2000,2000
deepfense,sources,youtube_hardneg,TP,0.0,0.0,0.0,2000,2000
deepfense,sources,youtube_hardneg,TPR,,,,0,2000
deepfense,sources,youtube_hardneg,all_attempt_correctness,0.9726027397260274,0.9315068493150684,1.0,2000,2000
deepfense,sources,youtube_hardneg,attempted,73.0,73.0,73.0,2000,2000
deepfense,sources,youtube_hardneg,balanced_accuracy,,,,0,2000
deepfense,sources,youtube_hardneg,coverage,1.0,1.0,1.0,2000,2000
deepfense,sources,youtube_hardneg,macro_FPR,0.0273972602739726,0.0,0.0684931506849315,2000,2000
deepfense,sources,youtube_hardneg,macro_TPR,,,,0,2000
deepfense,sources,youtube_hardneg,precision,0.0,0.0,0.0,1743,2000
deepfense,sources,youtube_hardneg,scored,73.0,73.0,73.0,2000,2000
deepfense,sources,youtube_hardneg,specificity,0.9726027397260274,0.9315068493150684,1.0,2000,2000
deezer_ismir,cohorts,contemporary_native,AUROC,,,,0,2000
deezer_ismir,cohorts,contemporary_native,F1,,,,0,2000
deezer_ismir,cohorts,contemporary_native,FN,67.0,54.0,81.0,2000,2000
deezer_ismir,cohorts,contemporary_native,FP,0.0,0.0,0.0,2000,2000
deezer_ismir,cohorts,contemporary_native,FPR,,,,0,2000
deezer_ismir,cohorts,contemporary_native,TN,0.0,0.0,0.0,2000,2000
deezer_ismir,cohorts,contemporary_native,TP,333.0,316.0,351.0,2000,2000
deezer_ismir,cohorts,contemporary_native,TPR,0.8325,0.7989698502124715,0.8661839632868397,2000,2000
deezer_ismir,cohorts,contemporary_native,all_attempt_correctness,0.8325,0.7989698502124715,0.8661839632868397,2000,2000
deezer_ismir,cohorts,contemporary_native,attempted,400.0,387.0,414.0,2000,2000
deezer_ismir,cohorts,contemporary_native,balanced_accuracy,,,,0,2000
deezer_ismir,cohorts,contemporary_native,coverage,1.0,1.0,1.0,2000,2000
deezer_ismir,cohorts,contemporary_native,macro_FPR,,,,0,2000
deezer_ismir,cohorts,contemporary_native,macro_TPR,0.8325,0.798957531927989,0.8648010204081632,2000,2000
deezer_ismir,cohorts,contemporary_native,precision,1.0,1.0,1.0,2000,2000
deezer_ismir,cohorts,contemporary_native,scored,400.0,387.0,414.0,2000,2000
deezer_ismir,cohorts,contemporary_native,specificity,,,,0,2000
deezer_ismir,cohorts,legacy,AUROC,0.7798027366434379,0.7685141000929402,0.7907139621153494,2000,2000
deezer_ismir,cohorts,legacy,F1,0.7433782023447677,0.7305012841159552,0.7556150263516775,2000,2000
deezer_ismir,cohorts,legacy,FN,488.0,468.975,509.0,2000,2000
deezer_ismir,cohorts,legacy,FP,103.0,86.0,122.02499999999986,2000,2000
deezer_ismir,cohorts,legacy,FPR,0.12560975609756098,0.10487485517364309,0.14914744403826521,2000,2000
deezer_ismir,cohorts,legacy,TN,717.0,697.0,734.0,2000,2000
deezer_ismir,cohorts,legacy,TP,856.0,835.0,876.0,2000,2000
deezer_ismir,cohorts,legacy,TPR,0.6369047619047619,0.6212797619047619,0.6515264333581534,2000,2000
deezer_ismir,cohorts,legacy,all_attempt_correctness,0.7268946395563771,0.7140196452231243,0.7393745437625132,2000,2000
deezer_ismir,cohorts,legacy,attempted,2164.0,2161.0,2168.0,2000,2000
deezer_ismir,cohorts,legacy,balanced_accuracy,0.7556475029036005,0.7413441119093173,0.7689133253774649,2000,2000
deezer_ismir,cohorts,legacy,coverage,1.0,1.0,1.0,2000,2000
deezer_ismir,cohorts,legacy,macro_FPR,0.12218879229791697,0.09481261857235214,0.1527765220094526,2000,2000
deezer_ismir,cohorts,legacy,macro_TPR,0.5969155844155845,0.577864944083694,0.6155937049062049,2000,2000
deezer_ismir,cohorts,legacy,precision,0.8925964546402503,0.8751247441146366,0.9090909090909091,2000,2000
deezer_ismir,cohorts,legacy,scored,2164.0,2161.0,2168.0,2000,2000
deezer_ismir,cohorts,legacy,specificity,0.874390243902439,0.8508525559617348,0.895125144826357,2000,2000
deezer_ismir,cohorts,non_demo,AUROC,0.8162767117923473,0.8064512186204886,0.8261003872391223,2000,2000
deezer_ismir,cohorts,non_demo,F1,0.7832674571805006,0.772185113857938,0.794012608928886,2000,2000
deezer_ismir,cohorts,non_demo,FN,555.0,531.0,579.0,2000,2000
deezer_ismir,cohorts,non_demo,FP,103.0,84.0,122.0,2000,2000
deezer_ismir,cohorts,non_demo,FPR,0.12560975609756098,0.10256410256410256,0.14878048780487804,2000,2000
deezer_ismir,cohorts,non_demo,TN,717.0,698.0,736.0,2000,2000
deezer_ismir,cohorts,non_demo,TP,1189.0,1162.0,1215.0,2000,2000
deezer_ismir,cohorts,non_demo,TPR,0.6817660550458715,0.6682105699929821,0.6958274389489134,2000,2000
deezer_ismir,cohorts,non_demo,all_attempt_correctness,0.7433697347893916,0.7308141799766265,0.7549830018627529,2000,2000
deezer_ismir,cohorts,non_demo,attempted,2564.0,2549.0,2579.0,2000,2000
deezer_ismir,cohorts,non_demo,balanced_accuracy,0.7780781494741553,0.7638901304132397,0.790749203126336,2000,2000
deezer_ismir,cohorts,non_demo,coverage,1.0,1.0,1.0,2000,2000
deezer_ismir,cohorts,non_demo,macro_FPR,0.12218879229791697,0.09343158051091152,0.1528450406028219,2000,2000
deezer_ismir,cohorts,non_demo,macro_TPR,0.6165476190476191,0.5992850950315947,0.6343484563964474,2000,2000
deezer_ismir,cohorts,non_demo,precision,0.9202786377708978,0.9069032483661419,0.9338610552559212,2000,2000
deezer_ismir,cohorts,non_demo,scored,2564.0,2549.0,2579.0,2000,2000
deezer_ismir,cohorts,non_demo,specificity,0.874390243902439,0.8512195121951219,0.8974358974358975,2000,2000
deezer_ismir,cohorts,non_demo_recording_representative,AUROC,0.8160416728036842,0.8061850920249333,0.8256758234983635,2000,2000
deezer_ismir,cohorts,non_demo_recording_representative,F1,0.7831245880026367,0.7722892046882627,0.7936756267662053,2000,2000
deezer_ismir,cohorts,non_demo_recording_representative,FN,555.0,531.0,579.0,2000,2000
deezer_ismir,cohorts,non_demo_recording_representative,FP,103.0,86.0,123.0,2000,2000
deezer_ismir,cohorts,non_demo_recording_representative,FPR,0.12591687041564792,0.10513447432762836,0.15036674816625917,2000,2000
deezer_ismir,cohorts,non_demo_recording_representative,TN,715.0,695.0,732.0,2000,2000
deezer_ismir,cohorts,non_demo_recording_representative,TP,1188.0,1160.0,1214.0,2000,2000
deezer_ismir,cohorts,non_demo_recording_representative,TPR,0.6815834767641996,0.6679999244056768,0.6954812972430344,2000,2000
deezer_ismir,cohorts,non_demo_recording_representative,all_attempt_correctness,0.7430691136274893,0.7307989946452838,0.7546897082115009,2000,2000
deezer_ismir,cohorts,non_demo_recording_representative,attempted,2561.0,2547.0,2576.0,2000,2000
deezer_ismir,cohorts,non_demo_recording_representative,balanced_accuracy,0.7778333031742758,0.763741635950617,0.7905070364420103,2000,2000
deezer_ismir,cohorts,non_demo_recording_representative,coverage,1.0,1.0,1.0,2000,2000
deezer_ismir,cohorts,non_demo_recording_representative,macro_FPR,0.12249072466506673,0.09539203293165245,0.15418865329061823,2000,2000
deezer_ismir,cohorts,non_demo_recording_representative,macro_TPR,0.6165476190476191,0.5992850950315947,0.6343484563964474,2000,2000
deezer_ismir,cohorts,non_demo_recording_representative,precision,0.9202168861347793,0.9062027231467473,0.9329750058801223,2000,2000
deezer_ismir,cohorts,non_demo_recording_representative,scored,2561.0,2547.0,2576.0,2000,2000
deezer_ismir,cohorts,non_demo_recording_representative,specificity,0.8740831295843521,0.8496332518337408,0.8948655256723717,2000,2000
deezer_ismir,sources,aime_musicgen_large,AUROC,,,,0,2000
deezer_ismir,sources,aime_musicgen_large,F1,,,,0,2000
deezer_ismir,sources,aime_musicgen_large,FN,23.0,18.0,27.0,2000,2000
deezer_ismir,sources,aime_musicgen_large,FP,0.0,0.0,0.0,2000,2000
deezer_ismir,sources,aime_musicgen_large,FPR,,,,0,2000
deezer_ismir,sources,aime_musicgen_large,TN,0.0,0.0,0.0,2000,2000
deezer_ismir,sources,aime_musicgen_large,TP,7.0,3.0,12.0,2000,2000
deezer_ismir,sources,aime_musicgen_large,TPR,0.23333333333333334,0.1,0.4,2000,2000
deezer_ismir,sources,aime_musicgen_large,all_attempt_correctness,0.23333333333333334,0.1,0.4,2000,2000
deezer_ismir,sources,aime_musicgen_large,attempted,30.0,30.0,30.0,2000,2000
deezer_ismir,sources,aime_musicgen_large,balanced_accuracy,,,,0,2000
deezer_ismir,sources,aime_musicgen_large,coverage,1.0,1.0,1.0,2000,2000
deezer_ismir,sources,aime_musicgen_large,macro_FPR,,,,0,2000
deezer_ismir,sources,aime_musicgen_large,macro_TPR,0.23333333333333334,0.1,0.4,2000,2000
deezer_ismir,sources,aime_musicgen_large,precision,1.0,1.0,1.0,2000,2000
deezer_ismir,sources,aime_musicgen_large,scored,30.0,30.0,30.0,2000,2000
deezer_ismir,sources,aime_musicgen_large,specificity,,,,0,2000
deezer_ismir,sources,aime_musicgen_medium,AUROC,,,,0,2000
deezer_ismir,sources,aime_musicgen_medium,F1,,,,0,2000
deezer_ismir,sources,aime_musicgen_medium,FN,20.0,14.0,25.0,2000,2000
deezer_ismir,sources,aime_musicgen_medium,FP,0.0,0.0,0.0,2000,2000
deezer_ismir,sources,aime_musicgen_medium,FPR,,,,0,2000
deezer_ismir,sources,aime_musicgen_medium,TN,0.0,0.0,0.0,2000,2000
deezer_ismir,sources,aime_musicgen_medium,TP,10.0,5.0,16.0,2000,2000
deezer_ismir,sources,aime_musicgen_medium,TPR,0.3333333333333333,0.16666666666666666,0.5333333333333333,2000,2000
deezer_ismir,sources,aime_musicgen_medium,all_attempt_correctness,0.3333333333333333,0.16666666666666666,0.5333333333333333,2000,2000
deezer_ismir,sources,aime_musicgen_medium,attempted,30.0,30.0,30.0,2000,2000
deezer_ismir,sources,aime_musicgen_medium,balanced_accuracy,,,,0,2000
deezer_ismir,sources,aime_musicgen_medium,coverage,1.0,1.0,1.0,2000,2000
deezer_ismir,sources,aime_musicgen_medium,macro_FPR,,,,0,2000
deezer_ismir,sources,aime_musicgen_medium,macro_TPR,0.3333333333333333,0.16666666666666666,0.5333333333333333,2000,2000
deezer_ismir,sources,aime_musicgen_medium,precision,1.0,1.0,1.0,2000,2000
deezer_ismir,sources,aime_musicgen_medium,scored,30.0,30.0,30.0,2000,2000
deezer_ismir,sources,aime_musicgen_medium,specificity,,,,0,2000
deezer_ismir,sources,aime_musicgen_small,AUROC,,,,0,2000
deezer_ismir,sources,aime_musicgen_small,F1,,,,0,2000
deezer_ismir,sources,aime_musicgen_small,FN,20.0,15.0,25.0,2000,2000
deezer_ismir,sources,aime_musicgen_small,FP,0.0,0.0,0.0,2000,2000
deezer_ismir,sources,aime_musicgen_small,FPR,,,,0,2000
deezer_ismir,sources,aime_musicgen_small,TN,0.0,0.0,0.0,2000,2000
deezer_ismir,sources,aime_musicgen_small,TP,10.0,5.0,15.0,2000,2000
deezer_ismir,sources,aime_musicgen_small,TPR,0.3333333333333333,0.16666666666666666,0.5,2000,2000
deezer_ismir,sources,aime_musicgen_small,all_attempt_correctness,0.3333333333333333,0.16666666666666666,0.5,2000,2000
deezer_ismir,sources,aime_musicgen_small,attempted,30.0,30.0,30.0,2000,2000
deezer_ismir,sources,aime_musicgen_small,balanced_accuracy,,,,0,2000
deezer_ismir,sources,aime_musicgen_small,coverage,1.0,1.0,1.0,2000,2000
deezer_ismir,sources,aime_musicgen_small,macro_FPR,,,,0,2000
deezer_ismir,sources,aime_musicgen_small,macro_TPR,0.3333333333333333,0.16666666666666666,0.5,2000,2000
deezer_ismir,sources,aime_musicgen_small,precision,1.0,1.0,1.0,2000,2000
deezer_ismir,sources,aime_musicgen_small,scored,30.0,30.0,30.0,2000,2000
deezer_ismir,sources,aime_musicgen_small,specificity,,,,0,2000
deezer_ismir,sources,aime_riffusion,AUROC,,,,0,2000
deezer_ismir,sources,aime_riffusion,F1,,,,0,2000
deezer_ismir,sources,aime_riffusion,FN,30.0,30.0,30.0,2000,2000
deezer_ismir,sources,aime_riffusion,FP,0.0,0.0,0.0,2000,2000
deezer_ismir,sources,aime_riffusion,FPR,,,,0,2000
deezer_ismir,sources,aime_riffusion,TN,0.0,0.0,0.0,2000,2000
deezer_ismir,sources,aime_riffusion,TP,0.0,0.0,0.0,2000,2000
deezer_ismir,sources,aime_riffusion,TPR,0.0,0.0,0.0,2000,2000
deezer_ismir,sources,aime_riffusion,all_attempt_correctness,0.0,0.0,0.0,2000,2000
deezer_ismir,sources,aime_riffusion,attempted,30.0,30.0,30.0,2000,2000
deezer_ismir,sources,aime_riffusion,balanced_accuracy,,,,0,2000
deezer_ismir,sources,aime_riffusion,coverage,1.0,1.0,1.0,2000,2000
deezer_ismir,sources,aime_riffusion,macro_FPR,,,,0,2000
deezer_ismir,sources,aime_riffusion,macro_TPR,0.0,0.0,0.0,2000,2000
deezer_ismir,sources,aime_riffusion,precision,,,,0,2000
deezer_ismir,sources,aime_riffusion,scored,30.0,30.0,30.0,2000,2000
deezer_ismir,sources,aime_riffusion,specificity,,,,0,2000
deezer_ismir,sources,aime_stable_audio_v1,AUROC,,,,0,2000
deezer_ismir,sources,aime_stable_audio_v1,F1,,,,0,2000
deezer_ismir,sources,aime_stable_audio_v1,FN,50.0,50.0,50.0,2000,2000
deezer_ismir,sources,aime_stable_audio_v1,FP,0.0,0.0,0.0,2000,2000
deezer_ismir,sources,aime_stable_audio_v1,FPR,,,,0,2000
deezer_ismir,sources,aime_stable_audio_v1,TN,0.0,0.0,0.0,2000,2000
deezer_ismir,sources,aime_stable_audio_v1,TP,0.0,0.0,0.0,2000,2000
deezer_ismir,sources,aime_stable_audio_v1,TPR,0.0,0.0,0.0,2000,2000
deezer_ismir,sources,aime_stable_audio_v1,all_attempt_correctness,0.0,0.0,0.0,2000,2000
deezer_ismir,sources,aime_stable_audio_v1,attempted,50.0,50.0,50.0,2000,2000
deezer_ismir,sources,aime_stable_audio_v1,balanced_accuracy,,,,0,2000
deezer_ismir,sources,aime_stable_audio_v1,coverage,1.0,1.0,1.0,2000,2000
deezer_ismir,sources,aime_stable_audio_v1,macro_FPR,,,,0,2000
deezer_ismir,sources,aime_stable_audio_v1,macro_TPR,0.0,0.0,0.0,2000,2000
deezer_ismir,sources,aime_stable_audio_v1,precision,,,,0,2000
deezer_ismir,sources,aime_stable_audio_v1,scored,50.0,50.0,50.0,2000,2000
deezer_ismir,sources,aime_stable_audio_v1,specificity,,,,0,2000
deezer_ismir,sources,aime_stable_audio_v2,AUROC,,,,0,2000
deezer_ismir,sources,aime_stable_audio_v2,F1,,,,0,2000
deezer_ismir,sources,aime_stable_audio_v2,FN,49.0,47.0,50.0,2000,2000
deezer_ismir,sources,aime_stable_audio_v2,FP,0.0,0.0,0.0,2000,2000
deezer_ismir,sources,aime_stable_audio_v2,FPR,,,,0,2000
deezer_ismir,sources,aime_stable_audio_v2,TN,0.0,0.0,0.0,2000,2000
deezer_ismir,sources,aime_stable_audio_v2,TP,1.0,0.0,3.0,2000,2000
deezer_ismir,sources,aime_stable_audio_v2,TPR,0.02,0.0,0.06,2000,2000
deezer_ismir,sources,aime_stable_audio_v2,all_attempt_correctness,0.02,0.0,0.06,2000,2000
deezer_ismir,sources,aime_stable_audio_v2,attempted,50.0,50.0,50.0,2000,2000
deezer_ismir,sources,aime_stable_audio_v2,balanced_accuracy,,,,0,2000
deezer_ismir,sources,aime_stable_audio_v2,coverage,1.0,1.0,1.0,2000,2000
deezer_ismir,sources,aime_stable_audio_v2,macro_FPR,,,,0,2000
deezer_ismir,sources,aime_stable_audio_v2,macro_TPR,0.02,0.0,0.06,2000,2000
deezer_ismir,sources,aime_stable_audio_v2,precision,1.0,1.0,1.0,1265,2000
deezer_ismir,sources,aime_stable_audio_v2,scored,50.0,50.0,50.0,2000,2000
deezer_ismir,sources,aime_stable_audio_v2,specificity,,,,0,2000
deezer_ismir,sources,aime_suno_v3,AUROC,,,,0,2000
deezer_ismir,sources,aime_suno_v3,F1,,,,0,2000
deezer_ismir,sources,aime_suno_v3,FN,0.0,0.0,0.0,2000,2000
deezer_ismir,sources,aime_suno_v3,FP,0.0,0.0,0.0,2000,2000
deezer_ismir,sources,aime_suno_v3,FPR,,,,0,2000
deezer_ismir,sources,aime_suno_v3,TN,0.0,0.0,0.0,2000,2000
deezer_ismir,sources,aime_suno_v3,TP,30.0,30.0,30.0,2000,2000
deezer_ismir,sources,aime_suno_v3,TPR,1.0,1.0,1.0,2000,2000
deezer_ismir,sources,aime_suno_v3,all_attempt_correctness,1.0,1.0,1.0,2000,2000
deezer_ismir,sources,aime_suno_v3,attempted,30.0,30.0,30.0,2000,2000
deezer_ismir,sources,aime_suno_v3,balanced_accuracy,,,,0,2000
deezer_ismir,sources,aime_suno_v3,coverage,1.0,1.0,1.0,2000,2000
deezer_ismir,sources,aime_suno_v3,macro_FPR,,,,0,2000
deezer_ismir,sources,aime_suno_v3,macro_TPR,1.0,1.0,1.0,2000,2000
deezer_ismir,sources,aime_suno_v3,precision,1.0,1.0,1.0,2000,2000
deezer_ismir,sources,aime_suno_v3,scored,30.0,30.0,30.0,2000,2000
deezer_ismir,sources,aime_suno_v3,specificity,,,,0,2000
deezer_ismir,sources,aime_suno_v35,AUROC,,,,0,2000
deezer_ismir,sources,aime_suno_v35,F1,,,,0,2000
deezer_ismir,sources,aime_suno_v35,FN,1.0,0.0,3.0,2000,2000
deezer_ismir,sources,aime_suno_v35,FP,0.0,0.0,0.0,2000,2000
deezer_ismir,sources,aime_suno_v35,FPR,,,,0,2000
deezer_ismir,sources,aime_suno_v35,TN,0.0,0.0,0.0,2000,2000
deezer_ismir,sources,aime_suno_v35,TP,29.0,27.0,30.0,2000,2000
deezer_ismir,sources,aime_suno_v35,TPR,0.9666666666666667,0.9,1.0,2000,2000
deezer_ismir,sources,aime_suno_v35,all_attempt_correctness,0.9666666666666667,0.9,1.0,2000,2000
deezer_ismir,sources,aime_suno_v35,attempted,30.0,30.0,30.0,2000,2000
deezer_ismir,sources,aime_suno_v35,balanced_accuracy,,,,0,2000
deezer_ismir,sources,aime_suno_v35,coverage,1.0,1.0,1.0,2000,2000
deezer_ismir,sources,aime_suno_v35,macro_FPR,,,,0,2000
deezer_ismir,sources,aime_suno_v35,macro_TPR,0.9666666666666667,0.9,1.0,2000,2000
deezer_ismir,sources,aime_suno_v35,precision,1.0,1.0,1.0,2000,2000
deezer_ismir,sources,aime_suno_v35,scored,30.0,30.0,30.0,2000,2000
deezer_ismir,sources,aime_suno_v35,specificity,,,,0,2000
deezer_ismir,sources,aime_udio,AUROC,,,,0,2000
deezer_ismir,sources,aime_udio,F1,,,,0,2000
deezer_ismir,sources,aime_udio,FN,21.0,16.0,26.0,2000,2000
deezer_ismir,sources,aime_udio,FP,0.0,0.0,0.0,2000,2000
deezer_ismir,sources,aime_udio,FPR,,,,0,2000
deezer_ismir,sources,aime_udio,TN,0.0,0.0,0.0,2000,2000
deezer_ismir,sources,aime_udio,TP,9.0,4.0,14.0,2000,2000
deezer_ismir,sources,aime_udio,TPR,0.3,0.13333333333333333,0.4666666666666667,2000,2000
deezer_ismir,sources,aime_udio,all_attempt_correctness,0.3,0.13333333333333333,0.4666666666666667,2000,2000
deezer_ismir,sources,aime_udio,attempted,30.0,30.0,30.0,2000,2000
deezer_ismir,sources,aime_udio,balanced_accuracy,,,,0,2000
deezer_ismir,sources,aime_udio,coverage,1.0,1.0,1.0,2000,2000
deezer_ismir,sources,aime_udio,macro_FPR,,,,0,2000
deezer_ismir,sources,aime_udio,macro_TPR,0.3,0.13333333333333333,0.4666666666666667,2000,2000
deezer_ismir,sources,aime_udio,precision,1.0,1.0,1.0,2000,2000
deezer_ismir,sources,aime_udio,scored,30.0,30.0,30.0,2000,2000
deezer_ismir,sources,aime_udio,specificity,,,,0,2000
deezer_ismir,sources,fma_hardneg,AUROC,,,,0,2000
deezer_ismir,sources,fma_hardneg,F1,,,,0,2000
deezer_ismir,sources,fma_hardneg,FN,0.0,0.0,0.0,2000,2000
deezer_ismir,sources,fma_hardneg,FP,13.0,7.0,19.0,2000,2000
deezer_ismir,sources,fma_hardneg,FPR,0.08666666666666667,0.04666666666666667,0.12666666666666668,2000,2000
deezer_ismir,sources,fma_hardneg,TN,137.0,131.0,143.0,2000,2000
deezer_ismir,sources,fma_hardneg,TP,0.0,0.0,0.0,2000,2000
deezer_ismir,sources,fma_hardneg,TPR,,,,0,2000
deezer_ismir,sources,fma_hardneg,all_attempt_correctness,0.9133333333333333,0.8733333333333333,0.9533333333333334,2000,2000
deezer_ismir,sources,fma_hardneg,attempted,150.0,150.0,150.0,2000,2000
deezer_ismir,sources,fma_hardneg,balanced_accuracy,,,,0,2000
deezer_ismir,sources,fma_hardneg,coverage,1.0,1.0,1.0,2000,2000
deezer_ismir,sources,fma_hardneg,macro_FPR,0.08666666666666667,0.04666666666666667,0.12666666666666668,2000,2000
deezer_ismir,sources,fma_hardneg,macro_TPR,,,,0,2000
deezer_ismir,sources,fma_hardneg,precision,0.0,0.0,0.0,2000,2000
deezer_ismir,sources,fma_hardneg,scored,150.0,150.0,150.0,2000,2000
deezer_ismir,sources,fma_hardneg,specificity,0.9133333333333333,0.8733333333333333,0.9533333333333334,2000,2000
deezer_ismir,sources,mom_diffrythm,AUROC,,,,0,2000
deezer_ismir,sources,mom_diffrythm,F1,,,,0,2000
deezer_ismir,sources,mom_diffrythm,FN,97.0,93.0,100.0,2000,2000
deezer_ismir,sources,mom_diffrythm,FP,0.0,0.0,0.0,2000,2000
deezer_ismir,sources,mom_diffrythm,FPR,,,,0,2000
deezer_ismir,sources,mom_diffrythm,TN,0.0,0.0,0.0,2000,2000
deezer_ismir,sources,mom_diffrythm,TP,3.0,0.0,7.0,2000,2000
deezer_ismir,sources,mom_diffrythm,TPR,0.03,0.0,0.07,2000,2000
deezer_ismir,sources,mom_diffrythm,all_attempt_correctness,0.03,0.0,0.07,2000,2000
deezer_ismir,sources,mom_diffrythm,attempted,100.0,100.0,100.0,2000,2000
deezer_ismir,sources,mom_diffrythm,balanced_accuracy,,,,0,2000
deezer_ismir,sources,mom_diffrythm,coverage,1.0,1.0,1.0,2000,2000
deezer_ismir,sources,mom_diffrythm,macro_FPR,,,,0,2000
deezer_ismir,sources,mom_diffrythm,macro_TPR,0.03,0.0,0.07,2000,2000
deezer_ismir,sources,mom_diffrythm,precision,1.0,1.0,1.0,1909,2000
deezer_ismir,sources,mom_diffrythm,scored,100.0,100.0,100.0,2000,2000
deezer_ismir,sources,mom_diffrythm,specificity,,,,0,2000
deezer_ismir,sources,mom_extra_real,AUROC,,,,0,2000
deezer_ismir,sources,mom_extra_real,F1,,,,0,2000
deezer_ismir,sources,mom_extra_real,FN,0.0,0.0,0.0,2000,2000
deezer_ismir,sources,mom_extra_real,FP,10.0,4.0,17.0,2000,2000
deezer_ismir,sources,mom_extra_real,FPR,0.11363636363636363,0.045454545454545456,0.19318181818181818,2000,2000
deezer_ismir,sources,mom_extra_real,TN,78.0,71.0,84.0,2000,2000
deezer_ismir,sources,mom_extra_real,TP,0.0,0.0,0.0,2000,2000
deezer_ismir,sources,mom_extra_real,TPR,,,,0,2000
deezer_ismir,sources,mom_extra_real,all_attempt_correctness,0.8863636363636364,0.8068181818181818,0.9545454545454546,2000,2000
deezer_ismir,sources,mom_extra_real,attempted,88.0,88.0,88.0,2000,2000
deezer_ismir,sources,mom_extra_real,balanced_accuracy,,,,0,2000
deezer_ismir,sources,mom_extra_real,coverage,1.0,1.0,1.0,2000,2000
deezer_ismir,sources,mom_extra_real,macro_FPR,0.11363636363636363,0.045454545454545456,0.19318181818181818,2000,2000
deezer_ismir,sources,mom_extra_real,macro_TPR,,,,0,2000
deezer_ismir,sources,mom_extra_real,precision,0.0,0.0,0.0,2000,2000
deezer_ismir,sources,mom_extra_real,scored,88.0,88.0,88.0,2000,2000
deezer_ismir,sources,mom_extra_real,specificity,0.8863636363636364,0.8068181818181819,0.9545454545454546,2000,2000
deezer_ismir,sources,mom_real,AUROC,,,,0,2000
deezer_ismir,sources,mom_real,F1,,,,0,2000
deezer_ismir,sources,mom_real,FN,0.0,0.0,0.0,2000,2000
deezer_ismir,sources,mom_real,FP,31.0,21.0,41.0,2000,2000
deezer_ismir,sources,mom_real,FPR,0.16666666666666666,0.11290322580645161,0.22043010752688172,2000,2000
deezer_ismir,sources,mom_real,TN,155.0,145.0,165.0,2000,2000
deezer_ismir,sources,mom_real,TP,0.0,0.0,0.0,2000,2000
deezer_ismir,sources,mom_real,TPR,,,,0,2000
deezer_ismir,sources,mom_real,all_attempt_correctness,0.8333333333333334,0.7795698924731183,0.8870967741935484,2000,2000
deezer_ismir,sources,mom_real,attempted,186.0,186.0,186.0,2000,2000
deezer_ismir,sources,mom_real,balanced_accuracy,,,,0,2000
deezer_ismir,sources,mom_real,coverage,1.0,1.0,1.0,2000,2000
deezer_ismir,sources,mom_real,macro_FPR,0.16666666666666666,0.11290322580645161,0.22043010752688172,2000,2000
deezer_ismir,sources,mom_real,macro_TPR,,,,0,2000
deezer_ismir,sources,mom_real,precision,0.0,0.0,0.0,2000,2000
deezer_ismir,sources,mom_real,scored,186.0,186.0,186.0,2000,2000
deezer_ismir,sources,mom_real,specificity,0.8333333333333334,0.7795698924731183,0.8870967741935484,2000,2000
deezer_ismir,sources,mom_real_wav,AUROC,,,,0,2000
deezer_ismir,sources,mom_real_wav,F1,,,,0,2000
deezer_ismir,sources,mom_real_wav,FN,0.0,0.0,0.0,2000,2000
deezer_ismir,sources,mom_real_wav,FP,3.0,0.0,6.0,2000,2000
deezer_ismir,sources,mom_real_wav,FPR,0.10714285714285714,0.0,0.21428571428571427,2000,2000
deezer_ismir,sources,mom_real_wav,TN,25.0,22.0,28.0,2000,2000
deezer_ismir,sources,mom_real_wav,TP,0.0,0.0,0.0,2000,2000
deezer_ismir,sources,mom_real_wav,TPR,,,,0,2000
deezer_ismir,sources,mom_real_wav,all_attempt_correctness,0.8928571428571429,0.7857142857142857,1.0,2000,2000
deezer_ismir,sources,mom_real_wav,attempted,28.0,28.0,28.0,2000,2000
deezer_ismir,sources,mom_real_wav,balanced_accuracy,,,,0,2000
deezer_ismir,sources,mom_real_wav,coverage,1.0,1.0,1.0,2000,2000
deezer_ismir,sources,mom_real_wav,macro_FPR,0.10714285714285714,0.0,0.21428571428571427,2000,2000
deezer_ismir,sources,mom_real_wav,macro_TPR,,,,0,2000
deezer_ismir,sources,mom_real_wav,precision,0.0,0.0,0.0,1936,2000
deezer_ismir,sources,mom_real_wav,scored,28.0,28.0,28.0,2000,2000
deezer_ismir,sources,mom_real_wav,specificity,0.8928571428571429,0.7857142857142857,1.0,2000,2000
deezer_ismir,sources,mom_riffusion,AUROC,,,,0,2000
deezer_ismir,sources,mom_riffusion,F1,,,,0,2000
deezer_ismir,sources,mom_riffusion,FN,76.0,67.975,84.0,2000,2000
deezer_ismir,sources,mom_riffusion,FP,0.0,0.0,0.0,2000,2000
deezer_ismir,sources,mom_riffusion,FPR,,,,0,2000
deezer_ismir,sources,mom_riffusion,TN,0.0,0.0,0.0,2000,2000
deezer_ismir,sources,mom_riffusion,TP,24.0,16.0,32.024999999999864,2000,2000
deezer_ismir,sources,mom_riffusion,TPR,0.24,0.16,0.32024999999999865,2000,2000
deezer_ismir,sources,mom_riffusion,all_attempt_correctness,0.24,0.16,0.32024999999999865,2000,2000
deezer_ismir,sources,mom_riffusion,attempted,100.0,100.0,100.0,2000,2000
deezer_ismir,sources,mom_riffusion,balanced_accuracy,,,,0,2000
deezer_ismir,sources,mom_riffusion,coverage,1.0,1.0,1.0,2000,2000
deezer_ismir,sources,mom_riffusion,macro_FPR,,,,0,2000
deezer_ismir,sources,mom_riffusion,macro_TPR,0.24,0.16,0.32024999999999865,2000,2000
deezer_ismir,sources,mom_riffusion,precision,1.0,1.0,1.0,2000,2000
deezer_ismir,sources,mom_riffusion,scored,100.0,100.0,100.0,2000,2000
deezer_ismir,sources,mom_riffusion,specificity,,,,0,2000
deezer_ismir,sources,mom_udio,AUROC,,,,0,2000
deezer_ismir,sources,mom_udio,F1,,,,0,2000
deezer_ismir,sources,mom_udio,FN,29.0,20.0,39.0,2000,2000
deezer_ismir,sources,mom_udio,FP,0.0,0.0,0.0,2000,2000
deezer_ismir,sources,mom_udio,FPR,,,,0,2000
deezer_ismir,sources,mom_udio,TN,0.0,0.0,0.0,2000,2000
deezer_ismir,sources,mom_udio,TP,71.0,61.0,80.0,2000,2000
deezer_ismir,sources,mom_udio,TPR,0.71,0.61,0.8,2000,2000
deezer_ismir,sources,mom_udio,all_attempt_correctness,0.71,0.61,0.8,2000,2000
deezer_ismir,sources,mom_udio,attempted,100.0,100.0,100.0,2000,2000
deezer_ismir,sources,mom_udio,balanced_accuracy,,,,0,2000
deezer_ismir,sources,mom_udio,coverage,1.0,1.0,1.0,2000,2000
deezer_ismir,sources,mom_udio,macro_FPR,,,,0,2000
deezer_ismir,sources,mom_udio,macro_TPR,0.71,0.61,0.8,2000,2000
deezer_ismir,sources,mom_udio,precision,1.0,1.0,1.0,2000,2000
deezer_ismir,sources,mom_udio,scored,100.0,100.0,100.0,2000,2000
deezer_ismir,sources,mom_udio,specificity,,,,0,2000
deezer_ismir,sources,mom_yue,AUROC,,,,0,2000
deezer_ismir,sources,mom_yue,F1,,,,0,2000
deezer_ismir,sources,mom_yue,FN,0.0,0.0,0.0,2000,2000
deezer_ismir,sources,mom_yue,FP,0.0,0.0,0.0,2000,2000
deezer_ismir,sources,mom_yue,FPR,,,,0,2000
deezer_ismir,sources,mom_yue,TN,0.0,0.0,0.0,2000,2000
deezer_ismir,sources,mom_yue,TP,100.0,99.0,102.0,2000,2000
deezer_ismir,sources,mom_yue,TPR,1.0,1.0,1.0,2000,2000
deezer_ismir,sources,mom_yue,all_attempt_correctness,1.0,1.0,1.0,2000,2000
deezer_ismir,sources,mom_yue,attempted,100.0,99.0,102.0,2000,2000
deezer_ismir,sources,mom_yue,balanced_accuracy,,,,0,2000
deezer_ismir,sources,mom_yue,coverage,1.0,1.0,1.0,2000,2000
deezer_ismir,sources,mom_yue,macro_FPR,,,,0,2000
deezer_ismir,sources,mom_yue,macro_TPR,1.0,1.0,1.0,2000,2000
deezer_ismir,sources,mom_yue,precision,1.0,1.0,1.0,2000,2000
deezer_ismir,sources,mom_yue,scored,100.0,99.0,102.0,2000,2000
deezer_ismir,sources,mom_yue,specificity,,,,0,2000
deezer_ismir,sources,sonics_chirp-v2-xxl-alpha,AUROC,,,,0,2000
deezer_ismir,sources,sonics_chirp-v2-xxl-alpha,F1,,,,0,2000
deezer_ismir,sources,sonics_chirp-v2-xxl-alpha,FN,0.0,0.0,0.0,2000,2000
deezer_ismir,sources,sonics_chirp-v2-xxl-alpha,FP,0.0,0.0,0.0,2000,2000
deezer_ismir,sources,sonics_chirp-v2-xxl-alpha,FPR,,,,0,2000
deezer_ismir,sources,sonics_chirp-v2-xxl-alpha,TN,0.0,0.0,0.0,2000,2000
deezer_ismir,sources,sonics_chirp-v2-xxl-alpha,TP,80.0,80.0,80.0,2000,2000
deezer_ismir,sources,sonics_chirp-v2-xxl-alpha,TPR,1.0,1.0,1.0,2000,2000
deezer_ismir,sources,sonics_chirp-v2-xxl-alpha,all_attempt_correctness,1.0,1.0,1.0,2000,2000
deezer_ismir,sources,sonics_chirp-v2-xxl-alpha,attempted,80.0,80.0,80.0,2000,2000
deezer_ismir,sources,sonics_chirp-v2-xxl-alpha,balanced_accuracy,,,,0,2000
deezer_ismir,sources,sonics_chirp-v2-xxl-alpha,coverage,1.0,1.0,1.0,2000,2000
deezer_ismir,sources,sonics_chirp-v2-xxl-alpha,macro_FPR,,,,0,2000
deezer_ismir,sources,sonics_chirp-v2-xxl-alpha,macro_TPR,1.0,1.0,1.0,2000,2000
deezer_ismir,sources,sonics_chirp-v2-xxl-alpha,precision,1.0,1.0,1.0,2000,2000
deezer_ismir,sources,sonics_chirp-v2-xxl-alpha,scored,80.0,80.0,80.0,2000,2000
deezer_ismir,sources,sonics_chirp-v2-xxl-alpha,specificity,,,,0,2000
deezer_ismir,sources,sonics_chirp-v3,AUROC,,,,0,2000
deezer_ismir,sources,sonics_chirp-v3,F1,,,,0,2000
deezer_ismir,sources,sonics_chirp-v3,FN,0.0,0.0,0.0,2000,2000
deezer_ismir,sources,sonics_chirp-v3,FP,0.0,0.0,0.0,2000,2000
deezer_ismir,sources,sonics_chirp-v3,FPR,,,,0,2000
deezer_ismir,sources,sonics_chirp-v3,TN,0.0,0.0,0.0,2000,2000
deezer_ismir,sources,sonics_chirp-v3,TP,80.0,80.0,80.0,2000,2000
deezer_ismir,sources,sonics_chirp-v3,TPR,1.0,1.0,1.0,2000,2000
deezer_ismir,sources,sonics_chirp-v3,all_attempt_correctness,1.0,1.0,1.0,2000,2000
deezer_ismir,sources,sonics_chirp-v3,attempted,80.0,80.0,80.0,2000,2000
deezer_ismir,sources,sonics_chirp-v3,balanced_accuracy,,,,0,2000
deezer_ismir,sources,sonics_chirp-v3,coverage,1.0,1.0,1.0,2000,2000
deezer_ismir,sources,sonics_chirp-v3,macro_FPR,,,,0,2000
deezer_ismir,sources,sonics_chirp-v3,macro_TPR,1.0,1.0,1.0,2000,2000
deezer_ismir,sources,sonics_chirp-v3,precision,1.0,1.0,1.0,2000,2000
deezer_ismir,sources,sonics_chirp-v3,scored,80.0,80.0,80.0,2000,2000
deezer_ismir,sources,sonics_chirp-v3,specificity,,,,0,2000
deezer_ismir,sources,sonics_chirp-v3.5,AUROC,,,,0,2000
deezer_ismir,sources,sonics_chirp-v3.5,F1,,,,0,2000
deezer_ismir,sources,sonics_chirp-v3.5,FN,0.0,0.0,0.0,2000,2000
deezer_ismir,sources,sonics_chirp-v3.5,FP,0.0,0.0,0.0,2000,2000
deezer_ismir,sources,sonics_chirp-v3.5,FPR,,,,0,2000
deezer_ismir,sources,sonics_chirp-v3.5,TN,0.0,0.0,0.0,2000,2000
deezer_ismir,sources,sonics_chirp-v3.5,TP,80.0,80.0,80.0,2000,2000
deezer_ismir,sources,sonics_chirp-v3.5,TPR,1.0,1.0,1.0,2000,2000
deezer_ismir,sources,sonics_chirp-v3.5,all_attempt_correctness,1.0,1.0,1.0,2000,2000
deezer_ismir,sources,sonics_chirp-v3.5,attempted,80.0,80.0,80.0,2000,2000
deezer_ismir,sources,sonics_chirp-v3.5,balanced_accuracy,,,,0,2000
deezer_ismir,sources,sonics_chirp-v3.5,coverage,1.0,1.0,1.0,2000,2000
deezer_ismir,sources,sonics_chirp-v3.5,macro_FPR,,,,0,2000
deezer_ismir,sources,sonics_chirp-v3.5,macro_TPR,1.0,1.0,1.0,2000,2000
deezer_ismir,sources,sonics_chirp-v3.5,precision,1.0,1.0,1.0,2000,2000
deezer_ismir,sources,sonics_chirp-v3.5,scored,80.0,80.0,80.0,2000,2000
deezer_ismir,sources,sonics_chirp-v3.5,specificity,,,,0,2000
deezer_ismir,sources,sonics_real,AUROC,,,,0,2000
deezer_ismir,sources,sonics_real,F1,,,,0,2000
deezer_ismir,sources,sonics_real,FN,0.0,0.0,0.0,2000,2000
deezer_ismir,sources,sonics_real,FP,36.0,25.0,47.0,2000,2000
deezer_ismir,sources,sonics_real,FPR,0.12203389830508475,0.0847457627118644,0.15932203389830507,2000,2000
deezer_ismir,sources,sonics_real,TN,259.0,248.0,270.0,2000,2000
deezer_ismir,sources,sonics_real,TP,0.0,0.0,0.0,2000,2000
deezer_ismir,sources,sonics_real,TPR,,,,0,2000
deezer_ismir,sources,sonics_real,all_attempt_correctness,0.8779661016949153,0.8406779661016949,0.9152542372881356,2000,2000
deezer_ismir,sources,sonics_real,attempted,295.0,295.0,295.0,2000,2000
deezer_ismir,sources,sonics_real,balanced_accuracy,,,,0,2000
deezer_ismir,sources,sonics_real,coverage,1.0,1.0,1.0,2000,2000
deezer_ismir,sources,sonics_real,macro_FPR,0.12203389830508475,0.0847457627118644,0.15932203389830507,2000,2000
deezer_ismir,sources,sonics_real,macro_TPR,,,,0,2000
deezer_ismir,sources,sonics_real,precision,0.0,0.0,0.0,2000,2000
deezer_ismir,sources,sonics_real,scored,295.0,295.0,295.0,2000,2000
deezer_ismir,sources,sonics_real,specificity,0.8779661016949153,0.840677966101695,0.9152542372881356,2000,2000
deezer_ismir,sources,sonics_udio-120s,AUROC,,,,0,2000
deezer_ismir,sources,sonics_udio-120s,F1,,,,0,2000
deezer_ismir,sources,sonics_udio-120s,FN,3.0,0.0,7.0,2000,2000
deezer_ismir,sources,sonics_udio-120s,FP,0.0,0.0,0.0,2000,2000
deezer_ismir,sources,sonics_udio-120s,FPR,,,,0,2000
deezer_ismir,sources,sonics_udio-120s,TN,0.0,0.0,0.0,2000,2000
deezer_ismir,sources,sonics_udio-120s,TP,77.0,73.0,80.0,2000,2000
deezer_ismir,sources,sonics_udio-120s,TPR,0.9625,0.9125,1.0,2000,2000
deezer_ismir,sources,sonics_udio-120s,all_attempt_correctness,0.9625,0.9125,1.0,2000,2000
deezer_ismir,sources,sonics_udio-120s,attempted,80.0,80.0,80.0,2000,2000
deezer_ismir,sources,sonics_udio-120s,balanced_accuracy,,,,0,2000
deezer_ismir,sources,sonics_udio-120s,coverage,1.0,1.0,1.0,2000,2000
deezer_ismir,sources,sonics_udio-120s,macro_FPR,,,,0,2000
deezer_ismir,sources,sonics_udio-120s,macro_TPR,0.9625,0.9125,1.0,2000,2000
deezer_ismir,sources,sonics_udio-120s,precision,1.0,1.0,1.0,2000,2000
deezer_ismir,sources,sonics_udio-120s,scored,80.0,80.0,80.0,2000,2000
deezer_ismir,sources,sonics_udio-120s,specificity,,,,0,2000
deezer_ismir,sources,sonics_udio-30s,AUROC,,,,0,2000
deezer_ismir,sources,sonics_udio-30s,F1,,,,0,2000
deezer_ismir,sources,sonics_udio-30s,FN,50.0,41.975,58.0,2000,2000
deezer_ismir,sources,sonics_udio-30s,FP,0.0,0.0,0.0,2000,2000
deezer_ismir,sources,sonics_udio-30s,FPR,,,,0,2000
deezer_ismir,sources,sonics_udio-30s,TN,0.0,0.0,0.0,2000,2000
deezer_ismir,sources,sonics_udio-30s,TP,30.0,22.0,38.024999999999864,2000,2000
deezer_ismir,sources,sonics_udio-30s,TPR,0.375,0.275,0.47531249999999825,2000,2000
deezer_ismir,sources,sonics_udio-30s,all_attempt_correctness,0.375,0.275,0.47531249999999825,2000,2000
deezer_ismir,sources,sonics_udio-30s,attempted,80.0,80.0,80.0,2000,2000
deezer_ismir,sources,sonics_udio-30s,balanced_accuracy,,,,0,2000
deezer_ismir,sources,sonics_udio-30s,coverage,1.0,1.0,1.0,2000,2000
deezer_ismir,sources,sonics_udio-30s,macro_FPR,,,,0,2000
deezer_ismir,sources,sonics_udio-30s,macro_TPR,0.375,0.275,0.47531249999999825,2000,2000
deezer_ismir,sources,sonics_udio-30s,precision,1.0,1.0,1.0,2000,2000
deezer_ismir,sources,sonics_udio-30s,scored,80.0,80.0,80.0,2000,2000
deezer_ismir,sources,sonics_udio-30s,specificity,,,,0,2000
deezer_ismir,sources,suno_cdn_latest,AUROC,,,,0,2000
deezer_ismir,sources,suno_cdn_latest,F1,,,,0,2000
deezer_ismir,sources,suno_cdn_latest,FN,1.0,0.0,3.0,2000,2000
deezer_ismir,sources,suno_cdn_latest,FP,0.0,0.0,0.0,2000,2000
deezer_ismir,sources,suno_cdn_latest,FPR,,,,0,2000
deezer_ismir,sources,suno_cdn_latest,TN,0.0,0.0,0.0,2000,2000
deezer_ismir,sources,suno_cdn_latest,TP,55.0,53.0,56.0,2000,2000
deezer_ismir,sources,suno_cdn_latest,TPR,0.9821428571428571,0.9464285714285714,1.0,2000,2000
deezer_ismir,sources,suno_cdn_latest,all_attempt_correctness,0.9821428571428571,0.9464285714285714,1.0,2000,2000
deezer_ismir,sources,suno_cdn_latest,attempted,56.0,56.0,56.0,2000,2000
deezer_ismir,sources,suno_cdn_latest,balanced_accuracy,,,,0,2000
deezer_ismir,sources,suno_cdn_latest,coverage,1.0,1.0,1.0,2000,2000
deezer_ismir,sources,suno_cdn_latest,macro_FPR,,,,0,2000
deezer_ismir,sources,suno_cdn_latest,macro_TPR,0.9821428571428571,0.9464285714285714,1.0,2000,2000
deezer_ismir,sources,suno_cdn_latest,precision,1.0,1.0,1.0,2000,2000
deezer_ismir,sources,suno_cdn_latest,scored,56.0,56.0,56.0,2000,2000
deezer_ismir,sources,suno_cdn_latest,specificity,,,,0,2000
deezer_ismir,sources,suno_extra,AUROC,,,,0,2000
deezer_ismir,sources,suno_extra,F1,,,,0,2000
deezer_ismir,sources,suno_extra,FN,0.0,0.0,0.0,2000,2000
deezer_ismir,sources,suno_extra,FP,0.0,0.0,0.0,2000,2000
deezer_ismir,sources,suno_extra,FPR,,,,0,2000
deezer_ismir,sources,suno_extra,TN,0.0,0.0,0.0,2000,2000
deezer_ismir,sources,suno_extra,TP,80.0,80.0,80.0,2000,2000
deezer_ismir,sources,suno_extra,TPR,1.0,1.0,1.0,2000,2000
deezer_ismir,sources,suno_extra,all_attempt_correctness,1.0,1.0,1.0,2000,2000
deezer_ismir,sources,suno_extra,attempted,80.0,80.0,80.0,2000,2000
deezer_ismir,sources,suno_extra,balanced_accuracy,,,,0,2000
deezer_ismir,sources,suno_extra,coverage,1.0,1.0,1.0,2000,2000
deezer_ismir,sources,suno_extra,macro_FPR,,,,0,2000
deezer_ismir,sources,suno_extra,macro_TPR,1.0,1.0,1.0,2000,2000
deezer_ismir,sources,suno_extra,precision,1.0,1.0,1.0,2000,2000
deezer_ismir,sources,suno_extra,scored,80.0,80.0,80.0,2000,2000
deezer_ismir,sources,suno_extra,specificity,,,,0,2000
deezer_ismir,sources,suno_v5.5_native_260905,AUROC,,,,0,2000
deezer_ismir,sources,suno_v5.5_native_260905,F1,,,,0,2000
deezer_ismir,sources,suno_v5.5_native_260905,FN,0.0,0.0,0.0,2000,2000
deezer_ismir,sources,suno_v5.5_native_260905,FP,0.0,0.0,0.0,2000,2000
deezer_ismir,sources,suno_v5.5_native_260905,FPR,,,,0,2000
deezer_ismir,sources,suno_v5.5_native_260905,TN,0.0,0.0,0.0,2000,2000
deezer_ismir,sources,suno_v5.5_native_260905,TP,200.0,190.0,210.02499999999986,2000,2000
deezer_ismir,sources,suno_v5.5_native_260905,TPR,1.0,1.0,1.0,2000,2000
deezer_ismir,sources,suno_v5.5_native_260905,all_attempt_correctness,1.0,1.0,1.0,2000,2000
deezer_ismir,sources,suno_v5.5_native_260905,attempted,200.0,190.0,210.02499999999986,2000,2000
deezer_ismir,sources,suno_v5.5_native_260905,balanced_accuracy,,,,0,2000
deezer_ismir,sources,suno_v5.5_native_260905,coverage,1.0,1.0,1.0,2000,2000
deezer_ismir,sources,suno_v5.5_native_260905,macro_FPR,,,,0,2000
deezer_ismir,sources,suno_v5.5_native_260905,macro_TPR,1.0,1.0,1.0,2000,2000
deezer_ismir,sources,suno_v5.5_native_260905,precision,1.0,1.0,1.0,2000,2000
deezer_ismir,sources,suno_v5.5_native_260905,scored,200.0,190.0,210.02499999999986,2000,2000
deezer_ismir,sources,suno_v5.5_native_260905,specificity,,,,0,2000
deezer_ismir,sources,udio_2026_version_unknown_native_260905,AUROC,,,,0,2000
deezer_ismir,sources,udio_2026_version_unknown_native_260905,F1,,,,0,2000
deezer_ismir,sources,udio_2026_version_unknown_native_260905,FN,67.0,53.0,81.0,2000,2000
deezer_ismir,sources,udio_2026_version_unknown_native_260905,FP,0.0,0.0,0.0,2000,2000
deezer_ismir,sources,udio_2026_version_unknown_native_260905,FPR,,,,0,2000
deezer_ismir,sources,udio_2026_version_unknown_native_260905,TN,0.0,0.0,0.0,2000,2000
deezer_ismir,sources,udio_2026_version_unknown_native_260905,TP,133.0,118.0,148.0,2000,2000
deezer_ismir,sources,udio_2026_version_unknown_native_260905,TPR,0.665,0.597013021626561,0.7294716799763383,2000,2000
deezer_ismir,sources,udio_2026_version_unknown_native_260905,all_attempt_correctness,0.665,0.597013021626561,0.7294716799763383,2000,2000
deezer_ismir,sources,udio_2026_version_unknown_native_260905,attempted,200.0,190.975,210.0,2000,2000
deezer_ismir,sources,udio_2026_version_unknown_native_260905,balanced_accuracy,,,,0,2000
deezer_ismir,sources,udio_2026_version_unknown_native_260905,coverage,1.0,1.0,1.0,2000,2000
deezer_ismir,sources,udio_2026_version_unknown_native_260905,macro_FPR,,,,0,2000
deezer_ismir,sources,udio_2026_version_unknown_native_260905,macro_TPR,0.665,0.597013021626561,0.7294716799763383,2000,2000
deezer_ismir,sources,udio_2026_version_unknown_native_260905,precision,1.0,1.0,1.0,2000,2000
deezer_ismir,sources,udio_2026_version_unknown_native_260905,scored,200.0,190.975,210.0,2000,2000
deezer_ismir,sources,udio_2026_version_unknown_native_260905,specificity,,,,0,2000
deezer_ismir,sources,udio_cdn_latest,AUROC,,,,0,2000
deezer_ismir,sources,udio_cdn_latest,F1,,,,0,2000
deezer_ismir,sources,udio_cdn_latest,FN,3.0,0.0,6.0,2000,2000
deezer_ismir,sources,udio_cdn_latest,FP,0.0,0.0,0.0,2000,2000
deezer_ismir,sources,udio_cdn_latest,FPR,,,,0,2000
deezer_ismir,sources,udio_cdn_latest,TN,0.0,0.0,0.0,2000,2000
deezer_ismir,sources,udio_cdn_latest,TP,15.0,12.0,18.0,2000,2000
deezer_ismir,sources,udio_cdn_latest,TPR,0.8333333333333334,0.6666666666666666,1.0,2000,2000
deezer_ismir,sources,udio_cdn_latest,all_attempt_correctness,0.8333333333333334,0.6666666666666666,1.0,2000,2000
deezer_ismir,sources,udio_cdn_latest,attempted,18.0,18.0,18.0,2000,2000
deezer_ismir,sources,udio_cdn_latest,balanced_accuracy,,,,0,2000
deezer_ismir,sources,udio_cdn_latest,coverage,1.0,1.0,1.0,2000,2000
deezer_ismir,sources,udio_cdn_latest,macro_FPR,,,,0,2000
deezer_ismir,sources,udio_cdn_latest,macro_TPR,0.8333333333333334,0.6666666666666666,1.0,2000,2000
deezer_ismir,sources,udio_cdn_latest,precision,1.0,1.0,1.0,2000,2000
deezer_ismir,sources,udio_cdn_latest,scored,18.0,18.0,18.0,2000,2000
deezer_ismir,sources,udio_cdn_latest,specificity,,,,0,2000
deezer_ismir,sources,udio_extra,AUROC,,,,0,2000
deezer_ismir,sources,udio_extra,F1,,,,0,2000
deezer_ismir,sources,udio_extra,FN,15.0,8.975000000000001,22.0,2000,2000
deezer_ismir,sources,udio_extra,FP,0.0,0.0,0.0,2000,2000
deezer_ismir,sources,udio_extra,FPR,,,,0,2000
deezer_ismir,sources,udio_extra,TN,0.0,0.0,0.0,2000,2000
deezer_ismir,sources,udio_extra,TP,65.0,58.0,71.02499999999986,2000,2000
deezer_ismir,sources,udio_extra,TPR,0.8125,0.725,0.8878124999999982,2000,2000
deezer_ismir,sources,udio_extra,all_attempt_correctness,0.8125,0.725,0.8878124999999982,2000,2000
deezer_ismir,sources,udio_extra,attempted,80.0,80.0,80.0,2000,2000
deezer_ismir,sources,udio_extra,balanced_accuracy,,,,0,2000
deezer_ismir,sources,udio_extra,coverage,1.0,1.0,1.0,2000,2000
deezer_ismir,sources,udio_extra,macro_FPR,,,,0,2000
deezer_ismir,sources,udio_extra,macro_TPR,0.8125,0.725,0.8878124999999982,2000,2000
deezer_ismir,sources,udio_extra,precision,1.0,1.0,1.0,2000,2000
deezer_ismir,sources,udio_extra,scored,80.0,80.0,80.0,2000,2000
deezer_ismir,sources,udio_extra,specificity,,,,0,2000
deezer_ismir,sources,youtube_hardneg,AUROC,,,,0,2000
deezer_ismir,sources,youtube_hardneg,F1,,,,0,2000
deezer_ismir,sources,youtube_hardneg,FN,0.0,0.0,0.0,2000,2000
deezer_ismir,sources,youtube_hardneg,FP,10.0,5.0,16.0,2000,2000
deezer_ismir,sources,youtube_hardneg,FPR,0.136986301369863,0.0684931506849315,0.2191780821917808,2000,2000
deezer_ismir,sources,youtube_hardneg,TN,63.0,57.0,68.0,2000,2000
deezer_ismir,sources,youtube_hardneg,TP,0.0,0.0,0.0,2000,2000
deezer_ismir,sources,youtube_hardneg,TPR,,,,0,2000
deezer_ismir,sources,youtube_hardneg,all_attempt_correctness,0.863013698630137,0.7808219178082192,0.9315068493150684,2000,2000
deezer_ismir,sources,youtube_hardneg,attempted,73.0,73.0,73.0,2000,2000
deezer_ismir,sources,youtube_hardneg,balanced_accuracy,,,,0,2000
deezer_ismir,sources,youtube_hardneg,coverage,1.0,1.0,1.0,2000,2000
deezer_ismir,sources,youtube_hardneg,macro_FPR,0.136986301369863,0.0684931506849315,0.2191780821917808,2000,2000
deezer_ismir,sources,youtube_hardneg,macro_TPR,,,,0,2000
deezer_ismir,sources,youtube_hardneg,precision,0.0,0.0,0.0,2000,2000
deezer_ismir,sources,youtube_hardneg,scored,73.0,73.0,73.0,2000,2000
deezer_ismir,sources,youtube_hardneg,specificity,0.863013698630137,0.7808219178082192,0.9315068493150684,2000,2000
clam,cohorts,contemporary_native,AUROC,,,,0,2000
clam,cohorts,contemporary_native,F1,,,,0,2000
clam,cohorts,contemporary_native,FN,87.0,70.0,105.0,2000,2000
clam,cohorts,contemporary_native,FP,0.0,0.0,0.0,2000,2000
clam,cohorts,contemporary_native,FPR,,,,0,2000
clam,cohorts,contemporary_native,TN,0.0,0.0,0.0,2000,2000
clam,cohorts,contemporary_native,TP,313.0,293.0,332.0,2000,2000
clam,cohorts,contemporary_native,TPR,0.7825,0.7372234554895026,0.8236775818639799,2000,2000
clam,cohorts,contemporary_native,all_attempt_correctness,0.7825,0.7372234554895026,0.8236775818639799,2000,2000
clam,cohorts,contemporary_native,attempted,400.0,387.0,414.0,2000,2000
clam,cohorts,contemporary_native,balanced_accuracy,,,,0,2000
clam,cohorts,contemporary_native,coverage,1.0,1.0,1.0,2000,2000
clam,cohorts,contemporary_native,macro_FPR,,,,0,2000
clam,cohorts,contemporary_native,macro_TPR,0.7825,0.737374803640867,0.8236338085995819,2000,2000
clam,cohorts,contemporary_native,precision,1.0,1.0,1.0,2000,2000
clam,cohorts,contemporary_native,scored,400.0,387.0,414.0,2000,2000
clam,cohorts,contemporary_native,specificity,,,,0,2000
clam,cohorts,legacy,AUROC,0.707545731707317,0.6886580133963904,0.7252857971764833,2000,2000
clam,cohorts,legacy,F1,0.7606727037516171,0.7499167227272016,0.7714290287177611,2000,2000
clam,cohorts,legacy,FN,168.0,146.0,192.0,2000,2000
clam,cohorts,legacy,FP,572.0,546.0,599.0,2000,2000
clam,cohorts,legacy,FPR,0.697560975609756,0.6658536585365854,0.7298313047668338,2000,2000
clam,cohorts,legacy,TN,248.0,222.0,274.0,2000,2000
clam,cohorts,legacy,TP,1176.0,1152.0,1199.0,2000,2000
clam,cohorts,legacy,TPR,0.875,0.8573524749084441,0.8912881608339538,2000,2000
clam,cohorts,legacy,all_attempt_correctness,0.6580406654343808,0.6421595237881399,0.6737638632162661,2000,2000
clam,cohorts,legacy,attempted,2164.0,2161.0,2168.0,2000,2000
clam,cohorts,legacy,balanced_accuracy,0.588719512195122,0.570377072950205,0.6074642221301223,2000,2000
clam,cohorts,legacy,coverage,1.0,1.0,1.0,2000,2000
clam,cohorts,legacy,macro_FPR,0.6798739265071455,0.6374131058150463,0.7231170224161472,2000,2000
clam,cohorts,legacy,macro_TPR,0.8962788600288601,0.8785616506049957,0.9122321797520663,2000,2000
clam,cohorts,legacy,precision,0.6727688787185355,0.6617555336137645,0.6842127716903179,2000,2000
clam,cohorts,legacy,scored,2164.0,2161.0,2168.0,2000,2000
clam,cohorts,legacy,specificity,0.30243902439024395,0.2701686952331662,0.3341463414634146,2000,2000
clam,cohorts,non_demo,AUROC,0.6765037620272992,0.6573043101981335,0.6959157188672619,2000,2000
clam,cohorts,non_demo,F1,0.7826544021024967,0.7720943515569673,0.7930183172388332,2000,2000
clam,cohorts,non_demo,FN,255.0,226.975,284.0,2000,2000
clam,cohorts,non_demo,FP,572.0,544.0,597.0,2000,2000
clam,cohorts,non_demo,FPR,0.697560975609756,0.6638346927734352,0.7277250290360046,2000,2000
clam,cohorts,non_demo,TN,248.0,223.0,276.0,2000,2000
clam,cohorts,non_demo,TP,1489.0,1460.0,1518.0,2000,2000
clam,cohorts,non_demo,TPR,0.8537844036697247,0.8377905114704752,0.8696404371454969,2000,2000
clam,cohorts,non_demo,all_attempt_correctness,0.6774570982839313,0.6622463604127921,0.6925523180205957,2000,2000
clam,cohorts,non_demo,attempted,2564.0,2549.0,2579.0,2000,2000
clam,cohorts,non_demo,balanced_accuracy,0.5781117140299844,0.5600382694014439,0.596830554627464,2000,2000
clam,cohorts,non_demo,coverage,1.0,1.0,1.0,2000,2000
clam,cohorts,non_demo,macro_FPR,0.6798739265071455,0.6369888321439617,0.7195041637565605,2000,2000
clam,cohorts,non_demo,macro_TPR,0.8867972883597884,0.8714458468809897,0.9016751518657774,2000,2000
clam,cohorts,non_demo,precision,0.7224648229015042,0.7127041200192961,0.7329749827334817,2000,2000
clam,cohorts,non_demo,scored,2564.0,2549.0,2579.0,2000,2000
clam,cohorts,non_demo,specificity,0.30243902439024395,0.2722749709639954,0.33616530722656485,2000,2000
clam,cohorts,non_demo_recording_representative,AUROC,0.6761558984804044,0.6566031685784096,0.695794584457428,2000,2000
clam,cohorts,non_demo_recording_representative,F1,0.7829518547750592,0.772558744197629,0.7931039043970078,2000,2000
clam,cohorts,non_demo_recording_representative,FN,255.0,226.975,284.0,2000,2000
clam,cohorts,non_demo_recording_representative,FP,570.0,543.0,596.0,2000,2000
clam,cohorts,non_demo_recording_representative,FPR,0.6968215158924206,0.6638141809290954,0.7286063569682152,2000,2000
clam,cohorts,non_demo_recording_representative,TN,248.0,222.0,275.0,2000,2000
clam,cohorts,non_demo_recording_representative,TP,1488.0,1459.0,1517.0,2000,2000
clam,cohorts,non_demo_recording_representative,TPR,0.8537005163511188,0.8377441545433431,0.8696404371454969,2000,2000
clam,cohorts,non_demo_recording_representative,all_attempt_correctness,0.6778602108551347,0.6630186330830747,0.6923091900311527,2000,2000
clam,cohorts,non_demo_recording_representative,attempted,2561.0,2547.0,2576.0,2000,2000
clam,cohorts,non_demo_recording_representative,balanced_accuracy,0.578439500229349,0.5599449259969302,0.5956092165258534,2000,2000
clam,cohorts,non_demo_recording_representative,coverage,1.0,1.0,1.0,2000,2000
clam,cohorts,non_demo_recording_representative,macro_FPR,0.6793479798030782,0.6346159184298644,0.7238792667358255,2000,2000
clam,cohorts,non_demo_recording_representative,macro_TPR,0.8866920695045696,0.8712381021891565,0.9015115262800997,2000,2000
clam,cohorts,non_demo_recording_representative,precision,0.7230320699708455,0.7129893851005612,0.7328667733575384,2000,2000
clam,cohorts,non_demo_recording_representative,scored,2561.0,2547.0,2576.0,2000,2000
clam,cohorts,non_demo_recording_representative,specificity,0.3031784841075794,0.2713936430317848,0.3361858190709046,2000,2000
clam,sources,aime_musicgen_large,AUROC,,,,0,2000
clam,sources,aime_musicgen_large,F1,,,,0,2000
clam,sources,aime_musicgen_large,FN,0.0,0.0,0.0,2000,2000
clam,sources,aime_musicgen_large,FP,0.0,0.0,0.0,2000,2000
clam,sources,aime_musicgen_large,FPR,,,,0,2000
clam,sources,aime_musicgen_large,TN,0.0,0.0,0.0,2000,2000
clam,sources,aime_musicgen_large,TP,30.0,30.0,30.0,2000,2000
clam,sources,aime_musicgen_large,TPR,1.0,1.0,1.0,2000,2000
clam,sources,aime_musicgen_large,all_attempt_correctness,1.0,1.0,1.0,2000,2000
clam,sources,aime_musicgen_large,attempted,30.0,30.0,30.0,2000,2000
clam,sources,aime_musicgen_large,balanced_accuracy,,,,0,2000
clam,sources,aime_musicgen_large,coverage,1.0,1.0,1.0,2000,2000
clam,sources,aime_musicgen_large,macro_FPR,,,,0,2000
clam,sources,aime_musicgen_large,macro_TPR,1.0,1.0,1.0,2000,2000
clam,sources,aime_musicgen_large,precision,1.0,1.0,1.0,2000,2000
clam,sources,aime_musicgen_large,scored,30.0,30.0,30.0,2000,2000
clam,sources,aime_musicgen_large,specificity,,,,0,2000
clam,sources,aime_musicgen_medium,AUROC,,,,0,2000
clam,sources,aime_musicgen_medium,F1,,,,0,2000
clam,sources,aime_musicgen_medium,FN,0.0,0.0,0.0,2000,2000
clam,sources,aime_musicgen_medium,FP,0.0,0.0,0.0,2000,2000
clam,sources,aime_musicgen_medium,FPR,,,,0,2000
clam,sources,aime_musicgen_medium,TN,0.0,0.0,0.0,2000,2000
clam,sources,aime_musicgen_medium,TP,30.0,30.0,30.0,2000,2000
clam,sources,aime_musicgen_medium,TPR,1.0,1.0,1.0,2000,2000
clam,sources,aime_musicgen_medium,all_attempt_correctness,1.0,1.0,1.0,2000,2000
clam,sources,aime_musicgen_medium,attempted,30.0,30.0,30.0,2000,2000
clam,sources,aime_musicgen_medium,balanced_accuracy,,,,0,2000
clam,sources,aime_musicgen_medium,coverage,1.0,1.0,1.0,2000,2000
clam,sources,aime_musicgen_medium,macro_FPR,,,,0,2000
clam,sources,aime_musicgen_medium,macro_TPR,1.0,1.0,1.0,2000,2000
clam,sources,aime_musicgen_medium,precision,1.0,1.0,1.0,2000,2000
clam,sources,aime_musicgen_medium,scored,30.0,30.0,30.0,2000,2000
clam,sources,aime_musicgen_medium,specificity,,,,0,2000
clam,sources,aime_musicgen_small,AUROC,,,,0,2000
clam,sources,aime_musicgen_small,F1,,,,0,2000
clam,sources,aime_musicgen_small,FN,0.0,0.0,0.0,2000,2000
clam,sources,aime_musicgen_small,FP,0.0,0.0,0.0,2000,2000
clam,sources,aime_musicgen_small,FPR,,,,0,2000
clam,sources,aime_musicgen_small,TN,0.0,0.0,0.0,2000,2000
clam,sources,aime_musicgen_small,TP,30.0,30.0,30.0,2000,2000
clam,sources,aime_musicgen_small,TPR,1.0,1.0,1.0,2000,2000
clam,sources,aime_musicgen_small,all_attempt_correctness,1.0,1.0,1.0,2000,2000
clam,sources,aime_musicgen_small,attempted,30.0,30.0,30.0,2000,2000
clam,sources,aime_musicgen_small,balanced_accuracy,,,,0,2000
clam,sources,aime_musicgen_small,coverage,1.0,1.0,1.0,2000,2000
clam,sources,aime_musicgen_small,macro_FPR,,,,0,2000
clam,sources,aime_musicgen_small,macro_TPR,1.0,1.0,1.0,2000,2000
clam,sources,aime_musicgen_small,precision,1.0,1.0,1.0,2000,2000
clam,sources,aime_musicgen_small,scored,30.0,30.0,30.0,2000,2000
clam,sources,aime_musicgen_small,specificity,,,,0,2000
clam,sources,aime_riffusion,AUROC,,,,0,2000
clam,sources,aime_riffusion,F1,,,,0,2000
clam,sources,aime_riffusion,FN,0.0,0.0,0.0,2000,2000
clam,sources,aime_riffusion,FP,0.0,0.0,0.0,2000,2000
clam,sources,aime_riffusion,FPR,,,,0,2000
clam,sources,aime_riffusion,TN,0.0,0.0,0.0,2000,2000
clam,sources,aime_riffusion,TP,30.0,30.0,30.0,2000,2000
clam,sources,aime_riffusion,TPR,1.0,1.0,1.0,2000,2000
clam,sources,aime_riffusion,all_attempt_correctness,1.0,1.0,1.0,2000,2000
clam,sources,aime_riffusion,attempted,30.0,30.0,30.0,2000,2000
clam,sources,aime_riffusion,balanced_accuracy,,,,0,2000
clam,sources,aime_riffusion,coverage,1.0,1.0,1.0,2000,2000
clam,sources,aime_riffusion,macro_FPR,,,,0,2000
clam,sources,aime_riffusion,macro_TPR,1.0,1.0,1.0,2000,2000
clam,sources,aime_riffusion,precision,1.0,1.0,1.0,2000,2000
clam,sources,aime_riffusion,scored,30.0,30.0,30.0,2000,2000
clam,sources,aime_riffusion,specificity,,,,0,2000
clam,sources,aime_stable_audio_v1,AUROC,,,,0,2000
clam,sources,aime_stable_audio_v1,F1,,,,0,2000
clam,sources,aime_stable_audio_v1,FN,0.0,0.0,0.0,2000,2000
clam,sources,aime_stable_audio_v1,FP,0.0,0.0,0.0,2000,2000
clam,sources,aime_stable_audio_v1,FPR,,,,0,2000
clam,sources,aime_stable_audio_v1,TN,0.0,0.0,0.0,2000,2000
clam,sources,aime_stable_audio_v1,TP,50.0,50.0,50.0,2000,2000
clam,sources,aime_stable_audio_v1,TPR,1.0,1.0,1.0,2000,2000
clam,sources,aime_stable_audio_v1,all_attempt_correctness,1.0,1.0,1.0,2000,2000
clam,sources,aime_stable_audio_v1,attempted,50.0,50.0,50.0,2000,2000
clam,sources,aime_stable_audio_v1,balanced_accuracy,,,,0,2000
clam,sources,aime_stable_audio_v1,coverage,1.0,1.0,1.0,2000,2000
clam,sources,aime_stable_audio_v1,macro_FPR,,,,0,2000
clam,sources,aime_stable_audio_v1,macro_TPR,1.0,1.0,1.0,2000,2000
clam,sources,aime_stable_audio_v1,precision,1.0,1.0,1.0,2000,2000
clam,sources,aime_stable_audio_v1,scored,50.0,50.0,50.0,2000,2000
clam,sources,aime_stable_audio_v1,specificity,,,,0,2000
clam,sources,aime_stable_audio_v2,AUROC,,,,0,2000
clam,sources,aime_stable_audio_v2,F1,,,,0,2000
clam,sources,aime_stable_audio_v2,FN,0.0,0.0,0.0,2000,2000
clam,sources,aime_stable_audio_v2,FP,0.0,0.0,0.0,2000,2000
clam,sources,aime_stable_audio_v2,FPR,,,,0,2000
clam,sources,aime_stable_audio_v2,TN,0.0,0.0,0.0,2000,2000
clam,sources,aime_stable_audio_v2,TP,50.0,50.0,50.0,2000,2000
clam,sources,aime_stable_audio_v2,TPR,1.0,1.0,1.0,2000,2000
clam,sources,aime_stable_audio_v2,all_attempt_correctness,1.0,1.0,1.0,2000,2000
clam,sources,aime_stable_audio_v2,attempted,50.0,50.0,50.0,2000,2000
clam,sources,aime_stable_audio_v2,balanced_accuracy,,,,0,2000
clam,sources,aime_stable_audio_v2,coverage,1.0,1.0,1.0,2000,2000
clam,sources,aime_stable_audio_v2,macro_FPR,,,,0,2000
clam,sources,aime_stable_audio_v2,macro_TPR,1.0,1.0,1.0,2000,2000
clam,sources,aime_stable_audio_v2,precision,1.0,1.0,1.0,2000,2000
clam,sources,aime_stable_audio_v2,scored,50.0,50.0,50.0,2000,2000
clam,sources,aime_stable_audio_v2,specificity,,,,0,2000
clam,sources,aime_suno_v3,AUROC,,,,0,2000
clam,sources,aime_suno_v3,F1,,,,0,2000
clam,sources,aime_suno_v3,FN,3.0,0.0,7.0,2000,2000
clam,sources,aime_suno_v3,FP,0.0,0.0,0.0,2000,2000
clam,sources,aime_suno_v3,FPR,,,,0,2000
clam,sources,aime_suno_v3,TN,0.0,0.0,0.0,2000,2000
clam,sources,aime_suno_v3,TP,27.0,23.0,30.0,2000,2000
clam,sources,aime_suno_v3,TPR,0.9,0.7666666666666667,1.0,2000,2000
clam,sources,aime_suno_v3,all_attempt_correctness,0.9,0.7666666666666667,1.0,2000,2000
clam,sources,aime_suno_v3,attempted,30.0,30.0,30.0,2000,2000
clam,sources,aime_suno_v3,balanced_accuracy,,,,0,2000
clam,sources,aime_suno_v3,coverage,1.0,1.0,1.0,2000,2000
clam,sources,aime_suno_v3,macro_FPR,,,,0,2000
clam,sources,aime_suno_v3,macro_TPR,0.9,0.7666666666666667,1.0,2000,2000
clam,sources,aime_suno_v3,precision,1.0,1.0,1.0,2000,2000
clam,sources,aime_suno_v3,scored,30.0,30.0,30.0,2000,2000
clam,sources,aime_suno_v3,specificity,,,,0,2000
clam,sources,aime_suno_v35,AUROC,,,,0,2000
clam,sources,aime_suno_v35,F1,,,,0,2000
clam,sources,aime_suno_v35,FN,3.0,0.0,6.0,2000,2000
clam,sources,aime_suno_v35,FP,0.0,0.0,0.0,2000,2000
clam,sources,aime_suno_v35,FPR,,,,0,2000
clam,sources,aime_suno_v35,TN,0.0,0.0,0.0,2000,2000
clam,sources,aime_suno_v35,TP,27.0,24.0,30.0,2000,2000
clam,sources,aime_suno_v35,TPR,0.9,0.8,1.0,2000,2000
clam,sources,aime_suno_v35,all_attempt_correctness,0.9,0.8,1.0,2000,2000
clam,sources,aime_suno_v35,attempted,30.0,30.0,30.0,2000,2000
clam,sources,aime_suno_v35,balanced_accuracy,,,,0,2000
clam,sources,aime_suno_v35,coverage,1.0,1.0,1.0,2000,2000
clam,sources,aime_suno_v35,macro_FPR,,,,0,2000
clam,sources,aime_suno_v35,macro_TPR,0.9,0.8,1.0,2000,2000
clam,sources,aime_suno_v35,precision,1.0,1.0,1.0,2000,2000
clam,sources,aime_suno_v35,scored,30.0,30.0,30.0,2000,2000
clam,sources,aime_suno_v35,specificity,,,,0,2000
clam,sources,aime_udio,AUROC,,,,0,2000
clam,sources,aime_udio,F1,,,,0,2000
clam,sources,aime_udio,FN,0.0,0.0,0.0,2000,2000
clam,sources,aime_udio,FP,0.0,0.0,0.0,2000,2000
clam,sources,aime_udio,FPR,,,,0,2000
clam,sources,aime_udio,TN,0.0,0.0,0.0,2000,2000
clam,sources,aime_udio,TP,30.0,30.0,30.0,2000,2000
clam,sources,aime_udio,TPR,1.0,1.0,1.0,2000,2000
clam,sources,aime_udio,all_attempt_correctness,1.0,1.0,1.0,2000,2000
clam,sources,aime_udio,attempted,30.0,30.0,30.0,2000,2000
clam,sources,aime_udio,balanced_accuracy,,,,0,2000
clam,sources,aime_udio,coverage,1.0,1.0,1.0,2000,2000
clam,sources,aime_udio,macro_FPR,,,,0,2000
clam,sources,aime_udio,macro_TPR,1.0,1.0,1.0,2000,2000
clam,sources,aime_udio,precision,1.0,1.0,1.0,2000,2000
clam,sources,aime_udio,scored,30.0,30.0,30.0,2000,2000
clam,sources,aime_udio,specificity,,,,0,2000
clam,sources,fma_hardneg,AUROC,,,,0,2000
clam,sources,fma_hardneg,F1,,,,0,2000
clam,sources,fma_hardneg,FN,0.0,0.0,0.0,2000,2000
clam,sources,fma_hardneg,FP,117.0,107.0,127.0,2000,2000
clam,sources,fma_hardneg,FPR,0.78,0.7133333333333334,0.8466666666666667,2000,2000
clam,sources,fma_hardneg,TN,33.0,23.0,43.0,2000,2000
clam,sources,fma_hardneg,TP,0.0,0.0,0.0,2000,2000
clam,sources,fma_hardneg,TPR,,,,0,2000
clam,sources,fma_hardneg,all_attempt_correctness,0.22,0.15333333333333332,0.2866666666666667,2000,2000
clam,sources,fma_hardneg,attempted,150.0,150.0,150.0,2000,2000
clam,sources,fma_hardneg,balanced_accuracy,,,,0,2000
clam,sources,fma_hardneg,coverage,1.0,1.0,1.0,2000,2000
clam,sources,fma_hardneg,macro_FPR,0.78,0.7133333333333334,0.8466666666666667,2000,2000
clam,sources,fma_hardneg,macro_TPR,,,,0,2000
clam,sources,fma_hardneg,precision,0.0,0.0,0.0,2000,2000
clam,sources,fma_hardneg,scored,150.0,150.0,150.0,2000,2000
clam,sources,fma_hardneg,specificity,0.21999999999999997,0.15333333333333332,0.2866666666666666,2000,2000
clam,sources,mom_diffrythm,AUROC,,,,0,2000
clam,sources,mom_diffrythm,F1,,,,0,2000
clam,sources,mom_diffrythm,FN,10.0,5.0,16.0,2000,2000
clam,sources,mom_diffrythm,FP,0.0,0.0,0.0,2000,2000
clam,sources,mom_diffrythm,FPR,,,,0,2000
clam,sources,mom_diffrythm,TN,0.0,0.0,0.0,2000,2000
clam,sources,mom_diffrythm,TP,90.0,84.0,95.0,2000,2000
clam,sources,mom_diffrythm,TPR,0.9,0.84,0.95,2000,2000
clam,sources,mom_diffrythm,all_attempt_correctness,0.9,0.84,0.95,2000,2000
clam,sources,mom_diffrythm,attempted,100.0,100.0,100.0,2000,2000
clam,sources,mom_diffrythm,balanced_accuracy,,,,0,2000
clam,sources,mom_diffrythm,coverage,1.0,1.0,1.0,2000,2000
clam,sources,mom_diffrythm,macro_FPR,,,,0,2000
clam,sources,mom_diffrythm,macro_TPR,0.9,0.84,0.95,2000,2000
clam,sources,mom_diffrythm,precision,1.0,1.0,1.0,2000,2000
clam,sources,mom_diffrythm,scored,100.0,100.0,100.0,2000,2000
clam,sources,mom_diffrythm,specificity,,,,0,2000
clam,sources,mom_extra_real,AUROC,,,,0,2000
clam,sources,mom_extra_real,F1,,,,0,2000
clam,sources,mom_extra_real,FN,0.0,0.0,0.0,2000,2000
clam,sources,mom_extra_real,FP,57.0,49.0,66.0,2000,2000
clam,sources,mom_extra_real,FPR,0.6477272727272727,0.5568181818181818,0.75,2000,2000
clam,sources,mom_extra_real,TN,31.0,22.0,39.0,2000,2000
clam,sources,mom_extra_real,TP,0.0,0.0,0.0,2000,2000
clam,sources,mom_extra_real,TPR,,,,0,2000
clam,sources,mom_extra_real,all_attempt_correctness,0.3522727272727273,0.25,0.4431818181818182,2000,2000
clam,sources,mom_extra_real,attempted,88.0,88.0,88.0,2000,2000
clam,sources,mom_extra_real,balanced_accuracy,,,,0,2000
clam,sources,mom_extra_real,coverage,1.0,1.0,1.0,2000,2000
clam,sources,mom_extra_real,macro_FPR,0.6477272727272727,0.5568181818181818,0.75,2000,2000
clam,sources,mom_extra_real,macro_TPR,,,,0,2000
clam,sources,mom_extra_real,precision,0.0,0.0,0.0,2000,2000
clam,sources,mom_extra_real,scored,88.0,88.0,88.0,2000,2000
clam,sources,mom_extra_real,specificity,0.3522727272727273,0.25,0.44318181818181823,2000,2000
clam,sources,mom_real,AUROC,,,,0,2000
clam,sources,mom_real,F1,,,,0,2000
clam,sources,mom_real,FN,0.0,0.0,0.0,2000,2000
clam,sources,mom_real,FP,132.0,120.0,144.0,2000,2000
clam,sources,mom_real,FPR,0.7096774193548387,0.6451612903225806,0.7741935483870968,2000,2000
clam,sources,mom_real,TN,54.0,42.0,66.0,2000,2000
clam,sources,mom_real,TP,0.0,0.0,0.0,2000,2000
clam,sources,mom_real,TPR,,,,0,2000
clam,sources,mom_real,all_attempt_correctness,0.2903225806451613,0.22580645161290322,0.3548387096774194,2000,2000
clam,sources,mom_real,attempted,186.0,186.0,186.0,2000,2000
clam,sources,mom_real,balanced_accuracy,,,,0,2000
clam,sources,mom_real,coverage,1.0,1.0,1.0,2000,2000
clam,sources,mom_real,macro_FPR,0.7096774193548387,0.6451612903225806,0.7741935483870968,2000,2000
clam,sources,mom_real,macro_TPR,,,,0,2000
clam,sources,mom_real,precision,0.0,0.0,0.0,2000,2000
clam,sources,mom_real,scored,186.0,186.0,186.0,2000,2000
clam,sources,mom_real,specificity,0.29032258064516125,0.22580645161290325,0.3548387096774194,2000,2000
clam,sources,mom_real_wav,AUROC,,,,0,2000
clam,sources,mom_real_wav,F1,,,,0,2000
clam,sources,mom_real_wav,FN,0.0,0.0,0.0,2000,2000
clam,sources,mom_real_wav,FP,14.0,9.0,19.0,2000,2000
clam,sources,mom_real_wav,FPR,0.5,0.32142857142857145,0.6785714285714286,2000,2000
clam,sources,mom_real_wav,TN,14.0,9.0,19.0,2000,2000
clam,sources,mom_real_wav,TP,0.0,0.0,0.0,2000,2000
clam,sources,mom_real_wav,TPR,,,,0,2000
clam,sources,mom_real_wav,all_attempt_correctness,0.5,0.32142857142857145,0.6785714285714286,2000,2000
clam,sources,mom_real_wav,attempted,28.0,28.0,28.0,2000,2000
clam,sources,mom_real_wav,balanced_accuracy,,,,0,2000
clam,sources,mom_real_wav,coverage,1.0,1.0,1.0,2000,2000
clam,sources,mom_real_wav,macro_FPR,0.5,0.32142857142857145,0.6785714285714286,2000,2000
clam,sources,mom_real_wav,macro_TPR,,,,0,2000
clam,sources,mom_real_wav,precision,0.0,0.0,0.0,2000,2000
clam,sources,mom_real_wav,scored,28.0,28.0,28.0,2000,2000
clam,sources,mom_real_wav,specificity,0.5,0.3214285714285714,0.6785714285714286,2000,2000
clam,sources,mom_riffusion,AUROC,,,,0,2000
clam,sources,mom_riffusion,F1,,,,0,2000
clam,sources,mom_riffusion,FN,29.0,20.0,38.0,2000,2000
clam,sources,mom_riffusion,FP,0.0,0.0,0.0,2000,2000
clam,sources,mom_riffusion,FPR,,,,0,2000
clam,sources,mom_riffusion,TN,0.0,0.0,0.0,2000,2000
clam,sources,mom_riffusion,TP,71.0,62.0,80.0,2000,2000
clam,sources,mom_riffusion,TPR,0.71,0.62,0.8,2000,2000
clam,sources,mom_riffusion,all_attempt_correctness,0.71,0.62,0.8,2000,2000
clam,sources,mom_riffusion,attempted,100.0,100.0,100.0,2000,2000
clam,sources,mom_riffusion,balanced_accuracy,,,,0,2000
clam,sources,mom_riffusion,coverage,1.0,1.0,1.0,2000,2000
clam,sources,mom_riffusion,macro_FPR,,,,0,2000
clam,sources,mom_riffusion,macro_TPR,0.71,0.62,0.8,2000,2000
clam,sources,mom_riffusion,precision,1.0,1.0,1.0,2000,2000
clam,sources,mom_riffusion,scored,100.0,100.0,100.0,2000,2000
clam,sources,mom_riffusion,specificity,,,,0,2000
clam,sources,mom_udio,AUROC,,,,0,2000
clam,sources,mom_udio,F1,,,,0,2000
clam,sources,mom_udio,FN,10.0,4.0,16.024999999999864,2000,2000
clam,sources,mom_udio,FP,0.0,0.0,0.0,2000,2000
clam,sources,mom_udio,FPR,,,,0,2000
clam,sources,mom_udio,TN,0.0,0.0,0.0,2000,2000
clam,sources,mom_udio,TP,90.0,83.975,96.0,2000,2000
clam,sources,mom_udio,TPR,0.9,0.83975,0.96,2000,2000
clam,sources,mom_udio,all_attempt_correctness,0.9,0.83975,0.96,2000,2000
clam,sources,mom_udio,attempted,100.0,100.0,100.0,2000,2000
clam,sources,mom_udio,balanced_accuracy,,,,0,2000
clam,sources,mom_udio,coverage,1.0,1.0,1.0,2000,2000
clam,sources,mom_udio,macro_FPR,,,,0,2000
clam,sources,mom_udio,macro_TPR,0.9,0.83975,0.96,2000,2000
clam,sources,mom_udio,precision,1.0,1.0,1.0,2000,2000
clam,sources,mom_udio,scored,100.0,100.0,100.0,2000,2000
clam,sources,mom_udio,specificity,,,,0,2000
clam,sources,mom_yue,AUROC,,,,0,2000
clam,sources,mom_yue,F1,,,,0,2000
clam,sources,mom_yue,FN,25.0,17.0,34.0,2000,2000
clam,sources,mom_yue,FP,0.0,0.0,0.0,2000,2000
clam,sources,mom_yue,FPR,,,,0,2000
clam,sources,mom_yue,TN,0.0,0.0,0.0,2000,2000
clam,sources,mom_yue,TP,75.0,66.0,84.0,2000,2000
clam,sources,mom_yue,TPR,0.75,0.6633663366336634,0.8316831683168316,2000,2000
clam,sources,mom_yue,all_attempt_correctness,0.75,0.6633663366336634,0.8316831683168316,2000,2000
clam,sources,mom_yue,attempted,100.0,99.0,102.0,2000,2000
clam,sources,mom_yue,balanced_accuracy,,,,0,2000
clam,sources,mom_yue,coverage,1.0,1.0,1.0,2000,2000
clam,sources,mom_yue,macro_FPR,,,,0,2000
clam,sources,mom_yue,macro_TPR,0.75,0.6633663366336634,0.8316831683168316,2000,2000
clam,sources,mom_yue,precision,1.0,1.0,1.0,2000,2000
clam,sources,mom_yue,scored,100.0,99.0,102.0,2000,2000
clam,sources,mom_yue,specificity,,,,0,2000
clam,sources,sonics_chirp-v2-xxl-alpha,AUROC,,,,0,2000
clam,sources,sonics_chirp-v2-xxl-alpha,F1,,,,0,2000
clam,sources,sonics_chirp-v2-xxl-alpha,FN,0.0,0.0,0.0,2000,2000
clam,sources,sonics_chirp-v2-xxl-alpha,FP,0.0,0.0,0.0,2000,2000
clam,sources,sonics_chirp-v2-xxl-alpha,FPR,,,,0,2000
clam,sources,sonics_chirp-v2-xxl-alpha,TN,0.0,0.0,0.0,2000,2000
clam,sources,sonics_chirp-v2-xxl-alpha,TP,80.0,80.0,80.0,2000,2000
clam,sources,sonics_chirp-v2-xxl-alpha,TPR,1.0,1.0,1.0,2000,2000
clam,sources,sonics_chirp-v2-xxl-alpha,all_attempt_correctness,1.0,1.0,1.0,2000,2000
clam,sources,sonics_chirp-v2-xxl-alpha,attempted,80.0,80.0,80.0,2000,2000
clam,sources,sonics_chirp-v2-xxl-alpha,balanced_accuracy,,,,0,2000
clam,sources,sonics_chirp-v2-xxl-alpha,coverage,1.0,1.0,1.0,2000,2000
clam,sources,sonics_chirp-v2-xxl-alpha,macro_FPR,,,,0,2000
clam,sources,sonics_chirp-v2-xxl-alpha,macro_TPR,1.0,1.0,1.0,2000,2000
clam,sources,sonics_chirp-v2-xxl-alpha,precision,1.0,1.0,1.0,2000,2000
clam,sources,sonics_chirp-v2-xxl-alpha,scored,80.0,80.0,80.0,2000,2000
clam,sources,sonics_chirp-v2-xxl-alpha,specificity,,,,0,2000
clam,sources,sonics_chirp-v3,AUROC,,,,0,2000
clam,sources,sonics_chirp-v3,F1,,,,0,2000
clam,sources,sonics_chirp-v3,FN,1.0,0.0,3.0,2000,2000
clam,sources,sonics_chirp-v3,FP,0.0,0.0,0.0,2000,2000
clam,sources,sonics_chirp-v3,FPR,,,,0,2000
clam,sources,sonics_chirp-v3,TN,0.0,0.0,0.0,2000,2000
clam,sources,sonics_chirp-v3,TP,79.0,77.0,80.0,2000,2000
clam,sources,sonics_chirp-v3,TPR,0.9875,0.9625,1.0,2000,2000
clam,sources,sonics_chirp-v3,all_attempt_correctness,0.9875,0.9625,1.0,2000,2000
clam,sources,sonics_chirp-v3,attempted,80.0,80.0,80.0,2000,2000
clam,sources,sonics_chirp-v3,balanced_accuracy,,,,0,2000
clam,sources,sonics_chirp-v3,coverage,1.0,1.0,1.0,2000,2000
clam,sources,sonics_chirp-v3,macro_FPR,,,,0,2000
clam,sources,sonics_chirp-v3,macro_TPR,0.9875,0.9625,1.0,2000,2000
clam,sources,sonics_chirp-v3,precision,1.0,1.0,1.0,2000,2000
clam,sources,sonics_chirp-v3,scored,80.0,80.0,80.0,2000,2000
clam,sources,sonics_chirp-v3,specificity,,,,0,2000
clam,sources,sonics_chirp-v3.5,AUROC,,,,0,2000
clam,sources,sonics_chirp-v3.5,F1,,,,0,2000
clam,sources,sonics_chirp-v3.5,FN,11.0,6.0,17.0,2000,2000
clam,sources,sonics_chirp-v3.5,FP,0.0,0.0,0.0,2000,2000
clam,sources,sonics_chirp-v3.5,FPR,,,,0,2000
clam,sources,sonics_chirp-v3.5,TN,0.0,0.0,0.0,2000,2000
clam,sources,sonics_chirp-v3.5,TP,69.0,63.0,74.0,2000,2000
clam,sources,sonics_chirp-v3.5,TPR,0.8625,0.7875,0.925,2000,2000
clam,sources,sonics_chirp-v3.5,all_attempt_correctness,0.8625,0.7875,0.925,2000,2000
clam,sources,sonics_chirp-v3.5,attempted,80.0,80.0,80.0,2000,2000
clam,sources,sonics_chirp-v3.5,balanced_accuracy,,,,0,2000
clam,sources,sonics_chirp-v3.5,coverage,1.0,1.0,1.0,2000,2000
clam,sources,sonics_chirp-v3.5,macro_FPR,,,,0,2000
clam,sources,sonics_chirp-v3.5,macro_TPR,0.8625,0.7875,0.925,2000,2000
clam,sources,sonics_chirp-v3.5,precision,1.0,1.0,1.0,2000,2000
clam,sources,sonics_chirp-v3.5,scored,80.0,80.0,80.0,2000,2000
clam,sources,sonics_chirp-v3.5,specificity,,,,0,2000
clam,sources,sonics_real,AUROC,,,,0,2000
clam,sources,sonics_real,F1,,,,0,2000
clam,sources,sonics_real,FN,0.0,0.0,0.0,2000,2000
clam,sources,sonics_real,FP,195.0,178.975,210.0,2000,2000
clam,sources,sonics_real,FPR,0.6610169491525424,0.6066949152542372,0.711864406779661,2000,2000
clam,sources,sonics_real,TN,100.0,85.0,116.02499999999986,2000,2000
clam,sources,sonics_real,TP,0.0,0.0,0.0,2000,2000
clam,sources,sonics_real,TPR,,,,0,2000
clam,sources,sonics_real,all_attempt_correctness,0.3389830508474576,0.288135593220339,0.39330508474576226,2000,2000
clam,sources,sonics_real,attempted,295.0,295.0,295.0,2000,2000
clam,sources,sonics_real,balanced_accuracy,,,,0,2000
clam,sources,sonics_real,coverage,1.0,1.0,1.0,2000,2000
clam,sources,sonics_real,macro_FPR,0.6610169491525424,0.6066949152542372,0.711864406779661,2000,2000
clam,sources,sonics_real,macro_TPR,,,,0,2000
clam,sources,sonics_real,precision,0.0,0.0,0.0,2000,2000
clam,sources,sonics_real,scored,295.0,295.0,295.0,2000,2000
clam,sources,sonics_real,specificity,0.3389830508474576,0.288135593220339,0.39330508474576226,2000,2000
clam,sources,sonics_udio-120s,AUROC,,,,0,2000
clam,sources,sonics_udio-120s,F1,,,,0,2000
clam,sources,sonics_udio-120s,FN,10.0,5.0,16.0,2000,2000
clam,sources,sonics_udio-120s,FP,0.0,0.0,0.0,2000,2000
clam,sources,sonics_udio-120s,FPR,,,,0,2000
clam,sources,sonics_udio-120s,TN,0.0,0.0,0.0,2000,2000
clam,sources,sonics_udio-120s,TP,70.0,64.0,75.0,2000,2000
clam,sources,sonics_udio-120s,TPR,0.875,0.8,0.9375,2000,2000
clam,sources,sonics_udio-120s,all_attempt_correctness,0.875,0.8,0.9375,2000,2000
clam,sources,sonics_udio-120s,attempted,80.0,80.0,80.0,2000,2000
clam,sources,sonics_udio-120s,balanced_accuracy,,,,0,2000
clam,sources,sonics_udio-120s,coverage,1.0,1.0,1.0,2000,2000
clam,sources,sonics_udio-120s,macro_FPR,,,,0,2000
clam,sources,sonics_udio-120s,macro_TPR,0.875,0.8,0.9375,2000,2000
clam,sources,sonics_udio-120s,precision,1.0,1.0,1.0,2000,2000
clam,sources,sonics_udio-120s,scored,80.0,80.0,80.0,2000,2000
clam,sources,sonics_udio-120s,specificity,,,,0,2000
clam,sources,sonics_udio-30s,AUROC,,,,0,2000
clam,sources,sonics_udio-30s,F1,,,,0,2000
clam,sources,sonics_udio-30s,FN,0.0,0.0,0.0,2000,2000
clam,sources,sonics_udio-30s,FP,0.0,0.0,0.0,2000,2000
clam,sources,sonics_udio-30s,FPR,,,,0,2000
clam,sources,sonics_udio-30s,TN,0.0,0.0,0.0,2000,2000
clam,sources,sonics_udio-30s,TP,80.0,80.0,80.0,2000,2000
clam,sources,sonics_udio-30s,TPR,1.0,1.0,1.0,2000,2000
clam,sources,sonics_udio-30s,all_attempt_correctness,1.0,1.0,1.0,2000,2000
clam,sources,sonics_udio-30s,attempted,80.0,80.0,80.0,2000,2000
clam,sources,sonics_udio-30s,balanced_accuracy,,,,0,2000
clam,sources,sonics_udio-30s,coverage,1.0,1.0,1.0,2000,2000
clam,sources,sonics_udio-30s,macro_FPR,,,,0,2000
clam,sources,sonics_udio-30s,macro_TPR,1.0,1.0,1.0,2000,2000
clam,sources,sonics_udio-30s,precision,1.0,1.0,1.0,2000,2000
clam,sources,sonics_udio-30s,scored,80.0,80.0,80.0,2000,2000
clam,sources,sonics_udio-30s,specificity,,,,0,2000
clam,sources,suno_cdn_latest,AUROC,,,,0,2000
clam,sources,suno_cdn_latest,F1,,,,0,2000
clam,sources,suno_cdn_latest,FN,13.0,7.0,19.0,2000,2000
clam,sources,suno_cdn_latest,FP,0.0,0.0,0.0,2000,2000
clam,sources,suno_cdn_latest,FPR,,,,0,2000
clam,sources,suno_cdn_latest,TN,0.0,0.0,0.0,2000,2000
clam,sources,suno_cdn_latest,TP,43.0,37.0,49.0,2000,2000
clam,sources,suno_cdn_latest,TPR,0.7678571428571429,0.6607142857142857,0.875,2000,2000
clam,sources,suno_cdn_latest,all_attempt_correctness,0.7678571428571429,0.6607142857142857,0.875,2000,2000
clam,sources,suno_cdn_latest,attempted,56.0,56.0,56.0,2000,2000
clam,sources,suno_cdn_latest,balanced_accuracy,,,,0,2000
clam,sources,suno_cdn_latest,coverage,1.0,1.0,1.0,2000,2000
clam,sources,suno_cdn_latest,macro_FPR,,,,0,2000
clam,sources,suno_cdn_latest,macro_TPR,0.7678571428571429,0.6607142857142857,0.875,2000,2000
clam,sources,suno_cdn_latest,precision,1.0,1.0,1.0,2000,2000
clam,sources,suno_cdn_latest,scored,56.0,56.0,56.0,2000,2000
clam,sources,suno_cdn_latest,specificity,,,,0,2000
clam,sources,suno_extra,AUROC,,,,0,2000
clam,sources,suno_extra,F1,,,,0,2000
clam,sources,suno_extra,FN,22.0,14.0,30.0,2000,2000
clam,sources,suno_extra,FP,0.0,0.0,0.0,2000,2000
clam,sources,suno_extra,FPR,,,,0,2000
clam,sources,suno_extra,TN,0.0,0.0,0.0,2000,2000
clam,sources,suno_extra,TP,58.0,50.0,66.0,2000,2000
clam,sources,suno_extra,TPR,0.725,0.625,0.825,2000,2000
clam,sources,suno_extra,all_attempt_correctness,0.725,0.625,0.825,2000,2000
clam,sources,suno_extra,attempted,80.0,80.0,80.0,2000,2000
clam,sources,suno_extra,balanced_accuracy,,,,0,2000
clam,sources,suno_extra,coverage,1.0,1.0,1.0,2000,2000
clam,sources,suno_extra,macro_FPR,,,,0,2000
clam,sources,suno_extra,macro_TPR,0.725,0.625,0.825,2000,2000
clam,sources,suno_extra,precision,1.0,1.0,1.0,2000,2000
clam,sources,suno_extra,scored,80.0,80.0,80.0,2000,2000
clam,sources,suno_extra,specificity,,,,0,2000
clam,sources,suno_v5.5_native_260905,AUROC,,,,0,2000
clam,sources,suno_v5.5_native_260905,F1,,,,0,2000
clam,sources,suno_v5.5_native_260905,FN,53.0,40.0,67.0,2000,2000
clam,sources,suno_v5.5_native_260905,FP,0.0,0.0,0.0,2000,2000
clam,sources,suno_v5.5_native_260905,FPR,,,,0,2000
clam,sources,suno_v5.5_native_260905,TN,0.0,0.0,0.0,2000,2000
clam,sources,suno_v5.5_native_260905,TP,147.0,132.0,161.0,2000,2000
clam,sources,suno_v5.5_native_260905,TPR,0.735,0.6683931214973037,0.797979797979798,2000,2000
clam,sources,suno_v5.5_native_260905,all_attempt_correctness,0.735,0.6683931214973037,0.797979797979798,2000,2000
clam,sources,suno_v5.5_native_260905,attempted,200.0,190.0,210.02499999999986,2000,2000
clam,sources,suno_v5.5_native_260905,balanced_accuracy,,,,0,2000
clam,sources,suno_v5.5_native_260905,coverage,1.0,1.0,1.0,2000,2000
clam,sources,suno_v5.5_native_260905,macro_FPR,,,,0,2000
clam,sources,suno_v5.5_native_260905,macro_TPR,0.735,0.6683931214973037,0.797979797979798,2000,2000
clam,sources,suno_v5.5_native_260905,precision,1.0,1.0,1.0,2000,2000
clam,sources,suno_v5.5_native_260905,scored,200.0,190.0,210.02499999999986,2000,2000
clam,sources,suno_v5.5_native_260905,specificity,,,,0,2000
clam,sources,udio_2026_version_unknown_native_260905,AUROC,,,,0,2000
clam,sources,udio_2026_version_unknown_native_260905,F1,,,,0,2000
clam,sources,udio_2026_version_unknown_native_260905,FN,34.0,23.0,46.0,2000,2000
clam,sources,udio_2026_version_unknown_native_260905,FP,0.0,0.0,0.0,2000,2000
clam,sources,udio_2026_version_unknown_native_260905,FPR,,,,0,2000
clam,sources,udio_2026_version_unknown_native_260905,TN,0.0,0.0,0.0,2000,2000
clam,sources,udio_2026_version_unknown_native_260905,TP,166.0,153.0,179.0,2000,2000
clam,sources,udio_2026_version_unknown_native_260905,TPR,0.83,0.7716866003754954,0.8835092162656536,2000,2000
clam,sources,udio_2026_version_unknown_native_260905,all_attempt_correctness,0.83,0.7716866003754954,0.8835092162656536,2000,2000
clam,sources,udio_2026_version_unknown_native_260905,attempted,200.0,190.975,210.0,2000,2000
clam,sources,udio_2026_version_unknown_native_260905,balanced_accuracy,,,,0,2000
clam,sources,udio_2026_version_unknown_native_260905,coverage,1.0,1.0,1.0,2000,2000
clam,sources,udio_2026_version_unknown_native_260905,macro_FPR,,,,0,2000
clam,sources,udio_2026_version_unknown_native_260905,macro_TPR,0.83,0.7716866003754954,0.8835092162656536,2000,2000
clam,sources,udio_2026_version_unknown_native_260905,precision,1.0,1.0,1.0,2000,2000
clam,sources,udio_2026_version_unknown_native_260905,scored,200.0,190.975,210.0,2000,2000
clam,sources,udio_2026_version_unknown_native_260905,specificity,,,,0,2000
clam,sources,udio_cdn_latest,AUROC,,,,0,2000
clam,sources,udio_cdn_latest,F1,,,,0,2000
clam,sources,udio_cdn_latest,FN,4.0,1.0,8.0,2000,2000
clam,sources,udio_cdn_latest,FP,0.0,0.0,0.0,2000,2000
clam,sources,udio_cdn_latest,FPR,,,,0,2000
clam,sources,udio_cdn_latest,TN,0.0,0.0,0.0,2000,2000
clam,sources,udio_cdn_latest,TP,14.0,10.0,17.0,2000,2000
clam,sources,udio_cdn_latest,TPR,0.7777777777777778,0.5555555555555556,0.9444444444444444,2000,2000
clam,sources,udio_cdn_latest,all_attempt_correctness,0.7777777777777778,0.5555555555555556,0.9444444444444444,2000,2000
clam,sources,udio_cdn_latest,attempted,18.0,18.0,18.0,2000,2000
clam,sources,udio_cdn_latest,balanced_accuracy,,,,0,2000
clam,sources,udio_cdn_latest,coverage,1.0,1.0,1.0,2000,2000
clam,sources,udio_cdn_latest,macro_FPR,,,,0,2000
clam,sources,udio_cdn_latest,macro_TPR,0.7777777777777778,0.5555555555555556,0.9444444444444444,2000,2000
clam,sources,udio_cdn_latest,precision,1.0,1.0,1.0,2000,2000
clam,sources,udio_cdn_latest,scored,18.0,18.0,18.0,2000,2000
clam,sources,udio_cdn_latest,specificity,,,,0,2000
clam,sources,udio_extra,AUROC,,,,0,2000
clam,sources,udio_extra,F1,,,,0,2000
clam,sources,udio_extra,FN,27.0,19.0,36.0,2000,2000
clam,sources,udio_extra,FP,0.0,0.0,0.0,2000,2000
clam,sources,udio_extra,FPR,,,,0,2000
clam,sources,udio_extra,TN,0.0,0.0,0.0,2000,2000
clam,sources,udio_extra,TP,53.0,44.0,61.0,2000,2000
clam,sources,udio_extra,TPR,0.6625,0.55,0.7625,2000,2000
clam,sources,udio_extra,all_attempt_correctness,0.6625,0.55,0.7625,2000,2000
clam,sources,udio_extra,attempted,80.0,80.0,80.0,2000,2000
clam,sources,udio_extra,balanced_accuracy,,,,0,2000
clam,sources,udio_extra,coverage,1.0,1.0,1.0,2000,2000
clam,sources,udio_extra,macro_FPR,,,,0,2000
clam,sources,udio_extra,macro_TPR,0.6625,0.55,0.7625,2000,2000
clam,sources,udio_extra,precision,1.0,1.0,1.0,2000,2000
clam,sources,udio_extra,scored,80.0,80.0,80.0,2000,2000
clam,sources,udio_extra,specificity,,,,0,2000
clam,sources,youtube_hardneg,AUROC,,,,0,2000
clam,sources,youtube_hardneg,F1,,,,0,2000
clam,sources,youtube_hardneg,FN,0.0,0.0,0.0,2000,2000
clam,sources,youtube_hardneg,FP,57.0,50.0,63.024999999999864,2000,2000
clam,sources,youtube_hardneg,FPR,0.7808219178082192,0.684931506849315,0.8633561643835598,2000,2000
clam,sources,youtube_hardneg,TN,16.0,9.975000000000001,23.0,2000,2000
clam,sources,youtube_hardneg,TP,0.0,0.0,0.0,2000,2000
clam,sources,youtube_hardneg,TPR,,,,0,2000
clam,sources,youtube_hardneg,all_attempt_correctness,0.2191780821917808,0.13664383561643836,0.3150684931506849,2000,2000
clam,sources,youtube_hardneg,attempted,73.0,73.0,73.0,2000,2000
clam,sources,youtube_hardneg,balanced_accuracy,,,,0,2000
clam,sources,youtube_hardneg,coverage,1.0,1.0,1.0,2000,2000
clam,sources,youtube_hardneg,macro_FPR,0.7808219178082192,0.684931506849315,0.8633561643835598,2000,2000
clam,sources,youtube_hardneg,macro_TPR,,,,0,2000
clam,sources,youtube_hardneg,precision,0.0,0.0,0.0,2000,2000
clam,sources,youtube_hardneg,scored,73.0,73.0,73.0,2000,2000
clam,sources,youtube_hardneg,specificity,0.2191780821917808,0.13664383561643836,0.31506849315068497,2000,2000
fst,cohorts,contemporary_native,AUROC,,,,0,2000
fst,cohorts,contemporary_native,F1,,,,0,2000
fst,cohorts,contemporary_native,FN,141.0,122.0,161.0,2000,2000
fst,cohorts,contemporary_native,FP,0.0,0.0,0.0,2000,2000
fst,cohorts,contemporary_native,FPR,,,,0,2000
fst,cohorts,contemporary_native,TN,0.0,0.0,0.0,2000,2000
fst,cohorts,contemporary_native,TP,259.0,237.0,282.0,2000,2000
fst,cohorts,contemporary_native,TPR,0.6475,0.5979527671755724,0.6960815338793744,2000,2000
fst,cohorts,contemporary_native,all_attempt_correctness,0.6475,0.5979527671755724,0.6960815338793744,2000,2000
fst,cohorts,contemporary_native,attempted,400.0,387.0,414.0,2000,2000
fst,cohorts,contemporary_native,balanced_accuracy,,,,0,2000
fst,cohorts,contemporary_native,coverage,1.0,1.0,1.0,2000,2000
fst,cohorts,contemporary_native,macro_FPR,,,,0,2000
fst,cohorts,contemporary_native,macro_TPR,0.6475,0.5978476638119833,0.6970241111209708,2000,2000
fst,cohorts,contemporary_native,precision,1.0,1.0,1.0,2000,2000
fst,cohorts,contemporary_native,scored,400.0,387.0,414.0,2000,2000
fst,cohorts,contemporary_native,specificity,,,,0,2000
fst,cohorts,legacy,AUROC,0.9052164997096399,0.8938905615478837,0.915615984857861,2000,2000
fst,cohorts,legacy,F1,0.7434119278779473,0.7257462686567164,0.7589658645231135,2000,2000
fst,cohorts,legacy,FN,540.0,513.0,569.0,2000,2000
fst,cohorts,legacy,FP,15.0,8.0,23.0,2000,2000
fst,cohorts,legacy,FPR,0.018292682926829267,0.009755800481269124,0.028015470425715214,2000,2000
fst,cohorts,legacy,TN,805.0,797.0,812.0249999999999,2000,2000
fst,cohorts,legacy,TP,804.0,775.0,831.0,2000,2000
fst,cohorts,legacy,TPR,0.5982142857142857,0.5766290238405489,0.6183062642512461,2000,2000
fst,cohorts,legacy,all_attempt_correctness,0.7435304990757856,0.7292020457484001,0.7561231955271934,2000,2000
fst,cohorts,legacy,attempted,2164.0,2161.0,2168.0,2000,2000
fst,cohorts,legacy,balanced_accuracy,0.7899608013937282,0.7781776040682882,0.8006229022506588,2000,2000
fst,cohorts,legacy,coverage,1.0,1.0,1.0,2000,2000
fst,cohorts,legacy,macro_FPR,0.02379998048899762,0.011956808038593504,0.03788479232351103,2000,2000
fst,cohorts,legacy,macro_TPR,0.5901930014430014,0.5641613835490692,0.6138346861471862,2000,2000
fst,cohorts,legacy,precision,0.9816849816849816,0.9721885953983523,0.9902679355393744,2000,2000
fst,cohorts,legacy,scored,2164.0,2161.0,2168.0,2000,2000
fst,cohorts,legacy,specificity,0.9817073170731707,0.9719845295742847,0.9902441995187309,2000,2000
fst,cohorts,non_demo,AUROC,0.9068803843141643,0.8964847978655045,0.9178502724414178,2000,2000
fst,cohorts,non_demo,F1,0.7533664068036854,0.7379050856962602,0.7676203768318214,2000,2000
fst,cohorts,non_demo,FN,681.0,649.0,715.0,2000,2000
fst,cohorts,non_demo,FP,15.0,8.0,22.0,2000,2000
fst,cohorts,non_demo,FPR,0.018292682926829267,0.00975609756097561,0.026862847828617996,2000,2000
fst,cohorts,non_demo,TN,805.0,797.0,813.0,2000,2000
fst,cohorts,non_demo,TP,1063.0,1027.0,1097.0,2000,2000
fst,cohorts,non_demo,TPR,0.6095183486238532,0.590120406011299,0.6279369147533821,2000,2000
fst,cohorts,non_demo,all_attempt_correctness,0.7285491419656787,0.7149537251180694,0.7414949315208421,2000,2000
fst,cohorts,non_demo,attempted,2564.0,2549.0,2579.0,2000,2000
fst,cohorts,non_demo,balanced_accuracy,0.795612832848512,0.7847642518547658,0.8057518328021146,2000,2000
fst,cohorts,non_demo,coverage,1.0,1.0,1.0,2000,2000
fst,cohorts,non_demo,macro_FPR,0.02379998048899762,0.011973628339373859,0.036846131000476956,2000,2000
fst,cohorts,non_demo,macro_TPR,0.5949685846560846,0.571555373972156,0.6168104026948729,2000,2000
fst,cohorts,non_demo,precision,0.9860853432282004,0.9793033698111269,0.9924882629107982,2000,2000
fst,cohorts,non_demo,scored,2564.0,2549.0,2579.0,2000,2000
fst,cohorts,non_demo,specificity,0.9817073170731707,0.973137152171382,0.9902439024390244,2000,2000
fst,cohorts,non_demo_recording_representative,AUROC,0.90673662165252,0.8963478286696511,0.9174369224011499,2000,2000
fst,cohorts,non_demo_recording_representative,F1,0.7531914893617021,0.73759795564959,0.7673944637578175,2000,2000
fst,cohorts,non_demo_recording_representative,FN,681.0,649.0,715.0,2000,2000
fst,cohorts,non_demo_recording_representative,FP,15.0,8.0,23.0,2000,2000
fst,cohorts,non_demo_recording_representative,FPR,0.018337408312958436,0.009779951100244499,0.028117359413202935,2000,2000
fst,cohorts,non_demo_recording_representative,TN,803.0,795.0,810.0,2000,2000
fst,cohorts,non_demo_recording_representative,TP,1062.0,1026.975,1097.0,2000,2000
fst,cohorts,non_demo_recording_representative,TPR,0.6092943201376936,0.5898121443032465,0.6277224942808474,2000,2000
fst,cohorts,non_demo_recording_representative,all_attempt_correctness,0.7282311597032409,0.7145653876272514,0.741379983836207,2000,2000
fst,cohorts,non_demo_recording_representative,attempted,2561.0,2547.0,2576.0,2000,2000
fst,cohorts,non_demo_recording_representative,balanced_accuracy,0.7954784559123675,0.7845312386394133,0.8059144701710155,2000,2000
fst,cohorts,non_demo_recording_representative,coverage,1.0,1.0,1.0,2000,2000
fst,cohorts,non_demo_recording_representative,macro_FPR,0.023809720242776642,0.011650343034222663,0.03680969763146654,2000,2000
fst,cohorts,non_demo_recording_representative,macro_TPR,0.594825487012987,0.5712004264409868,0.616703710775681,2000,2000
fst,cohorts,non_demo_recording_representative,precision,0.9860724233983287,0.9791274322969734,0.9924315884918796,2000,2000
fst,cohorts,non_demo_recording_representative,scored,2561.0,2547.0,2576.0,2000,2000
fst,cohorts,non_demo_recording_representative,specificity,0.9816625916870416,0.9718826405867971,0.9902200488997555,2000,2000
fst,sources,aime_musicgen_large,AUROC,,,,0,2000
fst,sources,aime_musicgen_large,F1,,,,0,2000
fst,sources,aime_musicgen_large,FN,17.0,12.0,22.0,2000,2000
fst,sources,aime_musicgen_large,FP,0.0,0.0,0.0,2000,2000
fst,sources,aime_musicgen_large,FPR,,,,0,2000
fst,sources,aime_musicgen_large,TN,0.0,0.0,0.0,2000,2000
fst,sources,aime_musicgen_large,TP,13.0,8.0,18.0,2000,2000
fst,sources,aime_musicgen_large,TPR,0.43333333333333335,0.26666666666666666,0.6,2000,2000
fst,sources,aime_musicgen_large,all_attempt_correctness,0.43333333333333335,0.26666666666666666,0.6,2000,2000
fst,sources,aime_musicgen_large,attempted,30.0,30.0,30.0,2000,2000
fst,sources,aime_musicgen_large,balanced_accuracy,,,,0,2000
fst,sources,aime_musicgen_large,coverage,1.0,1.0,1.0,2000,2000
fst,sources,aime_musicgen_large,macro_FPR,,,,0,2000
fst,sources,aime_musicgen_large,macro_TPR,0.43333333333333335,0.26666666666666666,0.6,2000,2000
fst,sources,aime_musicgen_large,precision,1.0,1.0,1.0,2000,2000
fst,sources,aime_musicgen_large,scored,30.0,30.0,30.0,2000,2000
fst,sources,aime_musicgen_large,specificity,,,,0,2000
fst,sources,aime_musicgen_medium,AUROC,,,,0,2000
fst,sources,aime_musicgen_medium,F1,,,,0,2000
fst,sources,aime_musicgen_medium,FN,19.0,14.0,24.0,2000,2000
fst,sources,aime_musicgen_medium,FP,0.0,0.0,0.0,2000,2000
fst,sources,aime_musicgen_medium,FPR,,,,0,2000
fst,sources,aime_musicgen_medium,TN,0.0,0.0,0.0,2000,2000
fst,sources,aime_musicgen_medium,TP,11.0,6.0,16.0,2000,2000
fst,sources,aime_musicgen_medium,TPR,0.36666666666666664,0.2,0.5333333333333333,2000,2000
fst,sources,aime_musicgen_medium,all_attempt_correctness,0.36666666666666664,0.2,0.5333333333333333,2000,2000
fst,sources,aime_musicgen_medium,attempted,30.0,30.0,30.0,2000,2000
fst,sources,aime_musicgen_medium,balanced_accuracy,,,,0,2000
fst,sources,aime_musicgen_medium,coverage,1.0,1.0,1.0,2000,2000
fst,sources,aime_musicgen_medium,macro_FPR,,,,0,2000
fst,sources,aime_musicgen_medium,macro_TPR,0.36666666666666664,0.2,0.5333333333333333,2000,2000
fst,sources,aime_musicgen_medium,precision,1.0,1.0,1.0,2000,2000
fst,sources,aime_musicgen_medium,scored,30.0,30.0,30.0,2000,2000
fst,sources,aime_musicgen_medium,specificity,,,,0,2000
fst,sources,aime_musicgen_small,AUROC,,,,0,2000
fst,sources,aime_musicgen_small,F1,,,,0,2000
fst,sources,aime_musicgen_small,FN,17.0,11.0,22.0,2000,2000
fst,sources,aime_musicgen_small,FP,0.0,0.0,0.0,2000,2000
fst,sources,aime_musicgen_small,FPR,,,,0,2000
fst,sources,aime_musicgen_small,TN,0.0,0.0,0.0,2000,2000
fst,sources,aime_musicgen_small,TP,13.0,8.0,19.0,2000,2000
fst,sources,aime_musicgen_small,TPR,0.43333333333333335,0.26666666666666666,0.6333333333333333,2000,2000
fst,sources,aime_musicgen_small,all_attempt_correctness,0.43333333333333335,0.26666666666666666,0.6333333333333333,2000,2000
fst,sources,aime_musicgen_small,attempted,30.0,30.0,30.0,2000,2000
fst,sources,aime_musicgen_small,balanced_accuracy,,,,0,2000
fst,sources,aime_musicgen_small,coverage,1.0,1.0,1.0,2000,2000
fst,sources,aime_musicgen_small,macro_FPR,,,,0,2000
fst,sources,aime_musicgen_small,macro_TPR,0.43333333333333335,0.26666666666666666,0.6333333333333333,2000,2000
fst,sources,aime_musicgen_small,precision,1.0,1.0,1.0,2000,2000
fst,sources,aime_musicgen_small,scored,30.0,30.0,30.0,2000,2000
fst,sources,aime_musicgen_small,specificity,,,,0,2000
fst,sources,aime_riffusion,AUROC,,,,0,2000
fst,sources,aime_riffusion,F1,,,,0,2000
fst,sources,aime_riffusion,FN,3.0,0.0,7.0,2000,2000
fst,sources,aime_riffusion,FP,0.0,0.0,0.0,2000,2000
fst,sources,aime_riffusion,FPR,,,,0,2000
fst,sources,aime_riffusion,TN,0.0,0.0,0.0,2000,2000
fst,sources,aime_riffusion,TP,27.0,23.0,30.0,2000,2000
fst,sources,aime_riffusion,TPR,0.9,0.7666666666666667,1.0,2000,2000
fst,sources,aime_riffusion,all_attempt_correctness,0.9,0.7666666666666667,1.0,2000,2000
fst,sources,aime_riffusion,attempted,30.0,30.0,30.0,2000,2000
fst,sources,aime_riffusion,balanced_accuracy,,,,0,2000
fst,sources,aime_riffusion,coverage,1.0,1.0,1.0,2000,2000
fst,sources,aime_riffusion,macro_FPR,,,,0,2000
fst,sources,aime_riffusion,macro_TPR,0.9,0.7666666666666667,1.0,2000,2000
fst,sources,aime_riffusion,precision,1.0,1.0,1.0,2000,2000
fst,sources,aime_riffusion,scored,30.0,30.0,30.0,2000,2000
fst,sources,aime_riffusion,specificity,,,,0,2000
fst,sources,aime_stable_audio_v1,AUROC,,,,0,2000
fst,sources,aime_stable_audio_v1,F1,,,,0,2000
fst,sources,aime_stable_audio_v1,FN,44.0,39.0,48.0,2000,2000
fst,sources,aime_stable_audio_v1,FP,0.0,0.0,0.0,2000,2000
fst,sources,aime_stable_audio_v1,FPR,,,,0,2000
fst,sources,aime_stable_audio_v1,TN,0.0,0.0,0.0,2000,2000
fst,sources,aime_stable_audio_v1,TP,6.0,2.0,11.0,2000,2000
fst,sources,aime_stable_audio_v1,TPR,0.12,0.04,0.22,2000,2000
fst,sources,aime_stable_audio_v1,all_attempt_correctness,0.12,0.04,0.22,2000,2000
fst,sources,aime_stable_audio_v1,attempted,50.0,50.0,50.0,2000,2000
fst,sources,aime_stable_audio_v1,balanced_accuracy,,,,0,2000
fst,sources,aime_stable_audio_v1,coverage,1.0,1.0,1.0,2000,2000
fst,sources,aime_stable_audio_v1,macro_FPR,,,,0,2000
fst,sources,aime_stable_audio_v1,macro_TPR,0.12,0.04,0.22,2000,2000
fst,sources,aime_stable_audio_v1,precision,1.0,1.0,1.0,1998,2000
fst,sources,aime_stable_audio_v1,scored,50.0,50.0,50.0,2000,2000
fst,sources,aime_stable_audio_v1,specificity,,,,0,2000
fst,sources,aime_stable_audio_v2,AUROC,,,,0,2000
fst,sources,aime_stable_audio_v2,F1,,,,0,2000
fst,sources,aime_stable_audio_v2,FN,36.0,30.0,42.0,2000,2000
fst,sources,aime_stable_audio_v2,FP,0.0,0.0,0.0,2000,2000
fst,sources,aime_stable_audio_v2,FPR,,,,0,2000
fst,sources,aime_stable_audio_v2,TN,0.0,0.0,0.0,2000,2000
fst,sources,aime_stable_audio_v2,TP,14.0,8.0,20.0,2000,2000
fst,sources,aime_stable_audio_v2,TPR,0.28,0.16,0.4,2000,2000
fst,sources,aime_stable_audio_v2,all_attempt_correctness,0.28,0.16,0.4,2000,2000
fst,sources,aime_stable_audio_v2,attempted,50.0,50.0,50.0,2000,2000
fst,sources,aime_stable_audio_v2,balanced_accuracy,,,,0,2000
fst,sources,aime_stable_audio_v2,coverage,1.0,1.0,1.0,2000,2000
fst,sources,aime_stable_audio_v2,macro_FPR,,,,0,2000
fst,sources,aime_stable_audio_v2,macro_TPR,0.28,0.16,0.4,2000,2000
fst,sources,aime_stable_audio_v2,precision,1.0,1.0,1.0,2000,2000
fst,sources,aime_stable_audio_v2,scored,50.0,50.0,50.0,2000,2000
fst,sources,aime_stable_audio_v2,specificity,,,,0,2000
fst,sources,aime_suno_v3,AUROC,,,,0,2000
fst,sources,aime_suno_v3,F1,,,,0,2000
fst,sources,aime_suno_v3,FN,3.0,0.0,6.0,2000,2000
fst,sources,aime_suno_v3,FP,0.0,0.0,0.0,2000,2000
fst,sources,aime_suno_v3,FPR,,,,0,2000
fst,sources,aime_suno_v3,TN,0.0,0.0,0.0,2000,2000
fst,sources,aime_suno_v3,TP,27.0,24.0,30.0,2000,2000
fst,sources,aime_suno_v3,TPR,0.9,0.8,1.0,2000,2000
fst,sources,aime_suno_v3,all_attempt_correctness,0.9,0.8,1.0,2000,2000
fst,sources,aime_suno_v3,attempted,30.0,30.0,30.0,2000,2000
fst,sources,aime_suno_v3,balanced_accuracy,,,,0,2000
fst,sources,aime_suno_v3,coverage,1.0,1.0,1.0,2000,2000
fst,sources,aime_suno_v3,macro_FPR,,,,0,2000
fst,sources,aime_suno_v3,macro_TPR,0.9,0.8,1.0,2000,2000
fst,sources,aime_suno_v3,precision,1.0,1.0,1.0,2000,2000
fst,sources,aime_suno_v3,scored,30.0,30.0,30.0,2000,2000
fst,sources,aime_suno_v3,specificity,,,,0,2000
fst,sources,aime_suno_v35,AUROC,,,,0,2000
fst,sources,aime_suno_v35,F1,,,,0,2000
fst,sources,aime_suno_v35,FN,5.0,1.0,9.0,2000,2000
fst,sources,aime_suno_v35,FP,0.0,0.0,0.0,2000,2000
fst,sources,aime_suno_v35,FPR,,,,0,2000
fst,sources,aime_suno_v35,TN,0.0,0.0,0.0,2000,2000
fst,sources,aime_suno_v35,TP,25.0,21.0,29.0,2000,2000
fst,sources,aime_suno_v35,TPR,0.8333333333333334,0.7,0.9666666666666667,2000,2000
fst,sources,aime_suno_v35,all_attempt_correctness,0.8333333333333334,0.7,0.9666666666666667,2000,2000
fst,sources,aime_suno_v35,attempted,30.0,30.0,30.0,2000,2000
fst,sources,aime_suno_v35,balanced_accuracy,,,,0,2000
fst,sources,aime_suno_v35,coverage,1.0,1.0,1.0,2000,2000
fst,sources,aime_suno_v35,macro_FPR,,,,0,2000
fst,sources,aime_suno_v35,macro_TPR,0.8333333333333334,0.7,0.9666666666666667,2000,2000
fst,sources,aime_suno_v35,precision,1.0,1.0,1.0,2000,2000
fst,sources,aime_suno_v35,scored,30.0,30.0,30.0,2000,2000
fst,sources,aime_suno_v35,specificity,,,,0,2000
fst,sources,aime_udio,AUROC,,,,0,2000
fst,sources,aime_udio,F1,,,,0,2000
fst,sources,aime_udio,FN,21.0,16.0,26.0,2000,2000
fst,sources,aime_udio,FP,0.0,0.0,0.0,2000,2000
fst,sources,aime_udio,FPR,,,,0,2000
fst,sources,aime_udio,TN,0.0,0.0,0.0,2000,2000
fst,sources,aime_udio,TP,9.0,4.0,14.0,2000,2000
fst,sources,aime_udio,TPR,0.3,0.13333333333333333,0.4666666666666667,2000,2000
fst,sources,aime_udio,all_attempt_correctness,0.3,0.13333333333333333,0.4666666666666667,2000,2000
fst,sources,aime_udio,attempted,30.0,30.0,30.0,2000,2000
fst,sources,aime_udio,balanced_accuracy,,,,0,2000
fst,sources,aime_udio,coverage,1.0,1.0,1.0,2000,2000
fst,sources,aime_udio,macro_FPR,,,,0,2000
fst,sources,aime_udio,macro_TPR,0.3,0.13333333333333333,0.4666666666666667,2000,2000
fst,sources,aime_udio,precision,1.0,1.0,1.0,2000,2000
fst,sources,aime_udio,scored,30.0,30.0,30.0,2000,2000
fst,sources,aime_udio,specificity,,,,0,2000
fst,sources,fma_hardneg,AUROC,,,,0,2000
fst,sources,fma_hardneg,F1,,,,0,2000
fst,sources,fma_hardneg,FN,0.0,0.0,0.0,2000,2000
fst,sources,fma_hardneg,FP,3.0,0.0,7.0,2000,2000
fst,sources,fma_hardneg,FPR,0.02,0.0,0.04666666666666667,2000,2000
fst,sources,fma_hardneg,TN,147.0,143.0,150.0,2000,2000
fst,sources,fma_hardneg,TP,0.0,0.0,0.0,2000,2000
fst,sources,fma_hardneg,TPR,,,,0,2000
fst,sources,fma_hardneg,all_attempt_correctness,0.98,0.9533333333333334,1.0,2000,2000
fst,sources,fma_hardneg,attempted,150.0,150.0,150.0,2000,2000
fst,sources,fma_hardneg,balanced_accuracy,,,,0,2000
fst,sources,fma_hardneg,coverage,1.0,1.0,1.0,2000,2000
fst,sources,fma_hardneg,macro_FPR,0.02,0.0,0.04666666666666667,2000,2000
fst,sources,fma_hardneg,macro_TPR,,,,0,2000
fst,sources,fma_hardneg,precision,0.0,0.0,0.0,1919,2000
fst,sources,fma_hardneg,scored,150.0,150.0,150.0,2000,2000
fst,sources,fma_hardneg,specificity,0.98,0.9533333333333334,1.0,2000,2000
fst,sources,mom_diffrythm,AUROC,,,,0,2000
fst,sources,mom_diffrythm,F1,,,,0,2000
fst,sources,mom_diffrythm,FN,84.0,76.0,91.0,2000,2000
fst,sources,mom_diffrythm,FP,0.0,0.0,0.0,2000,2000
fst,sources,mom_diffrythm,FPR,,,,0,2000
fst,sources,mom_diffrythm,TN,0.0,0.0,0.0,2000,2000
fst,sources,mom_diffrythm,TP,16.0,9.0,24.0,2000,2000
fst,sources,mom_diffrythm,TPR,0.16,0.09,0.24,2000,2000
fst,sources,mom_diffrythm,all_attempt_correctness,0.16,0.09,0.24,2000,2000
fst,sources,mom_diffrythm,attempted,100.0,100.0,100.0,2000,2000
fst,sources,mom_diffrythm,balanced_accuracy,,,,0,2000
fst,sources,mom_diffrythm,coverage,1.0,1.0,1.0,2000,2000
fst,sources,mom_diffrythm,macro_FPR,,,,0,2000
fst,sources,mom_diffrythm,macro_TPR,0.16,0.09,0.24,2000,2000
fst,sources,mom_diffrythm,precision,1.0,1.0,1.0,2000,2000
fst,sources,mom_diffrythm,scored,100.0,100.0,100.0,2000,2000
fst,sources,mom_diffrythm,specificity,,,,0,2000
fst,sources,mom_extra_real,AUROC,,,,0,2000
fst,sources,mom_extra_real,F1,,,,0,2000
fst,sources,mom_extra_real,FN,0.0,0.0,0.0,2000,2000
fst,sources,mom_extra_real,FP,1.0,0.0,3.0,2000,2000
fst,sources,mom_extra_real,FPR,0.011363636363636364,0.0,0.03409090909090909,2000,2000
fst,sources,mom_extra_real,TN,87.0,85.0,88.0,2000,2000
fst,sources,mom_extra_real,TP,0.0,0.0,0.0,2000,2000
fst,sources,mom_extra_real,TPR,,,,0,2000
fst,sources,mom_extra_real,all_attempt_correctness,0.9886363636363636,0.9659090909090909,1.0,2000,2000
fst,sources,mom_extra_real,attempted,88.0,88.0,88.0,2000,2000
fst,sources,mom_extra_real,balanced_accuracy,,,,0,2000
fst,sources,mom_extra_real,coverage,1.0,1.0,1.0,2000,2000
fst,sources,mom_extra_real,macro_FPR,0.011363636363636364,0.0,0.03409090909090909,2000,2000
fst,sources,mom_extra_real,macro_TPR,,,,0,2000
fst,sources,mom_extra_real,precision,0.0,0.0,0.0,1251,2000
fst,sources,mom_extra_real,scored,88.0,88.0,88.0,2000,2000
fst,sources,mom_extra_real,specificity,0.9886363636363636,0.9659090909090909,1.0,2000,2000
fst,sources,mom_real,AUROC,,,,0,2000
fst,sources,mom_real,F1,,,,0,2000
fst,sources,mom_real,FN,0.0,0.0,0.0,2000,2000
fst,sources,mom_real,FP,1.0,0.0,3.0,2000,2000
fst,sources,mom_real,FPR,0.005376344086021506,0.0,0.016129032258064516,2000,2000
fst,sources,mom_real,TN,185.0,183.0,186.0,2000,2000
fst,sources,mom_real,TP,0.0,0.0,0.0,2000,2000
fst,sources,mom_real,TPR,,,,0,2000
fst,sources,mom_real,all_attempt_correctness,0.9946236559139785,0.9838709677419355,1.0,2000,2000
fst,sources,mom_real,attempted,186.0,186.0,186.0,2000,2000
fst,sources,mom_real,balanced_accuracy,,,,0,2000
fst,sources,mom_real,coverage,1.0,1.0,1.0,2000,2000
fst,sources,mom_real,macro_FPR,0.005376344086021506,0.0,0.016129032258064516,2000,2000
fst,sources,mom_real,macro_TPR,,,,0,2000
fst,sources,mom_real,precision,0.0,0.0,0.0,1304,2000
fst,sources,mom_real,scored,186.0,186.0,186.0,2000,2000
fst,sources,mom_real,specificity,0.9946236559139785,0.9838709677419355,1.0,2000,2000
fst,sources,mom_real_wav,AUROC,,,,0,2000
fst,sources,mom_real_wav,F1,,,,0,2000
fst,sources,mom_real_wav,FN,0.0,0.0,0.0,2000,2000
fst,sources,mom_real_wav,FP,0.0,0.0,0.0,2000,2000
fst,sources,mom_real_wav,FPR,0.0,0.0,0.0,2000,2000
fst,sources,mom_real_wav,TN,28.0,28.0,28.0,2000,2000
fst,sources,mom_real_wav,TP,0.0,0.0,0.0,2000,2000
fst,sources,mom_real_wav,TPR,,,,0,2000
fst,sources,mom_real_wav,all_attempt_correctness,1.0,1.0,1.0,2000,2000
fst,sources,mom_real_wav,attempted,28.0,28.0,28.0,2000,2000
fst,sources,mom_real_wav,balanced_accuracy,,,,0,2000
fst,sources,mom_real_wav,coverage,1.0,1.0,1.0,2000,2000
fst,sources,mom_real_wav,macro_FPR,0.0,0.0,0.0,2000,2000
fst,sources,mom_real_wav,macro_TPR,,,,0,2000
fst,sources,mom_real_wav,precision,,,,0,2000
fst,sources,mom_real_wav,scored,28.0,28.0,28.0,2000,2000
fst,sources,mom_real_wav,specificity,1.0,1.0,1.0,2000,2000
fst,sources,mom_riffusion,AUROC,,,,0,2000
fst,sources,mom_riffusion,F1,,,,0,2000
fst,sources,mom_riffusion,FN,45.0,35.0,55.0,2000,2000
fst,sources,mom_riffusion,FP,0.0,0.0,0.0,2000,2000
fst,sources,mom_riffusion,FPR,,,,0,2000
fst,sources,mom_riffusion,TN,0.0,0.0,0.0,2000,2000
fst,sources,mom_riffusion,TP,55.0,45.0,65.0,2000,2000
fst,sources,mom_riffusion,TPR,0.55,0.45,0.65,2000,2000
fst,sources,mom_riffusion,all_attempt_correctness,0.55,0.45,0.65,2000,2000
fst,sources,mom_riffusion,attempted,100.0,100.0,100.0,2000,2000
fst,sources,mom_riffusion,balanced_accuracy,,,,0,2000
fst,sources,mom_riffusion,coverage,1.0,1.0,1.0,2000,2000
fst,sources,mom_riffusion,macro_FPR,,,,0,2000
fst,sources,mom_riffusion,macro_TPR,0.55,0.45,0.65,2000,2000
fst,sources,mom_riffusion,precision,1.0,1.0,1.0,2000,2000
fst,sources,mom_riffusion,scored,100.0,100.0,100.0,2000,2000
fst,sources,mom_riffusion,specificity,,,,0,2000
fst,sources,mom_udio,AUROC,,,,0,2000
fst,sources,mom_udio,F1,,,,0,2000
fst,sources,mom_udio,FN,53.0,43.0,63.0,2000,2000
fst,sources,mom_udio,FP,0.0,0.0,0.0,2000,2000
fst,sources,mom_udio,FPR,,,,0,2000
fst,sources,mom_udio,TN,0.0,0.0,0.0,2000,2000
fst,sources,mom_udio,TP,47.0,37.0,57.0,2000,2000
fst,sources,mom_udio,TPR,0.47,0.37,0.57,2000,2000
fst,sources,mom_udio,all_attempt_correctness,0.47,0.37,0.57,2000,2000
fst,sources,mom_udio,attempted,100.0,100.0,100.0,2000,2000
fst,sources,mom_udio,balanced_accuracy,,,,0,2000
fst,sources,mom_udio,coverage,1.0,1.0,1.0,2000,2000
fst,sources,mom_udio,macro_FPR,,,,0,2000
fst,sources,mom_udio,macro_TPR,0.47,0.37,0.57,2000,2000
fst,sources,mom_udio,precision,1.0,1.0,1.0,2000,2000
fst,sources,mom_udio,scored,100.0,100.0,100.0,2000,2000
fst,sources,mom_udio,specificity,,,,0,2000
fst,sources,mom_yue,AUROC,,,,0,2000
fst,sources,mom_yue,F1,,,,0,2000
fst,sources,mom_yue,FN,34.0,26.0,43.0,2000,2000
fst,sources,mom_yue,FP,0.0,0.0,0.0,2000,2000
fst,sources,mom_yue,FPR,,,,0,2000
fst,sources,mom_yue,TN,0.0,0.0,0.0,2000,2000
fst,sources,mom_yue,TP,66.0,56.0,75.0,2000,2000
fst,sources,mom_yue,TPR,0.66,0.5656565656565656,0.7426373519704909,2000,2000
fst,sources,mom_yue,all_attempt_correctness,0.66,0.5656565656565656,0.7426373519704909,2000,2000
fst,sources,mom_yue,attempted,100.0,99.0,102.0,2000,2000
fst,sources,mom_yue,balanced_accuracy,,,,0,2000
fst,sources,mom_yue,coverage,1.0,1.0,1.0,2000,2000
fst,sources,mom_yue,macro_FPR,,,,0,2000
fst,sources,mom_yue,macro_TPR,0.66,0.5656565656565656,0.7426373519704909,2000,2000
fst,sources,mom_yue,precision,1.0,1.0,1.0,2000,2000
fst,sources,mom_yue,scored,100.0,99.0,102.0,2000,2000
fst,sources,mom_yue,specificity,,,,0,2000
fst,sources,sonics_chirp-v2-xxl-alpha,AUROC,,,,0,2000
fst,sources,sonics_chirp-v2-xxl-alpha,F1,,,,0,2000
fst,sources,sonics_chirp-v2-xxl-alpha,FN,1.0,0.0,3.0,2000,2000
fst,sources,sonics_chirp-v2-xxl-alpha,FP,0.0,0.0,0.0,2000,2000
fst,sources,sonics_chirp-v2-xxl-alpha,FPR,,,,0,2000
fst,sources,sonics_chirp-v2-xxl-alpha,TN,0.0,0.0,0.0,2000,2000
fst,sources,sonics_chirp-v2-xxl-alpha,TP,79.0,77.0,80.0,2000,2000
fst,sources,sonics_chirp-v2-xxl-alpha,TPR,0.9875,0.9625,1.0,2000,2000
fst,sources,sonics_chirp-v2-xxl-alpha,all_attempt_correctness,0.9875,0.9625,1.0,2000,2000
fst,sources,sonics_chirp-v2-xxl-alpha,attempted,80.0,80.0,80.0,2000,2000
fst,sources,sonics_chirp-v2-xxl-alpha,balanced_accuracy,,,,0,2000
fst,sources,sonics_chirp-v2-xxl-alpha,coverage,1.0,1.0,1.0,2000,2000
fst,sources,sonics_chirp-v2-xxl-alpha,macro_FPR,,,,0,2000
fst,sources,sonics_chirp-v2-xxl-alpha,macro_TPR,0.9875,0.9625,1.0,2000,2000
fst,sources,sonics_chirp-v2-xxl-alpha,precision,1.0,1.0,1.0,2000,2000
fst,sources,sonics_chirp-v2-xxl-alpha,scored,80.0,80.0,80.0,2000,2000
fst,sources,sonics_chirp-v2-xxl-alpha,specificity,,,,0,2000
fst,sources,sonics_chirp-v3,AUROC,,,,0,2000
fst,sources,sonics_chirp-v3,F1,,,,0,2000
fst,sources,sonics_chirp-v3,FN,0.0,0.0,0.0,2000,2000
fst,sources,sonics_chirp-v3,FP,0.0,0.0,0.0,2000,2000
fst,sources,sonics_chirp-v3,FPR,,,,0,2000
fst,sources,sonics_chirp-v3,TN,0.0,0.0,0.0,2000,2000
fst,sources,sonics_chirp-v3,TP,80.0,80.0,80.0,2000,2000
fst,sources,sonics_chirp-v3,TPR,1.0,1.0,1.0,2000,2000
fst,sources,sonics_chirp-v3,all_attempt_correctness,1.0,1.0,1.0,2000,2000
fst,sources,sonics_chirp-v3,attempted,80.0,80.0,80.0,2000,2000
fst,sources,sonics_chirp-v3,balanced_accuracy,,,,0,2000
fst,sources,sonics_chirp-v3,coverage,1.0,1.0,1.0,2000,2000
fst,sources,sonics_chirp-v3,macro_FPR,,,,0,2000
fst,sources,sonics_chirp-v3,macro_TPR,1.0,1.0,1.0,2000,2000
fst,sources,sonics_chirp-v3,precision,1.0,1.0,1.0,2000,2000
fst,sources,sonics_chirp-v3,scored,80.0,80.0,80.0,2000,2000
fst,sources,sonics_chirp-v3,specificity,,,,0,2000
fst,sources,sonics_chirp-v3.5,AUROC,,,,0,2000
fst,sources,sonics_chirp-v3.5,F1,,,,0,2000
fst,sources,sonics_chirp-v3.5,FN,0.0,0.0,0.0,2000,2000
fst,sources,sonics_chirp-v3.5,FP,0.0,0.0,0.0,2000,2000
fst,sources,sonics_chirp-v3.5,FPR,,,,0,2000
fst,sources,sonics_chirp-v3.5,TN,0.0,0.0,0.0,2000,2000
fst,sources,sonics_chirp-v3.5,TP,80.0,80.0,80.0,2000,2000
fst,sources,sonics_chirp-v3.5,TPR,1.0,1.0,1.0,2000,2000
fst,sources,sonics_chirp-v3.5,all_attempt_correctness,1.0,1.0,1.0,2000,2000
fst,sources,sonics_chirp-v3.5,attempted,80.0,80.0,80.0,2000,2000
fst,sources,sonics_chirp-v3.5,balanced_accuracy,,,,0,2000
fst,sources,sonics_chirp-v3.5,coverage,1.0,1.0,1.0,2000,2000
fst,sources,sonics_chirp-v3.5,macro_FPR,,,,0,2000
fst,sources,sonics_chirp-v3.5,macro_TPR,1.0,1.0,1.0,2000,2000
fst,sources,sonics_chirp-v3.5,precision,1.0,1.0,1.0,2000,2000
fst,sources,sonics_chirp-v3.5,scored,80.0,80.0,80.0,2000,2000
fst,sources,sonics_chirp-v3.5,specificity,,,,0,2000
fst,sources,sonics_real,AUROC,,,,0,2000
fst,sources,sonics_real,F1,,,,0,2000
fst,sources,sonics_real,FN,0.0,0.0,0.0,2000,2000
fst,sources,sonics_real,FP,3.0,0.0,7.0,2000,2000
fst,sources,sonics_real,FPR,0.010169491525423728,0.0,0.023728813559322035,2000,2000
fst,sources,sonics_real,TN,292.0,288.0,295.0,2000,2000
fst,sources,sonics_real,TP,0.0,0.0,0.0,2000,2000
fst,sources,sonics_real,TPR,,,,0,2000
fst,sources,sonics_real,all_attempt_correctness,0.9898305084745763,0.976271186440678,1.0,2000,2000
fst,sources,sonics_real,attempted,295.0,295.0,295.0,2000,2000
fst,sources,sonics_real,balanced_accuracy,,,,0,2000
fst,sources,sonics_real,coverage,1.0,1.0,1.0,2000,2000
fst,sources,sonics_real,macro_FPR,0.010169491525423728,0.0,0.023728813559322035,2000,2000
fst,sources,sonics_real,macro_TPR,,,,0,2000
fst,sources,sonics_real,precision,0.0,0.0,0.0,1886,2000
fst,sources,sonics_real,scored,295.0,295.0,295.0,2000,2000
fst,sources,sonics_real,specificity,0.9898305084745763,0.976271186440678,1.0,2000,2000
fst,sources,sonics_udio-120s,AUROC,,,,0,2000
fst,sources,sonics_udio-120s,F1,,,,0,2000
fst,sources,sonics_udio-120s,FN,1.0,0.0,3.0,2000,2000
fst,sources,sonics_udio-120s,FP,0.0,0.0,0.0,2000,2000
fst,sources,sonics_udio-120s,FPR,,,,0,2000
fst,sources,sonics_udio-120s,TN,0.0,0.0,0.0,2000,2000
fst,sources,sonics_udio-120s,TP,79.0,77.0,80.0,2000,2000
fst,sources,sonics_udio-120s,TPR,0.9875,0.9625,1.0,2000,2000
fst,sources,sonics_udio-120s,all_attempt_correctness,0.9875,0.9625,1.0,2000,2000
fst,sources,sonics_udio-120s,attempted,80.0,80.0,80.0,2000,2000
fst,sources,sonics_udio-120s,balanced_accuracy,,,,0,2000
fst,sources,sonics_udio-120s,coverage,1.0,1.0,1.0,2000,2000
fst,sources,sonics_udio-120s,macro_FPR,,,,0,2000
fst,sources,sonics_udio-120s,macro_TPR,0.9875,0.9625,1.0,2000,2000
fst,sources,sonics_udio-120s,precision,1.0,1.0,1.0,2000,2000
fst,sources,sonics_udio-120s,scored,80.0,80.0,80.0,2000,2000
fst,sources,sonics_udio-120s,specificity,,,,0,2000
fst,sources,sonics_udio-30s,AUROC,,,,0,2000
fst,sources,sonics_udio-30s,F1,,,,0,2000
fst,sources,sonics_udio-30s,FN,29.0,21.0,37.024999999999864,2000,2000
fst,sources,sonics_udio-30s,FP,0.0,0.0,0.0,2000,2000
fst,sources,sonics_udio-30s,FPR,,,,0,2000
fst,sources,sonics_udio-30s,TN,0.0,0.0,0.0,2000,2000
fst,sources,sonics_udio-30s,TP,51.0,42.975,59.0,2000,2000
fst,sources,sonics_udio-30s,TPR,0.6375,0.5371875,0.7375,2000,2000
fst,sources,sonics_udio-30s,all_attempt_correctness,0.6375,0.5371875,0.7375,2000,2000
fst,sources,sonics_udio-30s,attempted,80.0,80.0,80.0,2000,2000
fst,sources,sonics_udio-30s,balanced_accuracy,,,,0,2000
fst,sources,sonics_udio-30s,coverage,1.0,1.0,1.0,2000,2000
fst,sources,sonics_udio-30s,macro_FPR,,,,0,2000
fst,sources,sonics_udio-30s,macro_TPR,0.6375,0.5371875,0.7375,2000,2000
fst,sources,sonics_udio-30s,precision,1.0,1.0,1.0,2000,2000
fst,sources,sonics_udio-30s,scored,80.0,80.0,80.0,2000,2000
fst,sources,sonics_udio-30s,specificity,,,,0,2000
fst,sources,suno_cdn_latest,AUROC,,,,0,2000
fst,sources,suno_cdn_latest,F1,,,,0,2000
fst,sources,suno_cdn_latest,FN,41.0,34.0,47.0,2000,2000
fst,sources,suno_cdn_latest,FP,0.0,0.0,0.0,2000,2000
fst,sources,suno_cdn_latest,FPR,,,,0,2000
fst,sources,suno_cdn_latest,TN,0.0,0.0,0.0,2000,2000
fst,sources,suno_cdn_latest,TP,15.0,9.0,22.0,2000,2000
fst,sources,suno_cdn_latest,TPR,0.26785714285714285,0.16071428571428573,0.39285714285714285,2000,2000
fst,sources,suno_cdn_latest,all_attempt_correctness,0.26785714285714285,0.16071428571428573,0.39285714285714285,2000,2000
fst,sources,suno_cdn_latest,attempted,56.0,56.0,56.0,2000,2000
fst,sources,suno_cdn_latest,balanced_accuracy,,,,0,2000
fst,sources,suno_cdn_latest,coverage,1.0,1.0,1.0,2000,2000
fst,sources,suno_cdn_latest,macro_FPR,,,,0,2000
fst,sources,suno_cdn_latest,macro_TPR,0.26785714285714285,0.16071428571428573,0.39285714285714285,2000,2000
fst,sources,suno_cdn_latest,precision,1.0,1.0,1.0,2000,2000
fst,sources,suno_cdn_latest,scored,56.0,56.0,56.0,2000,2000
fst,sources,suno_cdn_latest,specificity,,,,0,2000
fst,sources,suno_extra,AUROC,,,,0,2000
fst,sources,suno_extra,F1,,,,0,2000
fst,sources,suno_extra,FN,60.0,52.0,67.0,2000,2000
fst,sources,suno_extra,FP,0.0,0.0,0.0,2000,2000
fst,sources,suno_extra,FPR,,,,0,2000
fst,sources,suno_extra,TN,0.0,0.0,0.0,2000,2000
fst,sources,suno_extra,TP,20.0,13.0,28.0,2000,2000
fst,sources,suno_extra,TPR,0.25,0.1625,0.35,2000,2000
fst,sources,suno_extra,all_attempt_correctness,0.25,0.1625,0.35,2000,2000
fst,sources,suno_extra,attempted,80.0,80.0,80.0,2000,2000
fst,sources,suno_extra,balanced_accuracy,,,,0,2000
fst,sources,suno_extra,coverage,1.0,1.0,1.0,2000,2000
fst,sources,suno_extra,macro_FPR,,,,0,2000
fst,sources,suno_extra,macro_TPR,0.25,0.1625,0.35,2000,2000
fst,sources,suno_extra,precision,1.0,1.0,1.0,2000,2000
fst,sources,suno_extra,scored,80.0,80.0,80.0,2000,2000
fst,sources,suno_extra,specificity,,,,0,2000
fst,sources,suno_v5.5_native_260905,AUROC,,,,0,2000
fst,sources,suno_v5.5_native_260905,F1,,,,0,2000
fst,sources,suno_v5.5_native_260905,FN,92.0,77.0,108.0,2000,2000
fst,sources,suno_v5.5_native_260905,FP,0.0,0.0,0.0,2000,2000
fst,sources,suno_v5.5_native_260905,FPR,,,,0,2000
fst,sources,suno_v5.5_native_260905,TN,0.0,0.0,0.0,2000,2000
fst,sources,suno_v5.5_native_260905,TP,108.0,92.0,125.0,2000,2000
fst,sources,suno_v5.5_native_260905,TPR,0.54,0.4646374458874459,0.6154028436018957,2000,2000
fst,sources,suno_v5.5_native_260905,all_attempt_correctness,0.54,0.4646374458874459,0.6154028436018957,2000,2000
fst,sources,suno_v5.5_native_260905,attempted,200.0,190.0,210.02499999999986,2000,2000
fst,sources,suno_v5.5_native_260905,balanced_accuracy,,,,0,2000
fst,sources,suno_v5.5_native_260905,coverage,1.0,1.0,1.0,2000,2000
fst,sources,suno_v5.5_native_260905,macro_FPR,,,,0,2000
fst,sources,suno_v5.5_native_260905,macro_TPR,0.54,0.4646374458874459,0.6154028436018957,2000,2000
fst,sources,suno_v5.5_native_260905,precision,1.0,1.0,1.0,2000,2000
fst,sources,suno_v5.5_native_260905,scored,200.0,190.0,210.02499999999986,2000,2000
fst,sources,suno_v5.5_native_260905,specificity,,,,0,2000
fst,sources,udio_2026_version_unknown_native_260905,AUROC,,,,0,2000
fst,sources,udio_2026_version_unknown_native_260905,F1,,,,0,2000
fst,sources,udio_2026_version_unknown_native_260905,FN,49.0,37.0,60.0,2000,2000
fst,sources,udio_2026_version_unknown_native_260905,FP,0.0,0.0,0.0,2000,2000
fst,sources,udio_2026_version_unknown_native_260905,FPR,,,,0,2000
fst,sources,udio_2026_version_unknown_native_260905,TN,0.0,0.0,0.0,2000,2000
fst,sources,udio_2026_version_unknown_native_260905,TP,151.0,136.0,166.0,2000,2000
fst,sources,udio_2026_version_unknown_native_260905,TPR,0.755,0.6971117424242423,0.8128244722938308,2000,2000
fst,sources,udio_2026_version_unknown_native_260905,all_attempt_correctness,0.755,0.6971117424242423,0.8128244722938308,2000,2000
fst,sources,udio_2026_version_unknown_native_260905,attempted,200.0,190.975,210.0,2000,2000
fst,sources,udio_2026_version_unknown_native_260905,balanced_accuracy,,,,0,2000
fst,sources,udio_2026_version_unknown_native_260905,coverage,1.0,1.0,1.0,2000,2000
fst,sources,udio_2026_version_unknown_native_260905,macro_FPR,,,,0,2000
fst,sources,udio_2026_version_unknown_native_260905,macro_TPR,0.755,0.6971117424242423,0.8128244722938308,2000,2000
fst,sources,udio_2026_version_unknown_native_260905,precision,1.0,1.0,1.0,2000,2000
fst,sources,udio_2026_version_unknown_native_260905,scored,200.0,190.975,210.0,2000,2000
fst,sources,udio_2026_version_unknown_native_260905,specificity,,,,0,2000
fst,sources,udio_cdn_latest,AUROC,,,,0,2000
fst,sources,udio_cdn_latest,F1,,,,0,2000
fst,sources,udio_cdn_latest,FN,5.0,2.0,9.0,2000,2000
fst,sources,udio_cdn_latest,FP,0.0,0.0,0.0,2000,2000
fst,sources,udio_cdn_latest,FPR,,,,0,2000
fst,sources,udio_cdn_latest,TN,0.0,0.0,0.0,2000,2000
fst,sources,udio_cdn_latest,TP,13.0,9.0,16.0,2000,2000
fst,sources,udio_cdn_latest,TPR,0.7222222222222222,0.5,0.8888888888888888,2000,2000
fst,sources,udio_cdn_latest,all_attempt_correctness,0.7222222222222222,0.5,0.8888888888888888,2000,2000
fst,sources,udio_cdn_latest,attempted,18.0,18.0,18.0,2000,2000
fst,sources,udio_cdn_latest,balanced_accuracy,,,,0,2000
fst,sources,udio_cdn_latest,coverage,1.0,1.0,1.0,2000,2000
fst,sources,udio_cdn_latest,macro_FPR,,,,0,2000
fst,sources,udio_cdn_latest,macro_TPR,0.7222222222222222,0.5,0.8888888888888888,2000,2000
fst,sources,udio_cdn_latest,precision,1.0,1.0,1.0,2000,2000
fst,sources,udio_cdn_latest,scored,18.0,18.0,18.0,2000,2000
fst,sources,udio_cdn_latest,specificity,,,,0,2000
fst,sources,udio_extra,AUROC,,,,0,2000
fst,sources,udio_extra,F1,,,,0,2000
fst,sources,udio_extra,FN,22.0,14.0,30.0,2000,2000
fst,sources,udio_extra,FP,0.0,0.0,0.0,2000,2000
fst,sources,udio_extra,FPR,,,,0,2000
fst,sources,udio_extra,TN,0.0,0.0,0.0,2000,2000
fst,sources,udio_extra,TP,58.0,50.0,66.0,2000,2000
fst,sources,udio_extra,TPR,0.725,0.625,0.825,2000,2000
fst,sources,udio_extra,all_attempt_correctness,0.725,0.625,0.825,2000,2000
fst,sources,udio_extra,attempted,80.0,80.0,80.0,2000,2000
fst,sources,udio_extra,balanced_accuracy,,,,0,2000
fst,sources,udio_extra,coverage,1.0,1.0,1.0,2000,2000
fst,sources,udio_extra,macro_FPR,,,,0,2000
fst,sources,udio_extra,macro_TPR,0.725,0.625,0.825,2000,2000
fst,sources,udio_extra,precision,1.0,1.0,1.0,2000,2000
fst,sources,udio_extra,scored,80.0,80.0,80.0,2000,2000
fst,sources,udio_extra,specificity,,,,0,2000
fst,sources,youtube_hardneg,AUROC,,,,0,2000
fst,sources,youtube_hardneg,F1,,,,0,2000
fst,sources,youtube_hardneg,FN,0.0,0.0,0.0,2000,2000
fst,sources,youtube_hardneg,FP,7.0,3.0,12.0,2000,2000
fst,sources,youtube_hardneg,FPR,0.0958904109589041,0.0410958904109589,0.1643835616438356,2000,2000
fst,sources,youtube_hardneg,TN,66.0,61.0,70.0,2000,2000
fst,sources,youtube_hardneg,TP,0.0,0.0,0.0,2000,2000
fst,sources,youtube_hardneg,TPR,,,,0,2000
fst,sources,youtube_hardneg,all_attempt_correctness,0.9041095890410958,0.8356164383561644,0.958904109589041,2000,2000
fst,sources,youtube_hardneg,attempted,73.0,73.0,73.0,2000,2000
fst,sources,youtube_hardneg,balanced_accuracy,,,,0,2000
fst,sources,youtube_hardneg,coverage,1.0,1.0,1.0,2000,2000
fst,sources,youtube_hardneg,macro_FPR,0.0958904109589041,0.0410958904109589,0.1643835616438356,2000,2000
fst,sources,youtube_hardneg,macro_TPR,,,,0,2000
fst,sources,youtube_hardneg,precision,0.0,0.0,0.0,1998,2000
fst,sources,youtube_hardneg,scored,73.0,73.0,73.0,2000,2000
fst,sources,youtube_hardneg,specificity,0.904109589041096,0.8356164383561644,0.9589041095890412,2000,2000
