track_id,youtube_id,source,format,v1_1_status
b7cfa9f20f1c6042,WyEWBx0_ud0,sonics_real,flac,train_partition_or_unrecoverable
f6d6d89438c265a1,stRgvmCMWxo,sonics_real,flac,test_ok
c4989eb7dd3c6d8e,0mEI5o3eKeQ,sonics_real,flac,test_ok
46e3057fc4f9df8f,oTwUnkVyHe0,sonics_real,flac,test_ok
75a3982ba422f992,miFDLuXUy_s,sonics_real,flac,test_ok
a7400f151227c750,sn4JoFeeG2g,sonics_real,flac,test_ok
3515f4d1b0032390,vVZKbIOJIJw,sonics_real,flac,test_ok
7daac2f143ec91a7,NCI54uGGE2g,sonics_real,flac,test_ok
2ff51e889bcc9883,08beVMVWfnI,sonics_real,flac,test_ok
a53ab2ea2a0d2643,sAn_t_1NdA8,sonics_real,flac,test_ok
0e15464552e43cea,c7i_2YQmLu4,sonics_real,flac,test_ok
b0073673b212734a,OjYktl7Nz3Q,sonics_real,flac,test_ok
c4ea6238feebe4ae,1CpSVtb0od0,sonics_real,flac,test_ok
6ae6e660fab1ee17,yxP2jo6cvS8,sonics_real,flac,test_ok
2f69977b44cfff33,95lp1DLjmus,sonics_real,flac,test_ok
05855d36eed20917,kw7b02XUb2k,sonics_real,flac,test_ok
93879e6781549a32,rk-Z_OxwQNE,sonics_real,flac,test_ok
7c6480b2b73301cd,A0cr2cfSH9I,sonics_real,flac,test_ok
67eceec322b5ca21,9wHUP8lQA4o,sonics_real,flac,test_ok
cf764e167a7d16ca,MPi8PRU8F1o,sonics_real,flac,test_ok
f85ff6717d67f7a2,ks6JYTDyAvI,sonics_real,flac,test_ok
800c94692f132fb2,BTYUcEnwcGs,sonics_real,flac,test_ok
bb0aa00a5f3629f9,FoBkVh1wW20,sonics_real,flac,test_ok
6b2921045ba94d07,a4IZxku8N7w,sonics_real,flac,test_ok
c41a1cb9d7a30309,FM64Cz47bZE,sonics_real,flac,test_ok
3ef550ef6282bb75,WhWgB0vx-iE,sonics_real,flac,test_ok
b6b44d65cb887989,lVwagANZC0c,sonics_real,flac,test_ok
941e336fd56333e8,87VQbYFQiZQ,sonics_real,flac,test_ok
239873f5fac09f93,kpjgDHc9zjk,sonics_real,flac,test_ok
b3994b8201355b6b,oG6fucqzJX0,sonics_real,flac,test_ok
e210670ced059163,k7mkdb5y3As,sonics_real,flac,test_ok
087e760b1acec04a,k-o6ZMse3ns,sonics_real,flac,test_ok
354645324e407757,dXgZA6LhYII,sonics_real,flac,test_ok
b874ef8b0d436a8c,iVFTLq_GqyA,sonics_real,flac,test_ok
d1043a185e468f2f,knuHDPbE5es,sonics_real,flac,test_ok
610c2be69244b9c3,ZhFGDSacvzw,sonics_real,flac,test_ok
06b7f3cbe1545033,ENSWHwyweiE,sonics_real,flac,test_ok
9329e64bf22fc11c,fLHMk2IU6r0,sonics_real,flac,test_ok
08e51512178e084d,thaZdbpburs,sonics_real,flac,test_ok
f1068f7c40a1c233,1YPPaGXGquE,sonics_real,flac,test_ok
7b348308d4b63b90,KwfAYjrSWCQ,sonics_real,flac,test_ok
74fb969f02afe823,1JX2PeAneq8,sonics_real,flac,train_partition_or_unrecoverable
b3872eb28fda016f,uEDAxKwfic8,sonics_real,flac,test_ok
b74a6e381e1cee3d,QNf6C5IFQ-c,sonics_real,flac,test_ok
488b6c06e031cb7a,eQ8kiizrw70,sonics_real,flac,test_ok
ddb4e8ad2799bc04,whxEpX-mHf4,sonics_real,flac,test_ok
dc8df9f253842ce1,9QGgCXRrsp4,sonics_real,flac,test_ok
e0cd9cf02541f4d9,OxLq8n9CDuU,sonics_real,flac,test_ok
ffb001f295c55915,LyB4nyokwGQ,sonics_real,flac,test_ok
e50550fcf94f456d,RL-qgT3vBaA,sonics_real,flac,test_ok
afad37eba6682f8f,uV64xwbr1s8,sonics_real,flac,test_ok
dd0f1a25d788c1ef,Ry3W68euyp0,sonics_real,flac,test_ok
7ceef13ee4bc0658,AiVzIjJNgdE,sonics_real,flac,test_ok
b94742cd1f116e89,A55d5dhsReg,sonics_real,flac,test_ok
cd70b2ed7a2b0032,wDlKTQ3Ig7A,sonics_real,flac,test_ok
1bf063545ae36806,GIZE45qyGxc,sonics_real,flac,test_ok
e674973940861c51,i5jTp7j5BTg,sonics_real,flac,test_ok
019e2408df27795b,z1NfVi6SM3Q,sonics_real,flac,test_ok
47add8a91339555b,aXZJbQLl_3k,sonics_real,flac,test_ok
44efbbb1848a73c0,3XAsRDpi6Hg,sonics_real,flac,test_ok
c431661b5c6bf4f7,OMaZEl8alBA,sonics_real,flac,test_ok
48d9b800e7f8b5f0,fRNWu-oPboM,sonics_real,flac,test_ok
97fdcca35772e4dc,EPQqOap0EvM,sonics_real,flac,test_ok
b87f91a88357d8ee,s6mpU2ngPmo,sonics_real,flac,test_ok
0005e529c4716a74,bVMAcPw1KEM,sonics_real,flac,test_ok
e5d25f28fea53863,Gpg9YeRhcus,sonics_real,flac,test_ok
abcd263664cdbdea,BkLMqWXKGWs,sonics_real,flac,test_ok
d3ab100d721a0349,eeekLzEjb8Q,sonics_real,flac,test_ok
dbfc2a307c2233df,MHGtNGQWOVk,sonics_real,flac,test_ok
d0b4a4e8a3c0f556,QSo_k-7CYIw,sonics_real,flac,test_ok
1e67a39bb198fa6d,S8ndUKwmZyI,sonics_real,flac,test_ok
6d534d240298270a,5OiwqYcoVTU,sonics_real,flac,test_ok
221a6f94e8379030,y6C1FKzkRlc,sonics_real,flac,test_ok
e131f9be8dee762a,m1GH7eyZ0DQ,sonics_real,flac,test_ok
e0048bc6522bc139,tebK36aSxyc,sonics_real,flac,test_ok
90fba72fff3a1c0e,QfsEbt4bZA0,sonics_real,flac,test_ok
3bcb12e7a8964089,Kk5jH5tY-Kw,sonics_real,flac,test_ok
b01ec7d6b708e520,hJMcVoiGPDM,sonics_real,flac,test_ok
120ea258cd8fda43,C3nL7c34VK0,sonics_real,flac,test_ok
dd6fc5d7fd6d1980,OwIiUgeiGRw,sonics_real,flac,test_ok
46fce2bb5ec90951,usyB3JA0euI,sonics_real,flac,test_ok
272b189e992ce0ee,HnGn1UM0uYc,sonics_real,flac,test_ok
7df015b377debcc5,67dBpwPaBLE,sonics_real,flac,test_ok
a7a0614a36d2aef2,Tejrd5qiTms,sonics_real,flac,test_ok
b26a22718b602373,TR7_AZyznfw,sonics_real,flac,test_ok
529f48df69795608,y5rwy9I8EBQ,sonics_real,flac,test_ok
e6a45d8625817a54,hvlcwJINLy0,sonics_real,flac,test_ok
413e16f8debae76c,Kb3L8Ug9coo,sonics_real,flac,test_ok
d5b85867fd5dc17b,WmErh7U7C38,sonics_real,flac,test_ok
3e71ba759e2f03f1,CaPXFcbKDYs,sonics_real,flac,test_ok
664fe728294f3291,Q4NZA2FiP28,sonics_real,flac,test_ok
4c8f9671ae3cbc59,sfulhGHP2EQ,sonics_real,flac,test_ok
fadb61f3810a016a,LpUaOCcf_Zw,sonics_real,flac,test_ok
d6a25d539437bbbf,ivPw1M9e8Ps,sonics_real,flac,test_ok
af6760d1d077cb7a,mNlp4WklZ6k,sonics_real,flac,test_ok
85304f3413a69791,Prkr2b3gjpw,sonics_real,flac,test_ok
dfde37b76fb37532,6ix9fyKao4Y,sonics_real,flac,test_ok
0a80427817a53750,HUMgol0zIS4,sonics_real,flac,test_ok
556adff59d0fb552,ZShmsKcAHFc,sonics_real,flac,test_ok
122c5cb6bbafb3ff,GAcL9d0OhR4,sonics_real,flac,test_ok
f70f4ad047b81fab,Qh9h7gWdqzQ,sonics_real,flac,test_ok
22135613c967c9cf,NP1tBYY-NGI,sonics_real,flac,test_ok
2314c426dc11caf1,j1G4d7J5FW8,sonics_real,flac,test_ok
0499f013d673612a,Y8zXV18DGFw,sonics_real,flac,test_ok
24e155e93d09a35a,J5TjPssvAlc,sonics_real,flac,test_ok
458c60911dad5214,TLnlIQmoZms,sonics_real,flac,test_ok
fbae6ec53daa7ec5,kQrRNOmTRSA,sonics_real,flac,test_ok
609e24ddf90f1d8b,owBhyenjmEk,sonics_real,flac,test_ok
2f975e0ff27434a0,35fBK7kCTgU,sonics_real,flac,test_ok
e411cd919a688249,JihMODiJE8s,sonics_real,flac,test_ok
a271d48fe89a67bd,dgKLgNZPn80,sonics_real,flac,test_ok
a8a4e9a78a1c87b1,LG9t7Q9a-iQ,sonics_real,flac,test_ok
de0b20502be9cadd,Ie6hGGjqgWI,sonics_real,flac,test_ok
d823837ee0d1b064,tilsrO-3gcQ,sonics_real,flac,test_ok
c64c9ced98e113a8,Psk3DdgziFU,sonics_real,flac,test_ok
a105ca6aabe5c118,9MSTMoWBRbs,sonics_real,flac,test_ok
651f7dfae4511efb,9RIv4epX3hc,sonics_real,flac,test_ok
c52d095599b70137,DEv2RsXo6qY,sonics_real,flac,test_ok
4f03239771c100fe,miOEmyjpLkU,sonics_real,flac,test_ok
360b733b2bd0027f,gPi_SaFsMf8,sonics_real,flac,test_ok
82844396b00492cd,tMBEoWrQc3s,sonics_real,flac,test_ok
f48eccdf5a28eedf,Uv1ng2B1MFE,sonics_real,flac,test_ok
42a08b6dbcb1b533,S9UqTphCLGo,sonics_real,flac,test_ok
65afc733c4b879ed,-YBP-D6vQIA,sonics_real,flac,test_ok
2fc7273cf07be980,eVZv2mNUmFs,sonics_real,flac,test_ok
64193d0c27def91a,W8Zm_hTEIFc,sonics_real,flac,test_ok
3148c5240d5ee3c5,U_MvEpIpEUQ,sonics_real,flac,test_ok
e80e458aee5a3c4a,HoDk-Xc9o0I,sonics_real,flac,test_ok
b36b59d510806311,sZodtWi_-GA,sonics_real,flac,test_ok
b61766ce7e9e2d5e,CSrrAZ7Mfh0,sonics_real,flac,test_ok
545db0c5febedc1d,gJfuHom6v9E,sonics_real,flac,test_ok
a67c87089bd49af2,oabjND9QW8Q,sonics_real,flac,test_ok
187f62c040b1f4a1,s1ESI48uA3U,sonics_real,flac,test_ok
f1ab55114425e64f,ueGqMCc07uM,sonics_real,flac,test_ok
de51cb7a2873abf9,aEuv6JpBJVo,sonics_real,flac,test_ok
3fcb662c7a43749d,lxuUSTcquMk,sonics_real,flac,test_ok
f27be9140d470459,kyAvba2Q11E,sonics_real,flac,test_ok
d0a68a454dfc712a,EISsqOF1FQg,sonics_real,flac,test_ok
b2560517b2a66f9e,M8XmoroZ3zo,sonics_real,flac,test_ok
debfc1ed9f68a740,fg7wmyEKsYE,sonics_real,flac,test_ok
3612e2e5e8ee482d,ZTo_ZQ5xSA0,sonics_real,flac,test_ok
eef472d3dff3756c,UCtvRwA4-CM,sonics_real,flac,test_ok
bf626cf7370fdbfb,QWR0-s30WsY,sonics_real,flac,test_ok
03ba2baa1a9a619f,NpgwlbEyrQE,sonics_real,flac,test_ok
0ba83c3d400d18b6,UyyJtDP5ejs,sonics_real,flac,test_ok
f506eaa5134f8cd2,XmGkz7wiBEk,sonics_real,flac,test_ok
49d3c8d67a577a69,WImcVMnTiUY,sonics_real,flac,test_ok
e4826611f0684b00,jq63VeGZ7hI,sonics_real,flac,test_ok
b1129cfc2e375ab6,b88A8f5o1Vs,sonics_real,flac,test_ok
574642e439920e63,eZZSojd65j0,sonics_real,flac,test_ok
b19d68736c7419dd,Oj_QtE4a7n4,sonics_real,flac,test_ok
e78da117ab624276,hi60EBAXL2w,sonics_real,flac,test_ok
020657a846a4752d,h3nKChbgaO8,sonics_real,flac,test_ok
97cec75605dd0550,9kmvx2MjahQ,sonics_real,flac,test_ok
f822c60a0ee40e0e,lcqqql7T4XQ,sonics_real,flac,test_ok
1509cec0a5595a95,3S2O4hbEHvg,sonics_real,flac,test_ok
5d7401a48274df45,LhJrQ444spg,sonics_real,flac,test_ok
86fe481229cba42d,SqRvJLH_-vU,sonics_real,flac,test_ok
a66124b03e642796,r17_InduU2k,sonics_real,flac,test_ok
6c3be8c1c09ea591,K56BylW5HPU,sonics_real,flac,test_ok
d878a0b61fb1c484,haEqhj76z3I,sonics_real,flac,test_ok
7b8b45d5599b9d5e,aFM1iRJx8vA,sonics_real,flac,test_ok
829d0704a3665f25,9iUOFerRum8,sonics_real,flac,test_ok
9a15a7727223b98b,ym6N-NlFi3c,sonics_real,flac,test_ok
51d1f47a925efee9,sN3skRe_cpA,sonics_real,flac,test_ok
177ef1bc4964d6d8,gkepWGGWDBU,sonics_real,flac,test_ok
db411d81a1d57621,FKthWjXy5RQ,sonics_real,flac,test_ok
d3982eff1221e15b,69e8oa85F3g,sonics_real,flac,test_ok
c2b6ecb3177d495a,qhOm2aPFEaw,sonics_real,flac,test_ok
ae1ad7c840ec38bc,N7XBkfNXPOE,sonics_real,flac,test_ok
f5303e05589916d1,Ta3fw0uRaZI,sonics_real,flac,test_ok
bbae8050bc6e0dd9,UGexW-k3wA8,sonics_real,flac,test_ok
888171019341ab10,40X6JFRVHMk,sonics_real,flac,test_ok
3cb367e75ac4493d,MQZ2PdICo8w,sonics_real,flac,test_ok
bff7de6959c4db8a,he16ctlqAgU,sonics_real,flac,test_ok
80a9f59d47678a1d,4d0lWpdyamI,sonics_real,flac,test_ok
9208d6191e5e0268,8Y4UtANgItU,sonics_real,flac,test_ok
819d14f9ac911b3a,zVyEPNIR-yk,sonics_real,flac,test_ok
ff523ce56e594382,WACzk0ZEuJk,sonics_real,flac,test_ok
abecafcc4992905e,zfF3lMnjkgc,sonics_real,flac,test_ok
80567eb72d13cabe,14bkIV2zPZY,sonics_real,flac,test_ok
8d912e97ca272dcf,ljDzvk6l0G4,sonics_real,flac,test_ok
204462ed114498ee,eAGURfB3RYA,sonics_real,flac,test_ok
63314507145c568c,ULM8XVnQpRc,sonics_real,flac,test_ok
38ff7f686a120ca0,mblAkCFxOdo,sonics_real,flac,test_ok
82c61b2b1924f1f9,zljXBq3Ur2I,sonics_real,flac,test_ok
629597261c262ad5,vYo7X5Ux_aA,sonics_real,flac,test_ok
e9589759f73d3ba7,cHY-rgmjEq4,sonics_real,flac,test_ok
5b88ddef3496f1e6,PeGlLBkIjDo,sonics_real,flac,test_ok
7f64e9a1c023e2c2,mZSPHbhfYRA,sonics_real,flac,test_ok
68a748609f6735ff,01YeVvHvAl4,sonics_real,flac,test_ok
0e3f59b9cbdc5d25,xaT-ydWX19E,sonics_real,flac,test_ok
27f827760d069c10,l7A09GdDQ4E,sonics_real,flac,test_ok
b8f6a1a53a8a0dd4,LDl8dqEEUnY,sonics_real,flac,test_ok
79fa994647cc65b5,rMNS9oNCL3s,sonics_real,flac,test_ok
f447efa8a37486de,4NmX5vcNK6E,sonics_real,flac,test_ok
eb5d4669fc68ed22,utucJXoAdnI,sonics_real,flac,test_ok
ca874d3e9992a7b1,urxAai9txrQ,sonics_real,flac,test_ok
26e0f856791f47b4,FtaqAQVEUGY,sonics_real,flac,test_ok
d2d174b44296ddd2,EIOuoz5Mh_E,sonics_real,flac,test_ok
5d37c505e039e0b8,fPhIYPJ2SCc,sonics_real,flac,test_ok
a8304663ce128d3f,_HJ0UvSYUBE,sonics_real,flac,test_ok
cc52c0bd570acd56,Xh3dlmA7_hg,sonics_real,flac,test_ok
85a4a75da5898354,sG5bCSLDF8M,sonics_real,flac,test_ok
a0358234dd3e9e36,ehu9-GDSrck,sonics_real,flac,test_ok
59c216ba8df36acd,pY3rPa9zQ7o,sonics_real,flac,test_ok
0f83767d962b5908,ZpP7PzIxjEY,sonics_real,flac,test_ok
3df0d225639f5047,chXJFjrl-Q4,sonics_real,flac,test_ok
7a875ed8cab5ca4b,0ni7ZA6JGmc,sonics_real,flac,test_ok
039713c350643a6b,2YHXJbL2_zk,sonics_real,flac,test_ok
017c9107b89dd67b,WQeRG72E3OM,sonics_real,flac,test_ok
3ca99671e48ddf92,D0ODBBAT2TE,sonics_real,flac,test_ok
5c83ac46068974b1,SRy__fbCakA,sonics_real,flac,test_ok
bcbe0a8e6cfd3c14,QTcDC0sn_yY,sonics_real,flac,test_ok
e7ad835d4b00c6b4,-htCgO-ACN4,sonics_real,flac,test_ok
c60cc0434ebfe22f,d0_edQ1_3JQ,sonics_real,flac,test_ok
754dc6e8b8515d0c,EwAEcnn42Nk,sonics_real,flac,test_ok
7fd2cc921f04eb0e,OQU8MhUvQgE,sonics_real,flac,test_ok
4cc99ca81e40ddf0,84BJGgZR914,sonics_real,flac,test_ok
e3dfec54e0f6510f,ziqVSYk-rEE,sonics_real,flac,test_ok
0179a3943c9e6f43,-sK3WuX318Y,sonics_real,flac,test_ok
073426f69a6476c4,fzxag7U3Snk,sonics_real,flac,test_ok
88ee712ec323429e,-eZAtgIqeY8,sonics_real,flac,test_ok
37c43420df5d45e7,B_kI8fEuwVI,sonics_real,flac,test_ok
6f94bae37d163d59,7rXNzeVX-oQ,sonics_real,flac,test_ok
26f9427b869c8694,t76kt6l0bl0,sonics_real,flac,test_ok
b97d207418e1f100,xMRfvAvcBnA,sonics_real,flac,test_ok
c9bf9614c31531a6,0lBRNvrKQIE,sonics_real,flac,test_ok
878a03f1a1652e7c,wk72KxcfJWA,sonics_real,flac,test_ok
ac0965ee798ea748,fqNj_2Vol0w,sonics_real,flac,test_ok
efcf5a675a72aaf5,RZlQqMkywrY,sonics_real,flac,test_ok
d57e37b23f241ecc,w6OFJQAW-2Y,sonics_real,flac,test_ok
19c34fcc4dfb4651,Eh52c7p7SaA,sonics_real,flac,test_ok
c06b239e0e05cec1,TiOumJEe2yQ,sonics_real,flac,train_partition_or_unrecoverable
9b7743663ef80627,uiVnT1gSXZg,sonics_real,flac,test_ok
8c28379f350b9fc9,DSTNesLBcYk,sonics_real,flac,test_ok
968ee720c24e76f7,0KhLWoL-AzU,sonics_real,flac,test_ok
20d967f9dbf7841e,IwtcwQwgdsA,sonics_real,flac,train_partition_or_unrecoverable
5bac59504ef1a34d,bmzOxSsSokI,sonics_real,flac,test_ok
d5adb527cf06b8f8,Id4wLkrpFL8,sonics_real,flac,test_ok
ffc0154c7323cfba,UU0PvBo7ojE,sonics_real,flac,test_ok
6bfac1e2a716c46e,bT7UE19F308,sonics_real,flac,test_ok
7d4d9590c1520811,GmJqdISO9Bk,sonics_real,flac,test_ok
9ea10c5aa9136390,1tzEBcZAi8o,sonics_real,flac,test_ok
ca40d021ea416dcc,G_Xkn6E6kG0,sonics_real,flac,test_ok
c6d584ce9cd0904f,770SaM6q7ZI,sonics_real,flac,test_ok
a022be88ebb05f9e,fcRKZkk79-w,sonics_real,flac,test_ok
dde4c53504fcfb61,jm1xSkkorts,sonics_real,flac,test_ok
d0706d65269d3cea,2wwFx5exRHQ,sonics_real,flac,test_ok
2209f63cb4c53f73,tCYrPgEVILc,sonics_real,flac,test_ok
2284ef2e2a306c38,hnf4CSCJn84,sonics_real,flac,test_ok
53aef0df3bb27390,xCO6FaQS2Bw,sonics_real,flac,test_ok
2b14eb63d6285de3,0N-OZZfqOrE,sonics_real,flac,test_ok
e4975144d9cd04ea,dxMnnc-I6tY,sonics_real,flac,test_ok
7802281404088139,yFdLSM8zVVI,sonics_real,flac,test_ok
6cfdf3f6d5422663,oaiMGS63RI0,sonics_real,flac,test_ok
7222976094cd8a0f,obBgq4TsUcs,sonics_real,flac,test_ok
a48e300c34fee662,Kln7z6tso34,sonics_real,flac,test_ok
f09bded501244538,2nOCpknuYVc,sonics_real,flac,test_ok
5bd8fd13b9d44e98,5Vik48YUR-A,sonics_real,flac,test_ok
5714d0fe49cb8880,ETfU23-IDL8,sonics_real,flac,test_ok
64531475932fa2e8,49CKODXLwbw,sonics_real,flac,test_ok
5b7bd1d34dc73a84,r2K6CfxnuEI,sonics_real,flac,test_ok
62267be427d5ce78,vuKGQ0Xdmm4,sonics_real,flac,test_ok
7b02fa0c721943fc,qBxGAEslKZI,sonics_real,flac,test_ok
2f3ade89e220f6cc,dsm5B6eCorQ,sonics_real,flac,test_ok
a8a23d63d0b99e37,IQ4q9VrfW2Y,sonics_real,flac,test_ok
d3d2f4ca1a7aac9a,uhtLthiNIdE,sonics_real,flac,test_ok
b68ead715bdaafdc,KOe3ya7Lv8s,sonics_real,flac,test_ok
85d4ffdbea652c87,Ac4H3WW0kbw,sonics_real,flac,test_ok
df410cd6f5b6a761,a_LpdrD1uDc,sonics_real,flac,test_ok
8835b82cfafcd56e,HSFsULRYxCE,sonics_real,flac,test_ok
f2e0102226200424,2s80GHCEIV0,sonics_real,flac,test_ok
20c8246c69b80379,L21Tc_DtL6M,sonics_real,flac,test_ok
d60e1a91c95631ad,Mm6co2lzuJo,sonics_real,flac,test_ok
36bc73dc2c043343,C2CcTg0wr9k,sonics_real,flac,test_ok
e11e06a1bc3ef71e,I7vOyMKp0rw,sonics_real,flac,test_ok
135da9aad7302727,DRKtFEq97sU,sonics_real,flac,test_ok
60f2c2fe1798b09a,d1ylQhnRx-A,sonics_real,flac,test_ok
dffe4b718d840648,Ngi7bnBM48c,sonics_real,flac,test_ok
b2c9cfb71a5a3c6c,gjDPjjKGrfc,sonics_real,flac,test_ok
33a3b507efbfe666,D-BkG15JTrs,sonics_real,flac,test_ok
2f5087139a02766f,Dsp9sE_LmWM,sonics_real,flac,test_ok
c240f61a843579a1,xKCg-hY3Zdo,sonics_real,flac,test_ok
ae91d2996a8b8119,Sz7-f5U22y0,sonics_real,flac,test_ok
962c1e02fc9100f0,wOatB_UnVPI,sonics_real,flac,test_ok
29d182d2208d74aa,Nlqwj_fgDjw,sonics_real,flac,test_ok
0cf8251c91bcf92c,ufe6z0mP6WA,sonics_real,flac,test_ok
5ef49dee8ff021a5,Phr25xKtEuM,sonics_real,flac,test_ok
fdaeb306bba2954f,ocIOh5Ai41k,sonics_real,flac,test_ok
b5ad79afdbb3fe5a,u1hVROp5xn4,sonics_real,flac,test_ok
1ff4716e61769ec1,D400Rkh_bZ8,sonics_real,flac,test_ok
43560cf0ae1c2698,H6cnRGz3uOM,sonics_real,flac,test_ok
c7ed2c0c6b8b854c,om12xEc_l30,sonics_real,flac,test_ok
e13387652fd9107a,xMHmTBApUiQ,sonics_real,flac,test_ok
e86435abb354b9dd,ELYwXxmm1Mw,sonics_real,flac,test_ok
59404198f5faa4bb,EzmxsTI3RTo,sonics_real,flac,test_ok
6615498ca881d3af,gSVpCya-j84,sonics_real,flac,train_partition_or_unrecoverable
7091f41ac97905b9,HoBIR22pLis,sonics_real,flac,test_ok
81f65e894d7e15c6,L8LI2GfOq58,sonics_real,flac,test_ok
bab89786d7a4a9c6,zcttfU4vUWY,sonics_real,flac,train_partition_or_unrecoverable
8215d2fb470b8f71,oNZmFC4ucio,sonics_real,flac,train_partition_or_unrecoverable
4ff2429d08a85545,J8Gp00IFwbI,sonics_real,flac,train_partition_or_unrecoverable
f5b2e075a2185e77,A1frq2fEVbs,sonics_real,flac,train_partition_or_unrecoverable
b1da91383c070143,cLOwdsrVTsU,sonics_real,flac,train_partition_or_unrecoverable
009146e391fffc0d,AoXuZvROfho,sonics_real,flac,train_partition_or_unrecoverable
115867fb1d956af9,ni6eShkJUq4,sonics_real,flac,train_partition_or_unrecoverable
34d884e8a4f5b768,qR2QIJdtgiU,sonics_real,flac,train_partition_or_unrecoverable
6489a4f4bc52345c,J5jLCWo6-yM,sonics_real,flac,train_partition_or_unrecoverable
278dad98d9ade371,tjnqN6zRyyA,sonics_real,flac,train_partition_or_unrecoverable
a9b4c47344ef1abe,KRXQQwbyqQw,sonics_real,flac,train_partition_or_unrecoverable
6347646f7c2078a8,McsOuY_ZOrs,sonics_real,flac,train_partition_or_unrecoverable
d1fa141ae6c69fbc,zRBkVp_bB_E,sonics_real,flac,train_partition_or_unrecoverable
61030fa4f84154b6,mlz0nj1qPkk,sonics_real,flac,train_partition_or_unrecoverable
7343aa86e18e900e,M8AOvyNL2h8,sonics_real,flac,train_partition_or_unrecoverable
d66a281d29c28761,mbipVP_aMpQ,sonics_real,flac,train_partition_or_unrecoverable
88c7e4aa48cd174d,ZuwJxNq3BPo,sonics_real,flac,train_partition_or_unrecoverable
44cb05bc400e906c,_24AvoMdhJ0,sonics_real,flac,train_partition_or_unrecoverable
97a079757c7f4103,u6g74jQgXMs,sonics_real,flac,train_partition_or_unrecoverable
694366395198211c,-9Ub-X11MqA,sonics_real,flac,train_partition_or_unrecoverable
e7e3d9c17f2729b5,xnvmUNQMW-I,sonics_real,flac,train_partition_or_unrecoverable
aef9935671e90f20,PYrvJ1gLVgQ,sonics_real,flac,train_partition_or_unrecoverable
4a32a3beb0c54906,AA5_nLJUi_M,sonics_real,flac,train_partition_or_unrecoverable
5811debcffade9ff,GGSqsuahlds,sonics_real,flac,train_partition_or_unrecoverable
b66de74e589aa3fc,iYm_mA9Rpjs,sonics_real,flac,train_partition_or_unrecoverable
3a49f7482fc37f3e,tPxj6EUmJSk,sonics_real,flac,train_partition_or_unrecoverable
20feb20f06417390,c8yXRgOCa0k,sonics_real,flac,train_partition_or_unrecoverable
733c65d198e8aebf,Ey3W1-QvagE,sonics_real,flac,train_partition_or_unrecoverable
387125e74236471e,I6SIHlK3LqQ,sonics_real,flac,train_partition_or_unrecoverable
fc2fcc950c2e770f,0I5gO3nAgT0,sonics_real,flac,train_partition_or_unrecoverable
b3db76904630203c,gRgVCEB5yVw,sonics_real,flac,train_partition_or_unrecoverable
f97abba4e11ae9b0,uij3KoV_X3k,sonics_real,flac,train_partition_or_unrecoverable
8df3789339440fbb,uZeR-vxREvw,sonics_real,flac,train_partition_or_unrecoverable
1919d19b23b173d7,AKY0EVshdsY,sonics_real,flac,train_partition_or_unrecoverable
ee5819dcc1fbe3e6,XaPccpQmyxo,sonics_real,flac,train_partition_or_unrecoverable
0fd38691a0b82b11,55m1-cBnmus,sonics_real,flac,train_partition_or_unrecoverable
3ecee3121e8dceaf,OIbXCKHA1Xw,sonics_real,flac,train_partition_or_unrecoverable
568c7eb75333b7e3,0yo0-bnu1X0,sonics_real,flac,train_partition_or_unrecoverable
44e65eacd9758601,_loRcLE5AIo,sonics_real,flac,train_partition_or_unrecoverable
642d622476b0ec91,iiY4DMyeb9Q,sonics_real,flac,train_partition_or_unrecoverable
4ab13b75b3e3bb04,hL0tnrl2L_U,sonics_real,flac,train_partition_or_unrecoverable
786343feece5a704,ofCjwG1vih4,sonics_real,flac,train_partition_or_unrecoverable
e5c523571fd54777,0j6JA3CS6cM,sonics_real,flac,train_partition_or_unrecoverable
39297de4c3777b32,SDhejLq5B3A,sonics_real,flac,train_partition_or_unrecoverable
8875aede49d83a52,G1k1vPIB50k,sonics_real,flac,train_partition_or_unrecoverable
071540f4f01db115,bsKmiYI19pg,sonics_real,flac,train_partition_or_unrecoverable
8b92ee5ff6976af4,Jv7KD8MnHqo,sonics_real,flac,train_partition_or_unrecoverable
70ca3f402373f170,B_sCoee8UUs,sonics_real,flac,train_partition_or_unrecoverable
8affb2e1ed0d33d7,rgLUh_LIROk,sonics_real,flac,train_partition_or_unrecoverable
3dac773e3d608128,5tDIlHQLqyI,sonics_real,flac,train_partition_or_unrecoverable
835c7188ebae0ba7,uOojKlU0Ouc,sonics_real,flac,train_partition_or_unrecoverable
48941d32f9d9c6fa,fElaFhR0Ngc,sonics_real,flac,train_partition_or_unrecoverable
a45c3a6a0ade8ae0,9vFYfF4MLGw,sonics_real,flac,train_partition_or_unrecoverable
a5dfa03c8f1efdd4,Gn0cWD-CZbY,sonics_real,flac,train_partition_or_unrecoverable
acf5677fdbfb9584,bQmXgjod8B0,sonics_real,flac,train_partition_or_unrecoverable
0b6582fa0584d325,10JDA8SvwX8,sonics_real,flac,train_partition_or_unrecoverable
5b6457b0a78221e1,Xb6DgfFR3s8,sonics_real,flac,train_partition_or_unrecoverable
60df6e3637583891,EJ4A038vJpQ,sonics_real,flac,train_partition_or_unrecoverable
6f60a8a931648df2,tevsRrStI5w,sonics_real,flac,train_partition_or_unrecoverable
3dc183cb4dbfc984,BGQDBDolhk4,sonics_real,flac,train_partition_or_unrecoverable
8c6a95bb2477f52f,oscl88YJXJ0,sonics_real,flac,train_partition_or_unrecoverable
ecc587ccd3c2edcb,5QUwjfRklGA,sonics_real,flac,train_partition_or_unrecoverable
4ec815f6913da7f9,2fEnuda2Z5c,sonics_real,flac,train_partition_or_unrecoverable
f746d862cb9e89f1,-PNIeRbC4Dg,sonics_real,flac,train_partition_or_unrecoverable
b7e912287d0870a2,p2cfnam8Xa0,sonics_real,flac,train_partition_or_unrecoverable
dc42fa26d26d9712,VuBbewxdoWI,sonics_real,flac,train_partition_or_unrecoverable
64771813c9786a90,n9DmdAwUbxc,sonics_real,flac,train_partition_or_unrecoverable
39492889cace6c3b,cAz8jirQNWY,sonics_real,flac,train_partition_or_unrecoverable
99184b64401657b0,vCrydKKyLvU,sonics_real,flac,train_partition_or_unrecoverable
92e520a5b434b490,NeIN_hO641U,sonics_real,flac,train_partition_or_unrecoverable
8e4ce85700d9b53a,YQ1LI-NTa2s,sonics_real,flac,train_partition_or_unrecoverable
3491a389660fb50b,p6HAVF_Yb9M,sonics_real,flac,train_partition_or_unrecoverable
82da9a9608f4b995,SAlSacOtIN8,sonics_real,flac,train_partition_or_unrecoverable
de880775eeded208,ff0QTD5cwZ8,sonics_real,flac,train_partition_or_unrecoverable
f3e07c5255fbacdc,zBJgKYtkCVs,sonics_real,flac,train_partition_or_unrecoverable
5c6c7d51c0518032,OSvQGCbJcns,sonics_real,flac,train_partition_or_unrecoverable
f5aa276d00c19b10,RjeFDNcno14,sonics_real,flac,train_partition_or_unrecoverable
f22e6becbc8cc418,NxYqWoW97Bo,sonics_real,flac,train_partition_or_unrecoverable
7e564259a6928e1d,S2pEwc_qQ7E,sonics_real,flac,train_partition_or_unrecoverable
9a83621605798530,3Ng_CT8OQUE,sonics_real,flac,train_partition_or_unrecoverable
c3ca970e4bc6083e,AMnA_HeYfMg,sonics_real,flac,train_partition_or_unrecoverable
2111669f06ec0052,u1u07VAcBAw,sonics_real,flac,train_partition_or_unrecoverable
5ab0834226343394,VK0P5ppJZzI,sonics_real,flac,train_partition_or_unrecoverable
1c5b1899a2770c0f,AGboX4sztq4,sonics_real,flac,train_partition_or_unrecoverable
2b97cabf3ac61227,fvWG3bPJTkU,sonics_real,flac,train_partition_or_unrecoverable
6bbc9421d76cffaf,DrAaCWW0JEg,sonics_real,flac,train_partition_or_unrecoverable
91b54a9dd6fb3f24,-NlT-ELVWk0,sonics_real,flac,train_partition_or_unrecoverable
cc082776a9caf9bc,chXFaqZdLfs,sonics_real,flac,train_partition_or_unrecoverable
9cc3044dc16b8689,Xr2phSxlCb4,sonics_real,flac,train_partition_or_unrecoverable
3c5fa5b06583fb1e,7KG-vUGNUFI,sonics_real,flac,train_partition_or_unrecoverable
ae4d2b745e80f61f,kYcyEElRLJ0,sonics_real,flac,train_partition_or_unrecoverable
f67c5f6663e65aac,gpYP3moU544,sonics_real,flac,train_partition_or_unrecoverable
877548d79bd7e31d,pjunTdRbWjo,sonics_real,flac,train_partition_or_unrecoverable
44c027e5d17a54b7,QivU2w0mOes,sonics_real,flac,train_partition_or_unrecoverable
15aa007847d5d6d7,HuVenfL6_y0,sonics_real,flac,train_partition_or_unrecoverable
d2991474d681300f,dcNCIewWhBs,sonics_real,flac,train_partition_or_unrecoverable
6ded77081a9805ba,_8iRQuAoLAs,sonics_real,flac,train_partition_or_unrecoverable
fc83534811138af9,EKtlaJxPqTo,sonics_real,flac,train_partition_or_unrecoverable
9a2864aa4222a2ca,hgahgpDrIQQ,sonics_real,flac,train_partition_or_unrecoverable
ae85c0951cc7b298,Noif7I5luQ4,sonics_real,flac,train_partition_or_unrecoverable
d9ea8e57323cbd5c,kyBnR_fgW9o,sonics_real,flac,train_partition_or_unrecoverable
f496e7a9fa6ed4e2,Nl_ommKiBLc,sonics_real,flac,train_partition_or_unrecoverable
82eea5efcc674104,6knXbI6gFQw,sonics_real,flac,train_partition_or_unrecoverable
38251f8be7070911,rUZhgXl12DU,sonics_real,flac,train_partition_or_unrecoverable
2d635bf151adbe9d,znIGQ6GDdME,sonics_real,flac,train_partition_or_unrecoverable
abc7de9e5f139279,edVNQbMnVN4,sonics_real,flac,train_partition_or_unrecoverable
a1a153404b623d86,c-vEvotnyIg,sonics_real,flac,train_partition_or_unrecoverable
8e377d5b93ea8f94,BMRqfVgXQAo,sonics_real,flac,train_partition_or_unrecoverable
186e0103adfda2cd,iW0uYfq3VLU,sonics_real,flac,train_partition_or_unrecoverable
81192b253a8fb6ef,ngdJOMFzXIk,sonics_real,flac,train_partition_or_unrecoverable
74af60d2ac4d4a3a,PN3_4Lk7eJE,sonics_real,flac,train_partition_or_unrecoverable
c0e84eb2d1caaf33,ptG4MMjva-8,sonics_real,flac,train_partition_or_unrecoverable
bcba9c55bfdbb9fd,lWvussDc-hQ,sonics_real,flac,train_partition_or_unrecoverable
2edc838e4d347de5,H9Qg8DJp3Hg,sonics_real,flac,train_partition_or_unrecoverable
2f10f2628ed9954e,ywExwsrlYjY,sonics_real,flac,train_partition_or_unrecoverable
e506d869e0be9b6f,nb8CnIo_-_A,sonics_real,flac,train_partition_or_unrecoverable
d4f5112d7d09817f,yxo2gLWAvi0,sonics_real,flac,train_partition_or_unrecoverable
d13651caefe522a1,MIuJVYNvC-s,sonics_real,flac,train_partition_or_unrecoverable
2661c92539e5c943,KMM2whiwinQ,sonics_real,flac,train_partition_or_unrecoverable
724f40365cc22a2f,TF2SUpMHSPI,sonics_real,flac,train_partition_or_unrecoverable
2839b84587d3d975,lPWY34MXaKM,sonics_real,flac,train_partition_or_unrecoverable
c194c242ea76b9e0,0Hpo0Ug58Uk,sonics_real,flac,train_partition_or_unrecoverable
11c2d596b3148db7,kc6pjZMeOSw,sonics_real,flac,train_partition_or_unrecoverable
af0362d39ab7bbb9,5bI22jAW3Xc,sonics_real,flac,train_partition_or_unrecoverable
883ba6d910f07be2,Mspth_ex-pU,sonics_real,flac,train_partition_or_unrecoverable
3a8e2f76e67ed222,CjXBMH3ERaQ,sonics_real,flac,train_partition_or_unrecoverable
7ff8b5ca724e4ed0,Lhfl8B921qM,sonics_real,flac,train_partition_or_unrecoverable
2d58d7c94e153d45,CpZKB2bAkKM,sonics_real,flac,train_partition_or_unrecoverable
7e56840759cabf6e,z3ju_IFmsCc,sonics_real,flac,train_partition_or_unrecoverable
12858b23142c6209,PM2p3SoRmpA,sonics_real,flac,train_partition_or_unrecoverable
91e25c1bb438f36c,RRINHJA-xDM,sonics_real,flac,train_partition_or_unrecoverable
d11def19b1728f47,Ksod3pV1PmM,sonics_real,flac,train_partition_or_unrecoverable
425d3c7a0c889302,FyHfn9px0Ak,sonics_real,flac,train_partition_or_unrecoverable
9f8b3a634e8dd8f6,fxzLsgQhvMo,sonics_real,flac,train_partition_or_unrecoverable
851f5d37f590fd0c,GUU0qoMp8BQ,sonics_real,flac,train_partition_or_unrecoverable
c0f536c9a9a94f0a,T37QFDQak9M,sonics_real,flac,train_partition_or_unrecoverable
987c17ac589fb747,oDBRr2MUJU0,sonics_real,flac,train_partition_or_unrecoverable
0c3c9673ef23d193,g_YvxrBhqEs,sonics_real,flac,train_partition_or_unrecoverable
ec00d2070ed45fa8,6F76JslnhBo,sonics_real,flac,train_partition_or_unrecoverable
241b805b3029c9bf,7wtBtXTGJQk,sonics_real,flac,train_partition_or_unrecoverable
909e6797c7dda523,yjPptRC1dNY,sonics_real,flac,train_partition_or_unrecoverable
0c242eec9f365dfd,dnxCxHLAqn8,sonics_real,flac,train_partition_or_unrecoverable
e4cc4db3caeaf630,UzuP51OLhM8,sonics_real,flac,train_partition_or_unrecoverable
0c86e0d823d46e64,MBnQTihyavY,sonics_real,flac,train_partition_or_unrecoverable
350a6e3547241472,vOa5_lz_xQQ,sonics_real,flac,train_partition_or_unrecoverable
9119e3ee7c0bd985,VjmlUlVxxVs,sonics_real,flac,train_partition_or_unrecoverable
dd6fdb8b1a8d95a5,LQ6FENd4gG4,sonics_real,flac,train_partition_or_unrecoverable
a5ab5687810d639b,F6HPF7c-_LE,sonics_real,flac,train_partition_or_unrecoverable
727ef3937d31bed2,Abrw8SVHiRY,sonics_real,flac,train_partition_or_unrecoverable
303ba189762cc259,-1eoGz0v1oA,sonics_real,flac,train_partition_or_unrecoverable
20cb41779f43f4d6,-2wfIlIadjQ,sonics_real,flac,train_partition_or_unrecoverable
e87eb0b7cfbd47e7,QZI6OQHMXPQ,sonics_real,flac,train_partition_or_unrecoverable
6e75796fafe0a9fe,Nyau9yrnobY,sonics_real,flac,train_partition_or_unrecoverable
1124417925cd8e05,TnRZhLRv6eM,sonics_real,flac,train_partition_or_unrecoverable
8c67680d525820b0,cXSHxWJnjHI,sonics_real,flac,train_partition_or_unrecoverable
ffc991a4349cea29,0fgr9Ct1BT0,sonics_real,flac,train_partition_or_unrecoverable
7958f7f0dc069f4f,e5sAW534lNA,sonics_real,flac,train_partition_or_unrecoverable
c09aefb4ab669605,w7t_vzzD9aI,sonics_real,flac,train_partition_or_unrecoverable
ed59f6579e657365,_IvLX0mhyXc,sonics_real,flac,train_partition_or_unrecoverable
34c8c95965362072,4DtjeOq2PQU,sonics_real,flac,train_partition_or_unrecoverable
e5f9be191a431b5a,Kpnyaaa0-ds,sonics_real,flac,train_partition_or_unrecoverable
9d6b2710cc325dda,6QaFK_GvO_s,sonics_real,flac,train_partition_or_unrecoverable
89bb5ce384c77455,TBlqSJzBiYg,sonics_real,flac,train_partition_or_unrecoverable
0fa4ceb585037e40,NaIqgQqOUiA,sonics_real,flac,train_partition_or_unrecoverable
35e8248bd88ec792,Pu0dIzL9e5o,sonics_real,flac,train_partition_or_unrecoverable
1188091df772c225,niitmBUZ0FI,sonics_real,flac,train_partition_or_unrecoverable
afdd2782f549e359,YE6l-_g814I,sonics_real,flac,train_partition_or_unrecoverable
d0e7cafa0fc88b8e,PKgf5QQDNLE,sonics_real,flac,train_partition_or_unrecoverable
37aa66f95a5d1317,N63W1dM8gmU,sonics_real,flac,train_partition_or_unrecoverable
8007ad426ad16d40,KJH82SPhiZM,sonics_real,flac,train_partition_or_unrecoverable
5a91da02e8ea8844,iaEmQJG2HHU,sonics_real,flac,train_partition_or_unrecoverable
a335311eac02597d,yQXA4UNHZ0Y,sonics_real,flac,train_partition_or_unrecoverable
0a1fdaf32aa43a47,ngPBQvVuxlw,sonics_real,flac,train_partition_or_unrecoverable
41ae33657fa2cd34,g1Gw3EYHEzY,sonics_real,flac,train_partition_or_unrecoverable
73c32e90b89c9244,yxMgHxJQMwQ,sonics_real,flac,train_partition_or_unrecoverable
b3746e373f497e4f,WQ0gg7V8Bb0,sonics_real,flac,train_partition_or_unrecoverable
278e30ea9d55fea3,laI2me08ypI,sonics_real,flac,train_partition_or_unrecoverable
d695d58ff5ecb98e,ScC_pi3PJ9k,sonics_real,flac,train_partition_or_unrecoverable
5e073136df80cb46,JGhLvoN9VPA,sonics_real,flac,train_partition_or_unrecoverable
117a9ccca1aafbe1,8Bc7RF1JDpE,sonics_real,flac,train_partition_or_unrecoverable
72235f894149e8de,87LA7Jtctqo,sonics_real,flac,train_partition_or_unrecoverable
5152f69937905d78,alomQdFWaCw,sonics_real,flac,train_partition_or_unrecoverable
212ac08348c04aee,olSnMJS_ojs,sonics_real,flac,train_partition_or_unrecoverable
c5d1068363f42d6d,1BdTRe8bEYQ,sonics_real,flac,train_partition_or_unrecoverable
45c82ed39199b7d9,NPn8OoOWPEs,sonics_real,flac,train_partition_or_unrecoverable
c221eb1cdca06b21,_Q4EXALir3c,sonics_real,flac,train_partition_or_unrecoverable
12695698066948ad,qniEbNzBT20,sonics_real,flac,train_partition_or_unrecoverable
c376f4fff2fabc02,mJ8AaxJswgM,sonics_real,flac,train_partition_or_unrecoverable
8ad0addfe0e5c553,jjyONEHEOgc,sonics_real,flac,train_partition_or_unrecoverable
1408c59dea4ad647,mTVerAmEZPA,sonics_real,flac,train_partition_or_unrecoverable
63ce7fe7b5ce5dbd,8DMV0mcvsKc,sonics_real,flac,train_partition_or_unrecoverable
ebd0605328382a41,v_ckNqK4kYc,sonics_real,flac,train_partition_or_unrecoverable
6570515a48840718,6xWi69pxjhY,sonics_real,flac,train_partition_or_unrecoverable
1cf124f77e76d9b8,2QDEF6s4iOw,sonics_real,flac,train_partition_or_unrecoverable
6190552b8180fa37,iDo4tqzmVoA,sonics_real,flac,train_partition_or_unrecoverable
9ae345ca55056e2a,ayOu4WdLxuI,sonics_real,flac,train_partition_or_unrecoverable
838ba6e843a028bc,Qh8jiV2v7CE,sonics_real,flac,train_partition_or_unrecoverable
3ba9d10f15481f97,6UPhbh23Lwk,sonics_real,flac,train_partition_or_unrecoverable
e4b055666c3ffaf2,kCjh69Kb_cU,sonics_real,flac,train_partition_or_unrecoverable
36fcdb038a7acae4,NZmJoo5-MQo,sonics_real,flac,train_partition_or_unrecoverable
fb7b5c0fb3867b59,5C5JFDEGj8A,mom_real,mp3,test_ok
615f0f29e190e262,20pAJPNaAyw,mom_real,mp3,test_ok
317ec25d6556417e,Z_VVJNCQmho,mom_real,mp3,test_ok
2100490987428651,57F_JVBkyks,mom_real,mp3,test_ok
25e885db7079e6bc,nny_XP0w5zk,mom_real,mp3,test_ok
29ee475ebd112d1c,Tnz0hp8JyP8,mom_real,mp3,test_ok
0f6eb61789948ca5,MdBu21i9aEE,mom_real,mp3,test_ok
9c80920482dc1c19,L90G1rGG7KI,mom_real,mp3,test_ok
e928196741d603ca,JslMRtZM2IM,mom_real,mp3,test_ok
865dec0d22627367,XdedNLRFlr8,mom_real,mp3,test_ok
5c22aad72d1b2491,d1mefiqjW2c,mom_real,mp3,purged_train_overlap
455f36d286c68763,_g08VVrJdtc,mom_real,mp3,test_ok
66bb0ae1a64d5340,DJnGYTY5qJs,mom_real,mp3,test_ok
48b6185a93e96aab,SYls3ObT75Q,mom_real,mp3,test_ok
097c44b589dd60b0,YvbOWR-Zvdg,mom_real,mp3,test_ok
285282dd2b8b21cc,2tyFQY0YbAA,mom_real,mp3,test_ok
82e722de5eb968b1,Wm2yjOGh8Jk,mom_real,mp3,test_ok
c098695d8cdcffef,7rrG-uONREE,mom_real,mp3,test_ok
d2dc1ba6b9ae4f15,M_5ysvE_GiE,mom_real,mp3,test_ok
931d382441e6c688,DRQHp7NvdRI,mom_real,mp3,test_ok
c9eb2d86d7960df2,AjicUeO-Pwk,mom_real,mp3,test_ok
a552e96fd848365e,-QUXSukXQpo,mom_real,mp3,purged_train_overlap
90cd266258079c60,50nOc-9qdpw,mom_real,mp3,test_ok
afe6ad2cfe46657f,V-PxJFoohtc,mom_real,mp3,test_ok
51ea2ce1ba6b01a2,fTv7-GpMirE,mom_real,mp3,test_ok
9c95a3e692f97ffa,2TiDTE1UyM0,mom_real,mp3,test_ok
9ffb82001fecbb33,4tFRf8vtkRk,mom_real,mp3,test_ok
b5b2145bf16ae209,hccFyNg4-Xs,mom_real,mp3,test_ok
68b138b52480f91a,oPa6e3309gU,mom_real,mp3,test_ok
914016557a3854bd,oNAh-0SN5Ws,mom_real,mp3,test_ok
96a44cc9ead92ec2,-JXiX-yfkzQ,mom_real,mp3,purged_train_overlap
efe0fbea0410fdd5,433S3tuuB94,mom_real,mp3,test_ok
0b044da13e62e42b,XXF_QqhfvLY,mom_real,mp3,test_ok
f044fb04c074e346,Yk8jV7r6VMk,mom_real,mp3,test_ok
e505ffa26950de58,GJ0XNDaFXg8,mom_real,mp3,test_ok
0c2f41ceefacf200,dQmGtGlwF3g,mom_real,mp3,test_ok
c727082216de3a52,mZ1O4hkI86U,mom_real,mp3,test_ok
f923149f6fdd4c5c,peLvrqBzVLA,mom_real,mp3,test_ok
5c251a2f6ec5086a,GpmqNqscLbE,mom_real,mp3,test_ok
1fd6118ca7887f5e,M5hc-LUd5Lw,mom_real,mp3,test_ok
4285844d07e9a62b,8HfmxpbVSuk,mom_real,mp3,test_ok
ef3da7930f693c5c,9vmuXEmeK0w,mom_real,mp3,test_ok
f25d6512b9ef8a24,eR3ryehuiwg,mom_real,mp3,test_ok
8b241434fe157c11,GhsO1l8AsEQ,mom_real,mp3,test_ok
5cb879c73b51dc59,SLbOucSlX7M,mom_real,mp3,test_ok
05997e7275fa789a,KDlsH8MbDbs,mom_real,mp3,test_ok
cffdfc76348357b6,1WU70jQuZiE,mom_real,mp3,test_ok
6172b6cf8351fa0e,FjFzSfN6W6w,mom_real,mp3,test_ok
588f07f473793521,08D83ck8HYY,mom_real,mp3,purged_train_overlap
2a88695f4f2c3f85,fHeQemJJQII,mom_real,mp3,purged_train_overlap
64df8a8c5971fb67,TO-_3tck2tg,mom_real,mp3,test_ok
2d2b845668262af1,G8EYHgA_qsk,mom_real,mp3,purged_train_overlap
ed9ae7624dbfdf87,HbrYzRzkUvw,mom_real,mp3,test_ok
23521255b3fb06f5,e3yZ9OVjzbE,mom_real,mp3,test_ok
64cce8c1839e3d41,VddKd73aNCI,mom_real,mp3,test_ok
643e95e1ca992087,2JPU-UmJbo0,mom_real,mp3,test_ok
115caac649672311,IAoFcJvEikY,mom_real,mp3,test_ok
f0d13622494c362f,LIWAC0Dw6JE,mom_real,mp3,test_ok
9ea6fc20a127da1f,jID98U3D-PU,mom_real,mp3,test_ok
7f90f9a5240e56bc,nH96Y6MqD90,mom_real,mp3,test_ok
a3b67fc18d86605a,TeIZa-Vjsp0,mom_real,mp3,test_ok
4298bb9717a5e583,nvVcN9TjXNE,mom_real,mp3,test_ok
08b155977e20ebaa,qGpfGA36vi4,mom_real,mp3,test_ok
1e6a885bbd129935,Vzu0p_sErkk,mom_real,mp3,test_ok
1e8606518f33a42b,qTuNAORHPPQ,mom_real,mp3,test_ok
f255810bdfa91762,11q4lw9oCc4,mom_real,mp3,purged_train_overlap
d57acfd5dc4f4ae2,YUFs_1vKYlY,mom_real,mp3,test_ok
a0b0482925f97307,GoLJJRIWCLU,mom_real,mp3,test_ok
80397ccd9df50fc6,mH7XhHEb-ck,mom_real,mp3,test_ok
1fb36e41fd0b7591,ZjF-9D8GF_c,mom_real,mp3,test_ok
6ebf23240077d18a,RXUkmXE4SBI,mom_real,mp3,test_ok
cc7e57946f1e4019,pk3ucygWLF0,mom_real,mp3,test_ok
f7884d366da1bd08,XLVclRhboSQ,mom_real,mp3,test_ok
fbc0eefec285cc7d,fYnJZh5ZHIA,mom_real,mp3,test_ok
d0a9e5045b7b12ac,qFZ_mDAZotA,mom_real,mp3,test_ok
e53e28c59c3d0618,2XiOqQNpY54,mom_real,mp3,test_ok
04b05e72ba95c7d6,YXUq5f8f5fc,mom_real,mp3,test_ok
59029f9f5df4cf60,pZR3-H8xq5w,mom_real,mp3,test_ok
0f61512b2fc73795,eo60cLKZk9s,mom_real,mp3,test_ok
601bf0c3c31e8d22,Rfj2SUnhYCk,mom_real,mp3,test_ok
310774cc3ee1cb2f,9CpP2W0T-nM,mom_real,mp3,test_ok
c989c1efa53232d7,JgpmFp2DViA,mom_real,mp3,test_ok
f82095c13c5404fc,AkkmFXfA3Xg,mom_real,mp3,test_ok
fac2c90e16bc4ba8,n0JEG_wf0pQ,mom_real,mp3,test_ok
22ae598001a5ea03,FxgENaGPh3Q,mom_real,mp3,test_ok
b3de7565ef8f90c0,Q3cFtBx4jRE,mom_real,mp3,test_ok
347a72afd979b5e7,ZVxohQ3hyUY,mom_real,mp3,test_ok
8cecb84ddede7eb6,5a8442i-X6A,mom_real,mp3,test_ok
9e187c43b7d8065d,1ASuwA-cACA,mom_real,mp3,purged_train_overlap
bd2913f2e3dbe03c,e8OVAi7fPxI,mom_real,mp3,test_ok
8e233bc4b1c2a4e0,nmLs-trfdhI,mom_real,mp3,test_ok
18e35005589dd64e,58nV83dsTLQ,mom_real,mp3,test_ok
613cafe891b9f501,IWrjShrhoc0,mom_real,mp3,test_ok
de620e6c9b6a9133,RpVgr3fTp58,mom_real,mp3,test_ok
16d19b03c773a668,W3_c4-4OMbM,mom_real,mp3,purged_train_overlap
d3784e5afba5b044,oS1NfjLkdSM,mom_real,mp3,test_ok
72f2325017597ba3,lMTx2doTuZw,mom_real,mp3,test_ok
ab5f164dad0c97c3,klVADgNcIQE,mom_real,mp3,test_ok
032ef77e2dc9c4ed,KvCYTZHbotg,mom_real,mp3,test_ok
d4e9a8ba56571f2c,mmOSv-PG0ow,mom_real,mp3,test_ok
0374d0c123919aec,Uj4JXpR1YPA,mom_real,mp3,test_ok
675f5be455759a39,RrI-3vt5VnE,mom_real,mp3,test_ok
c99156ac94d691c8,8BP3PTWSQp8,mom_real,mp3,test_ok
b6dc214288483faf,gVOzOLVw5Rg,mom_real,mp3,test_ok
6b6583477d6156e9,VFIkRrbPNeY,mom_real,mp3,test_ok
1ffb179e492c317f,-aCkP87toqg,mom_real,mp3,purged_train_overlap
16cb01af3a3ca657,FM8pLiOZ8qM,mom_real,mp3,test_ok
6400f8cfe89043fa,8JBNFoRv2UY,mom_real,mp3,test_ok
d6660a1e4afd3215,ecL6XCuO3Fw,mom_real,mp3,purged_train_overlap
e8c50f933418377c,Ks3DvusUsH8,mom_real,mp3,test_ok
9a17a93c0873be97,74LXx0wSqMI,mom_real,mp3,test_ok
e61bea8ebec5f821,k4V3Mo61fJM,mom_real,mp3,test_ok
388073237b7c4cf6,SBnDUq41lCg,mom_real,mp3,test_ok
18656486981cb6b3,Sjyv-d23_x8,mom_real,mp3,test_ok
cef0dd76a0438bbf,gTZf3F9wIXk,mom_real,mp3,test_ok
cf3717e6c5d3118f,mvJjmWTg7Qo,mom_real,mp3,test_ok
c00a0fa8523a4709,V7g8zhk5KZM,mom_real,mp3,test_ok
fb10b3bfab2316f9,_HTGor9YVLw,mom_real,mp3,test_ok
fd9365c9921f62b8,2QRM82nzWwc,mom_real,mp3,test_ok
57e594fddd93d4c3,d2lZlVmvtb0,mom_real,mp3,test_ok
94fa19b3a5dd76e5,RlwREmok31o,mom_real,mp3,test_ok
7bfd126760c150b1,Q_WvMyEWMIs,mom_real,mp3,test_ok
b286e2b04779f08c,nqfVoTMEosw,mom_real,mp3,test_ok
c001d790191ef31f,-kujDa4D4EQ,mom_real,mp3,purged_train_overlap
d79c34f7ec4e8abb,OB1aoelO_Ow,mom_real,mp3,test_ok
a3fd23bce7cfd2c3,FWW9YYTz5T8,mom_real,mp3,test_ok
3ec1ba5426ca64b9,UkwNK5CyYWg,mom_real,mp3,test_ok
8c5aa57336346cb1,RC_5d05OsJw,mom_real,mp3,test_ok
7a4fd9fdca220b1a,4nX90M71Yc0,mom_real,mp3,test_ok
82392ba3bb35b415,4U2nkgkUl20,mom_real,mp3,test_ok
9e275487949d8193,ddqE6_C1ElA,mom_real,mp3,test_ok
ba191e1d2c345cc1,ENYbgth44J8,mom_real,mp3,test_ok
844eb660b3c94a39,fVu2oSW3BjQ,mom_real,mp3,test_ok
d50457baf571c447,pwUW_O99HGQ,mom_real,mp3,test_ok
1a86e56fc75d1766,2Raf3NWSXsk,mom_real,mp3,test_ok
e699dbb2c1027038,WQg1KLKufqs,mom_real,mp3,test_ok
abe35751620cb812,OLr33BKumVE,mom_real,mp3,test_ok
f6819ff83150a5d8,5J0-75sOe7k,mom_real,mp3,test_ok
63cb9105b0732e91,E7DKXadPcf4,mom_real,mp3,test_ok
db3714c24d93a21a,qt8IUt-43Pg,mom_real,mp3,test_ok
fe671877ba20b7b9,gS4domW0_yQ,mom_real,mp3,test_ok
ae12f631b5bcdbc9,Ig3GLiPo9ks,mom_real,mp3,test_ok
86a122a818fee97c,CuH3A___UeU,mom_real,mp3,test_ok
a264e9edd950677f,QkGEfeha-q4,mom_real,mp3,test_ok
09ab7ddc52aeaaa7,Ardc3nrQMxw,mom_real,mp3,test_ok
abf6790dbdb7a563,K-JO39Hexfc,mom_real,mp3,test_ok
de25c8616aa50873,QVleIGiwnsE,mom_real,mp3,test_ok
c44551d8b4f7d305,3JaOVs9amMk,mom_real,mp3,test_ok
383f3bab24705d4d,4xym_XCfcnI,mom_real,mp3,test_ok
177194fb76a1a93f,AXviWiigEBE,mom_real,mp3,test_ok
f3d9d916e7bc40f8,fOhZx4U4A3s,mom_real,mp3,test_ok
6601fb32b6ea6bc8,UiBEFnGruoE,mom_real,mp3,test_ok
e425f7b1b30def21,pWWX0aUW_HY,mom_real,mp3,test_ok
417d9fef02a987f0,p5UXfcwZvsY,mom_real,mp3,test_ok
76f58ec8997b40f8,fhadDGg9HIU,mom_real,mp3,test_ok
23abdcd7fee3eb8a,YItyd2g1spk,mom_real,mp3,test_ok
bc6020f2564beebf,Ai8vHWxLnrw,mom_real,mp3,test_ok
e43594d20dde183f,VyromsMZw34,mom_real,mp3,test_ok
8378f49a3fb22455,cBwoVz8vcSk,mom_real,mp3,test_ok
8734bd9269dc3abe,ET29YYRqWDQ,mom_real,mp3,test_ok
69a2f0939ad595d7,ZmD6BKcg0Oc,mom_real,mp3,purged_train_overlap
a5856d03c523da90,QG67P9CtBdg,mom_real,mp3,test_ok
13945519531c1ff4,RvndGTU8C4U,mom_real,mp3,test_ok
d5b4ebd84715b3e4,5vheNbQlsyU,mom_real,mp3,test_ok
86c1a2babb6202d0,K82yszNIFyM,mom_real,mp3,test_ok
4039756c7dc86a05,es_rHRSHmDU,mom_real,mp3,test_ok
340f2ed267365411,KInGegPlt_8,mom_real,mp3,test_ok
0cc6f39c227c8e63,C4JGuZL4oKc,mom_real,mp3,test_ok
fa272555ab32e64f,TWgnSD27P5E,mom_real,mp3,test_ok
46d64d8b0371e061,SPD1vhQFcGY,mom_real,mp3,test_ok
a2892e9382320ddb,-nn-KGohD8g,mom_real,mp3,purged_train_overlap
f3338dca3ec9e01e,OIahc83Kvp4,mom_real,mp3,test_ok
10f2c2e7ea6c2660,26m0ny0Vy7I,mom_real,mp3,test_ok
7b17f1f66ac61528,0TUsv-99XE0,mom_real,mp3,test_ok
d02442a97b9a868b,cWE0sSZ9yLc,mom_real,mp3,test_ok
831831e040163fca,U0CSQNQT1S0,mom_real,mp3,test_ok
7dc82f4a72402f26,30CDHuiRCrc,mom_real,mp3,test_ok
4068b6a993168f88,o15iVZxXfJU,mom_real,mp3,test_ok
be9db5e6794d432f,hAHD6WQSBWo,mom_real,mp3,test_ok
d6a9b8d538c39c63,2SEg8gD8yn8,mom_real,mp3,test_ok
09a388b857506ca6,MELfk2hW8ig,mom_real,mp3,test_ok
2458133e23f1c7f2,MFyQK1IZJ1E,mom_real,mp3,test_ok
c147b329a57f3c3f,ZgbmDMNu42s,mom_real,mp3,test_ok
af14a467463a1952,cWkbUMQ4-88,mom_real,mp3,test_ok
814d8cc8089adecd,8N_Yro5QeCE,mom_real,mp3,test_ok
682f4b28e14e2efb,kDGey3jh2X0,mom_real,mp3,test_ok
d8ba408b70ff52b0,eCRYzmcH0N4,mom_real,mp3,test_ok
29a662b4c257e8ca,X7wnjDlzBE8,mom_real,mp3,test_ok
1520541cabcfc0d6,V9xjQqGdpT8,mom_real,mp3,test_ok
c3fd24f305a11458,XO0KY6Fry5M,mom_real,mp3,test_ok
b08b63e92e245f3e,izkqPdVAdL4,mom_real,mp3,test_ok
3ad0f66711a7845a,FPBe7B862xE,mom_real,mp3,test_ok
f75739f36740c6d8,QJxMcQXVCl0,mom_real,mp3,test_ok
b4288aa156a05133,WQ3hzgtN6Qc,mom_real,mp3,test_ok
92d92d30710a0f9c,4IJI6soiQhI,mom_real,mp3,test_ok
cfa76612b1a96696,nuOcm5GxX5w,mom_real,mp3,test_ok
ae8fa0e6afedc1ab,K3jK_k2zmVI,mom_real,mp3,test_ok
bb6065228635b45f,nbcXvlEa7Wk,mom_real,mp3,test_ok
945669d23601a32b,7A7er9r10_s,mom_real,mp3,test_ok
58e9399d00eeffff,hvcr-U9eLXU,mom_real,mp3,test_ok
543417649210a5ef,eaJmgMuYNjc,mom_real,mp3,train_partition_or_unrecoverable
acd02a0ad4c11fb8,KFptN9Ufhqg,mom_real,mp3,train_partition_or_unrecoverable
14f075690b8be8f0,-jl-NucYKfE,mom_real,mp3,train_partition_or_unrecoverable
580a40e2c0c30718,nYOXq5uKqXM,mom_real,mp3,train_partition_or_unrecoverable
58c2adbe65851203,otP55gLwnIg,mom_real,mp3,train_partition_or_unrecoverable
ea46c68534bc4644,6XbmzDOX834,mom_real,mp3,train_partition_or_unrecoverable
9894d1c6144e5d1b,LiHUFb0N0Us,mom_real,mp3,train_partition_or_unrecoverable
a3ac6764157390ea,Hi_oWoDJ5AE,mom_real,mp3,train_partition_or_unrecoverable
82be8d4d35936938,Ji3MJksAYGo,mom_real,mp3,train_partition_or_unrecoverable
319b670aa3bbc695,QSYs-ypuTn4,mom_real,mp3,train_partition_or_unrecoverable
dc189f2ee6a3673a,22ydbtuE35g,mom_real,mp3,train_partition_or_unrecoverable
78dad603ca8ba2fd,3c1nuOBSr_Q,mom_real,mp3,train_partition_or_unrecoverable
a6e27d1e7f8d78b8,QuJroujjYDk,mom_real,mp3,train_partition_or_unrecoverable
36ff3fc87225bb3a,lu2I7JIJX_g,mom_real,mp3,train_partition_or_unrecoverable
164b23923c6b754b,XEl3HyXOpsI,mom_real,mp3,train_partition_or_unrecoverable
6fa6e91efc30d4e6,n_I6b-35A_E,mom_real,mp3,train_partition_or_unrecoverable
a364a7fe4814bbb1,9bzMaiczpXU,mom_real,mp3,train_partition_or_unrecoverable
0c4f2b973794cc67,3BDe8FkQ-o4,mom_real,mp3,train_partition_or_unrecoverable
dfff06c7c759257f,25-ztLqo-eI,mom_real,mp3,train_partition_or_unrecoverable
af899b60272131e3,mbsAR34otGQ,mom_real,mp3,train_partition_or_unrecoverable
7c8ad292babe76f1,KpNUoizC55c,mom_real,mp3,train_partition_or_unrecoverable
a3b44e6248ce1e66,if2xaFsddUg,mom_real,mp3,train_partition_or_unrecoverable
7792b26bfc1c21f3,dNHlDyxzJbM,mom_real,mp3,train_partition_or_unrecoverable
2e5e944569e5ed19,R8NNG1xJlZU,mom_real,mp3,train_partition_or_unrecoverable
623a321da30d9e2b,neG5xgZbHOg,mom_real,mp3,train_partition_or_unrecoverable
c76b8ceaf60a64d1,5Zs_5VghD6U,mom_real,mp3,train_partition_or_unrecoverable
78910ebca137981b,lWol154Kt8c,mom_real,mp3,train_partition_or_unrecoverable
8ca5198d0a58fc45,acx59G3xmSo,mom_real,mp3,train_partition_or_unrecoverable
f1a0ab51d0cd6a7a,MMObhMVQzX0,mom_real,mp3,train_partition_or_unrecoverable
c682b3758d3639c0,D2h4pqXW3lE,mom_real,mp3,train_partition_or_unrecoverable
9e5486dae1f4b13f,6aRbg4kMs9I,mom_real,mp3,train_partition_or_unrecoverable
9e5f5b7c9405e59c,fcS7BOGkED0,mom_real,mp3,train_partition_or_unrecoverable
df739ff3d3ca894c,cglh4CmoCa4,mom_real,mp3,train_partition_or_unrecoverable
89ec749c3f1ccc82,ZAl2BPPb-Ac,mom_real,mp3,train_partition_or_unrecoverable
620d47e546e415d7,b0npI5mZ-KQ,mom_real,mp3,train_partition_or_unrecoverable
28f1610d29d84757,PxAn95b4JaE,mom_real,mp3,train_partition_or_unrecoverable
27787fc85ac78a7c,5VddYVY5FU8,mom_real,mp3,train_partition_or_unrecoverable
2d38e34a40458040,qqG14UYvJO4,mom_real,mp3,train_partition_or_unrecoverable
3dc21deb64f6cb85,0MGOG0mAVB0,mom_real,mp3,train_partition_or_unrecoverable
06c1618d373a234a,2ArN3HfSebw,mom_real,mp3,train_partition_or_unrecoverable
59cba4bc7a5faa6d,LEJZ1gfzTU0,mom_real,mp3,train_partition_or_unrecoverable
05c0d8f668ec247b,JIAEPxLllZc,mom_real,mp3,train_partition_or_unrecoverable
e4105d9f075a06c5,P9v_yA85a1M,mom_real,mp3,train_partition_or_unrecoverable
b8cb0bf4f5d6d0e6,iHbId8uu-Q4,mom_real,mp3,train_partition_or_unrecoverable
53c7a27e4334407e,1ehJ2h4gbTs,mom_real,mp3,train_partition_or_unrecoverable
b603b27391d1b3a8,iySvjyUH8G4,mom_real,mp3,train_partition_or_unrecoverable
6096e4ec34216b9f,5debHn6fqo4,mom_real,mp3,train_partition_or_unrecoverable
c8913a2ccff51e2b,Uq8sAQMVQJg,mom_real,mp3,train_partition_or_unrecoverable
b37d25a0374b2199,YlsLZmBUKoU,mom_real,mp3,train_partition_or_unrecoverable
07f9aae2c683745e,8uGVZoqJjn4,mom_real,mp3,train_partition_or_unrecoverable
379bfe731f978578,9wdCNIJC8q8,mom_real,mp3,train_partition_or_unrecoverable
01bc0fef42a40e8f,P70z021BGIg,mom_real,mp3,train_partition_or_unrecoverable
3bcc5d0dcaac011f,d726GgRezfg,mom_real,mp3,train_partition_or_unrecoverable
fde027624fa4114e,OSoVN_f8ESM,mom_real,mp3,train_partition_or_unrecoverable
bcf83c2c0930ca33,M86Div0in7k,mom_real,mp3,train_partition_or_unrecoverable
7d947d4d3d60ee1c,kLxIyVfVAt8,mom_real,mp3,train_partition_or_unrecoverable
822f897f24f3b3e9,L4f-s0PXVYs,mom_real,mp3,train_partition_or_unrecoverable
4b9e03c7f65335a8,YLRlOvzs-XU,mom_real,mp3,train_partition_or_unrecoverable
d447224261776475,okaqXB6Ns5s,mom_real,mp3,train_partition_or_unrecoverable
279977fe62eb8d8e,54DtVXjk2jY,mom_real,mp3,train_partition_or_unrecoverable
818306133cdbcbd8,WXDTgGDkPa0,mom_real,mp3,train_partition_or_unrecoverable
91081964cfc6e595,8oMzcu0b5rY,mom_real,mp3,train_partition_or_unrecoverable
01a40266777b6fb8,Rl1qjoRGr7I,mom_real,mp3,train_partition_or_unrecoverable
ae3993ca28aa7612,nJ3jl794mGs,mom_real,mp3,train_partition_or_unrecoverable
44837055e3ea4b47,-F7A24f6gNc,mom_real,mp3,train_partition_or_unrecoverable
73b44f8e9d43bbd3,3S5g2DlKzlw,mom_real,mp3,train_partition_or_unrecoverable
bb4624810b6f0ad9,GtJFzf5C4hQ,mom_real,mp3,train_partition_or_unrecoverable
cd4d2d082011715c,ARz7Ip4-tDM,mom_real,mp3,train_partition_or_unrecoverable
b2fe29bdfaa2cb3a,RZgIB34W2co,mom_real,mp3,train_partition_or_unrecoverable
273d61c8052052e3,GlQxfixy4rc,mom_real,mp3,train_partition_or_unrecoverable
4239baea35360849,eAz2nKEyViw,mom_real,mp3,train_partition_or_unrecoverable
c85bbb310c32e7b7,c6tPBBBJWSY,mom_real,mp3,train_partition_or_unrecoverable
d87d5d2cfe5f99af,jJULfw3xVas,mom_real,mp3,train_partition_or_unrecoverable
11c0ec6f1a60bee6,lKIBESEjxLc,mom_real,mp3,train_partition_or_unrecoverable
1b9ba2acbe5905d4,lRMoE02hp_s,mom_real,mp3,train_partition_or_unrecoverable
63e3201ef9c917d2,QRJ-7vcsa2U,mom_real,mp3,train_partition_or_unrecoverable
8352546fc93c7237,PQHPYelqr0E,mom_real,mp3,train_partition_or_unrecoverable
14ee06a43dd02b9a,MRPDsiijMyI,mom_real,mp3,train_partition_or_unrecoverable
52630e8fd8019f63,ZNhJjZzN0nQ,mom_real,mp3,train_partition_or_unrecoverable
0e2861cf63f1e966,GmtVGR1qTC0,mom_real,mp3,train_partition_or_unrecoverable
b4f33a83081f02a5,ei9pB1i0FT0,mom_real,mp3,train_partition_or_unrecoverable
a64f2dbba2b91d6a,GkilISxuR-U,mom_real,mp3,train_partition_or_unrecoverable
5ba54f23f6e932db,cZ43QGl1QLk,mom_real,mp3,train_partition_or_unrecoverable
f915624320eb03b7,RgY76iVEd8E,mom_real,mp3,train_partition_or_unrecoverable
0f01d3db35b8d63d,j3kibvYLmR4,mom_real,mp3,train_partition_or_unrecoverable
16421ccf21e6c6e7,q3Y_qh5sRHM,mom_real,mp3,train_partition_or_unrecoverable
3574c0be281ac8b2,RE2K_VCPDqQ,mom_real,mp3,train_partition_or_unrecoverable
bc046462e296c5f4,LCmlSyF7N24,mom_real,mp3,train_partition_or_unrecoverable
e2c95d5a04f30d6d,_KS57MJZUN8,mom_real,mp3,train_partition_or_unrecoverable
32c4a39bb4fb2e80,L-PCQ0MwKLQ,mom_real,mp3,train_partition_or_unrecoverable
ce9d0dd95247a482,l_9USuFmfl4,mom_real,mp3,train_partition_or_unrecoverable
a2fb94960d776150,AhC2c6N-cFM,mom_real,mp3,train_partition_or_unrecoverable
430ecc2fcc884e68,KAIjv9UFfnI,mom_real,mp3,train_partition_or_unrecoverable
48ba08eba52ab099,PzTFuSyC1gI,mom_real,mp3,train_partition_or_unrecoverable
cdf9170560f89179,3DSgOdePle8,mom_real,mp3,train_partition_or_unrecoverable
e226314381a3a385,XGKIdeKZVBE,mom_real,mp3,train_partition_or_unrecoverable
8fce5a00a07357f8,BCs6DDvodbI,mom_real,mp3,train_partition_or_unrecoverable
71721e0323773ebc,g2YhjkHHBD0,mom_real,mp3,train_partition_or_unrecoverable
10ceeac236d8325a,XPqg74xDU_4,mom_real,mp3,train_partition_or_unrecoverable
0557fdcbbae86bed,2d3lA5nraOU,mom_real,mp3,train_partition_or_unrecoverable
e7b986ebd3a9ecad,e9k9klF-8eE,mom_real,mp3,train_partition_or_unrecoverable
8e8b5f6c17a2153b,ngUUOg8ii7M,mom_real,mp3,train_partition_or_unrecoverable
7e6bfda950c55ac9,hyjbcPK6bH0,mom_real,mp3,train_partition_or_unrecoverable
86cae3300b8a2afb,PeQAZsyucbQ,mom_real,mp3,train_partition_or_unrecoverable
c920d6d6a1c9ba76,kITVkwVp8Mc,mom_real,mp3,train_partition_or_unrecoverable
f97f3b9325a440bf,FzI6yTq6HgM,mom_real,mp3,train_partition_or_unrecoverable
06812104d14c0dda,GbZYtHHrmG4,mom_real,mp3,train_partition_or_unrecoverable
b89492bab29b36f2,jU5U7w-pZs0,mom_real,mp3,train_partition_or_unrecoverable
34aa630ddd6cbf47,ZnOVOW_9GVI,mom_real,mp3,train_partition_or_unrecoverable
ed248e9b406ffe8c,38_WVr5H2FA,mom_real,mp3,train_partition_or_unrecoverable
95da0e9b5c1ba094,12qwkIeEs3U,mom_real,mp3,train_partition_or_unrecoverable
fbd0278d0a6a09a9,OWKzRngush4,mom_real,mp3,train_partition_or_unrecoverable
db6f5a738e0d078a,HhervS5tXuA,mom_real,mp3,train_partition_or_unrecoverable
c3ee7b17fa8bcc83,jGw_sG6hzJ4,mom_real,mp3,train_partition_or_unrecoverable
0b5077a8ef8aa56c,aYNzk-_SBdw,mom_real,mp3,train_partition_or_unrecoverable
461993872669a636,bgCdd0Db_fM,mom_real,mp3,train_partition_or_unrecoverable
26880a69139e6d74,nht8DogAVEk,mom_real,mp3,train_partition_or_unrecoverable
c09f0de11b08ca59,ZTSy8Kk8TJY,mom_real,mp3,train_partition_or_unrecoverable
ca2a4d8e4e66a517,2L8F38LrAag,mom_real,mp3,train_partition_or_unrecoverable
2745185de1982bfe,6SU93XSWxqM,mom_real,mp3,train_partition_or_unrecoverable
3d948233a6dd0849,CqFNxeMEYms,mom_real,mp3,train_partition_or_unrecoverable
54063d7568c17ff9,iAjl456J0mA,mom_real,mp3,train_partition_or_unrecoverable
c77422a1cc978ffa,4W2wnKFImSM,mom_real,mp3,train_partition_or_unrecoverable
f1238bb762668579,IiEjkh1pzfY,mom_real,mp3,train_partition_or_unrecoverable
45aae3adb9439ecb,C2fKl4LdLJ8,mom_real,mp3,train_partition_or_unrecoverable
22749b94055a1bc4,Wnc4ybM3-ac,mom_real,mp3,train_partition_or_unrecoverable
06d4cd0d25016651,VYR1X45VwIw,mom_real,mp3,train_partition_or_unrecoverable
245935da12631828,0ikK15tx1Vk,mom_real,mp3,train_partition_or_unrecoverable
c07c1a71d3fca2f1,_j-ln-gTu0U,mom_real,mp3,train_partition_or_unrecoverable
3babf4e3c00a86d7,kRuRLhD8q5A,mom_real,mp3,train_partition_or_unrecoverable
a1a8811709c2825e,5ExQQxaiwbU,mom_real,mp3,train_partition_or_unrecoverable
df5c410796f10d90,53Ywdl1kEXM,mom_real,mp3,train_partition_or_unrecoverable
c8699e42f9adb4cd,3ealNayCkaU,mom_real,mp3,train_partition_or_unrecoverable
1c09a66bb8debd1c,8fhd_iPKjnY,mom_real,mp3,train_partition_or_unrecoverable
5f36f03e2d49b97e,XUoGOEOO_2Y,mom_real,mp3,train_partition_or_unrecoverable
7ca803c07c1bca25,UY4VPlV6hyE,mom_real,mp3,train_partition_or_unrecoverable
7872dceb4afee9d3,cXZR-Amfs_k,mom_real,mp3,train_partition_or_unrecoverable
b82edaa5c3890bfa,52Gg9CqhbP8,mom_real,mp3,train_partition_or_unrecoverable
8680d5f6079ba051,5m4-5WSkJDg,mom_real,mp3,train_partition_or_unrecoverable
1baef1358522e64b,LTonBbQJCU4,mom_real,mp3,train_partition_or_unrecoverable
e7385ca8aa2f23cf,TuouqKN7kLo,mom_real,mp3,train_partition_or_unrecoverable
0a195574358dbdc5,qciMkZsCul8,mom_real,mp3,train_partition_or_unrecoverable
fd9aaf2be609f856,CDcYsyx2mCg,mom_real,mp3,train_partition_or_unrecoverable
05d94b5a07cfe30e,4NLEXk2CoVE,mom_real,mp3,train_partition_or_unrecoverable
18635513e142a9ae,9hEBQwMWvFM,mom_real,mp3,train_partition_or_unrecoverable
6fc997534ad5194c,Vp_iKw_q_bw,mom_real,mp3,train_partition_or_unrecoverable
20d6f40bab87f1b2,Z7rvbuCj-zw,mom_real,mp3,train_partition_or_unrecoverable
97b3f2e1412455e6,msKuI6bD5-M,mom_real,mp3,train_partition_or_unrecoverable
2881c7f8c63ea6f0,hjtNPyVwMps,mom_real,mp3,train_partition_or_unrecoverable
59929867fef665af,fSC1xb5o0cM,mom_real,mp3,train_partition_or_unrecoverable
24e6350cb6254b75,eOufk9Pbitc,mom_real,mp3,train_partition_or_unrecoverable
bf3ae9f7af4aef9a,kWw1Pijrsr0,mom_real,mp3,train_partition_or_unrecoverable
78ca991f3751e1bc,Vbu_K41efvY,mom_real,mp3,train_partition_or_unrecoverable
57b528f6863b5b9d,nt8FadgfsG0,mom_real,mp3,train_partition_or_unrecoverable
d5c96a4008d02a52,Y1gHa6VZXqA,mom_real,mp3,train_partition_or_unrecoverable
e5f8bd38416cdb01,lp3EubVcTDw,mom_real,mp3,train_partition_or_unrecoverable
2f49b1420e36a651,JjjvFlW3VFM,mom_real,mp3,train_partition_or_unrecoverable
d995e765e59d4599,_dSev3PksuE,mom_real,mp3,train_partition_or_unrecoverable
3c32c8bdf72b1731,AqUpw47w16I,mom_real,mp3,train_partition_or_unrecoverable
8c5df3eb7e16440d,VedZlnyChkI,mom_real,mp3,train_partition_or_unrecoverable
dbf6b80ef6e70f33,BdF41Ne2cnQ,mom_real,mp3,train_partition_or_unrecoverable
6a0e3d49cbc05517,pfmGlVyBRLc,mom_real,mp3,train_partition_or_unrecoverable
e32f2f43f9e69d94,eDR9QpDUuXY,mom_real,mp3,train_partition_or_unrecoverable
d737ce2eda62ac3c,XCQcD0POFWg,mom_real,mp3,train_partition_or_unrecoverable
1f5c0363ab5f6caf,IPrordWKfPI,mom_real,mp3,train_partition_or_unrecoverable
70c17101fb6ba2a2,_PF9j-J4v88,mom_real,mp3,train_partition_or_unrecoverable
669583b548056560,BpYi4KaXvMo,mom_real,mp3,train_partition_or_unrecoverable
e7baeab2360040f4,6ydpSVvXE9k,mom_real,mp3,train_partition_or_unrecoverable
1b5f83e07addc196,5YKbcWQNtE0,mom_real,mp3,train_partition_or_unrecoverable
422fc1d8ad1c2a00,CHIwAxLIv-o,mom_real,mp3,train_partition_or_unrecoverable
1c42c78814c6705a,6u3HJJ17ygo,mom_real,mp3,train_partition_or_unrecoverable
ad3b26d954da4e1d,1BfmmbH1qcM,mom_real,mp3,train_partition_or_unrecoverable
9677d142ddb8bd24,UseZI9Y34wU,mom_real,mp3,train_partition_or_unrecoverable
1492ce7a9bdfa673,8jqfao9rb00,mom_real,mp3,train_partition_or_unrecoverable
794adf6b56d41c53,32BOmle7Z6w,mom_real,mp3,train_partition_or_unrecoverable
1810bb5142bf36b7,d4yVj0MdhmI,mom_real,mp3,train_partition_or_unrecoverable
d4cbc9595944d18d,5RHoDkL2hhc,mom_real,mp3,train_partition_or_unrecoverable
21fd589606425169,40RE64wvUok,mom_real,mp3,train_partition_or_unrecoverable
d28f0ab4e6f13e06,Atgk5c461GY,mom_real,mp3,train_partition_or_unrecoverable
a214babf2d765a14,99b3ALiRXZo,mom_real,mp3,train_partition_or_unrecoverable
0a99cb8a8ec60077,mocDpyoh12A,mom_real,mp3,train_partition_or_unrecoverable
a01b1e90199f1c4e,7UYJCYr1mG0,mom_real,mp3,train_partition_or_unrecoverable
28be54f13be2d34f,Tw0zYd0eIlk,mom_real,mp3,train_partition_or_unrecoverable
26f73a990faab103,IxAqJ7c0zm0,mom_real,mp3,train_partition_or_unrecoverable
49e4e32049a2b1eb,_UfkzUA-aY0,mom_real,mp3,train_partition_or_unrecoverable
5794073e4f0b91ef,-TgQMvUa4go,mom_real,mp3,train_partition_or_unrecoverable
e142359b0b4aa504,Xc9H5tF9ko8,mom_real,mp3,train_partition_or_unrecoverable
6ba84a3e74c490b7,kVkg0hTTwE8,mom_real,mp3,train_partition_or_unrecoverable
44f8bf42c2851a66,O51X3gEpLgg,mom_real,mp3,train_partition_or_unrecoverable
ad14003f0f59e607,0wQb3s2kSlg,mom_real,mp3,train_partition_or_unrecoverable
79b9d4c23f234dc9,Tzm6e4lBYxo,mom_real,mp3,train_partition_or_unrecoverable
72828ca98ee58a80,dagUkEh_dDA,mom_real,mp3,train_partition_or_unrecoverable
fab9bf5789731672,FHtQrPX_JpY,mom_real,mp3,train_partition_or_unrecoverable
3c2e955be68a830c,-6Bj_RH2zSE,mom_real,mp3,train_partition_or_unrecoverable
f7cbbc93d50a6b3c,Cm5Nevsj1CE,mom_real,mp3,train_partition_or_unrecoverable
3294b9128e309491,CJinWua98NA,mom_real,mp3,train_partition_or_unrecoverable
ddec399c2ee75fc6,fzI9o0wpxvE,mom_real,mp3,train_partition_or_unrecoverable
0581c63aee335ac6,b87dBaL4qI0,mom_real,mp3,train_partition_or_unrecoverable
36540a07230bb231,ScCpzzcLpWo,mom_real,mp3,train_partition_or_unrecoverable
72ad7808aefbb907,O1DabeMRz5I,mom_real,mp3,train_partition_or_unrecoverable
bda35f5c152e6210,021684,fma_hardneg,mp3,test_ok
15019744a4b67620,018579,fma_hardneg,mp3,test_ok
2e8010a73a79eadf,049445,fma_hardneg,mp3,test_ok
5ff91f30a0d95768,004982,fma_hardneg,mp3,test_ok
5bb59e191669d127,016582,fma_hardneg,mp3,test_ok
3ef05ceb466bf633,030940,fma_hardneg,mp3,test_ok
1b7ee613516095dc,038222,fma_hardneg,mp3,test_ok
6478ad9c929746ce,009967,fma_hardneg,mp3,test_ok
3105f3fe1a3b1a3b,008199,fma_hardneg,mp3,test_ok
69d4648ef42e411e,041746,fma_hardneg,mp3,test_ok
3856e35c7141520b,017114,fma_hardneg,mp3,test_ok
add08a31f94cacaf,044211,fma_hardneg,mp3,test_ok
c83ee3716be176c1,018727,fma_hardneg,mp3,test_ok
1c1a1e101f9205c9,024321,fma_hardneg,mp3,test_ok
e252d5de14be21aa,035709,fma_hardneg,mp3,test_ok
dc394d38852ced36,012229,fma_hardneg,mp3,test_ok
17dd9807f634ccb1,010698,fma_hardneg,mp3,test_ok
3353ec6eebab256f,000928,fma_hardneg,mp3,test_ok
86a05de20afb8adb,046504,fma_hardneg,mp3,test_ok
c7995b23b0aa6e60,013483,fma_hardneg,mp3,test_ok
0fd68e62bc7bf298,026760,fma_hardneg,mp3,test_ok
bee52e7399298c4a,042045,fma_hardneg,mp3,test_ok
88a0d7fa36454e9c,044096,fma_hardneg,mp3,test_ok
59937e997bbdec5f,016250,fma_hardneg,mp3,test_ok
4010c67a61b09069,021464,fma_hardneg,mp3,test_ok
2f02ad4f5ec80de8,016277,fma_hardneg,mp3,test_ok
ccd6704188c4a127,035620,fma_hardneg,mp3,test_ok
e85a2d2bf6d71843,042299,fma_hardneg,mp3,test_ok
66ce0ecd85fc73f7,031931,fma_hardneg,mp3,test_ok
3f0b0786bbf34ed5,046571,fma_hardneg,mp3,test_ok
f34e2274e8959915,030910,fma_hardneg,mp3,test_ok
731d2c9dd9a02311,011637,fma_hardneg,mp3,test_ok
ccd9d183af2dda56,019179,fma_hardneg,mp3,test_ok
80f46cbf6bcc77a5,012793,fma_hardneg,mp3,test_ok
0bc025807e6d3736,019211,fma_hardneg,mp3,test_ok
58b934f408da82f7,044905,fma_hardneg,mp3,test_ok
85ed5671a0c9be96,044128,fma_hardneg,mp3,test_ok
14fa35358cfccde1,038540,fma_hardneg,mp3,test_ok
1b10aa06fe29e987,022863,fma_hardneg,mp3,test_ok
3850f16ca0c39125,045124,fma_hardneg,mp3,test_ok
b1e79e862dd532b6,003943,fma_hardneg,mp3,test_ok
54687a92aaf1a9ca,027882,fma_hardneg,mp3,test_ok
443de7dfb70c184d,001151,fma_hardneg,mp3,test_ok
e01e10b8a5c0759e,029753,fma_hardneg,mp3,test_ok
a88f685d5ae82668,000605,fma_hardneg,mp3,test_ok
4aa181c76618a75c,004111,fma_hardneg,mp3,test_ok
fea5ce2daef71f2c,043890,fma_hardneg,mp3,test_ok
379833c90a2c9a62,020926,fma_hardneg,mp3,test_ok
615fe308cb3fc3fd,023421,fma_hardneg,mp3,test_ok
a2c59794c90f1e19,050410,fma_hardneg,mp3,test_ok
df6d9c13e4ccb9b2,001637,fma_hardneg,mp3,test_ok
024e631c3a5f15fe,001767,fma_hardneg,mp3,test_ok
ad2dfdb9fea2386f,004098,fma_hardneg,mp3,test_ok
b23d3b461f325100,012209,fma_hardneg,mp3,test_ok
a4ac74391d757dd6,030965,fma_hardneg,mp3,test_ok
0dd738dc1956a4ff,011605,fma_hardneg,mp3,test_ok
4335a1fcac7ba3de,024318,fma_hardneg,mp3,test_ok
d060c8f1c4e59c81,016845,fma_hardneg,mp3,test_ok
bc5ca94e493c47b0,014069,fma_hardneg,mp3,test_ok
31eabf04d1efed2b,020053,fma_hardneg,mp3,test_ok
bb6492f5e3f75c92,008337,fma_hardneg,mp3,test_ok
1bf31d38f5b65508,004298,fma_hardneg,mp3,test_ok
508b4d93af828738,049811,fma_hardneg,mp3,test_ok
bd96dc2193bdf650,024264,fma_hardneg,mp3,test_ok
a728eace2fe4cc75,021517,fma_hardneg,mp3,test_ok
bdf7647a850513c9,017820,fma_hardneg,mp3,test_ok
f09c774c0783f7e7,047798,fma_hardneg,mp3,test_ok
ae88ef9d04404b4d,016310,fma_hardneg,mp3,test_ok
d0552ecfae705745,011441,fma_hardneg,mp3,test_ok
fa1b27c3161f004b,032975,fma_hardneg,mp3,test_ok
eea99d7af39b24b0,045310,fma_hardneg,mp3,test_ok
91464c8f96e051a3,044044,fma_hardneg,mp3,test_ok
68a66e75d5baa3c1,013470,fma_hardneg,mp3,test_ok
cfecbf39b82ec82b,015182,fma_hardneg,mp3,test_ok
67bc333fbd2e300f,029564,fma_hardneg,mp3,test_ok
9a28ae3215fad67c,016108,fma_hardneg,mp3,test_ok
81280162ac72e139,020161,fma_hardneg,mp3,test_ok
3753feb01e3ec7ba,031234,fma_hardneg,mp3,test_ok
d2cb052b24255732,010535,fma_hardneg,mp3,test_ok
c4d182e754c8f586,022931,fma_hardneg,mp3,test_ok
494cf819f38c1666,015549,fma_hardneg,mp3,test_ok
f5f91175f029dabd,023704,fma_hardneg,mp3,test_ok
ddf9f260796e288a,016512,fma_hardneg,mp3,test_ok
5a3786151b951d00,043317,fma_hardneg,mp3,test_ok
3b1d735464853405,047668,fma_hardneg,mp3,test_ok
8893b005d9357500,013871,fma_hardneg,mp3,test_ok
531026518c490f98,032371,fma_hardneg,mp3,test_ok
7c684e4f4f13ae60,040697,fma_hardneg,mp3,test_ok
b9812fa0b47a82e8,016155,fma_hardneg,mp3,test_ok
b60d1339bff076f3,015372,fma_hardneg,mp3,test_ok
dfd7f30da99c4b58,002008,fma_hardneg,mp3,test_ok
551d2732d22a915c,050303,fma_hardneg,mp3,test_ok
1faaa405d5040095,027365,fma_hardneg,mp3,test_ok
f5e625470ea75137,000643,fma_hardneg,mp3,test_ok
ae87a665fe7441f6,026574,fma_hardneg,mp3,test_ok
e98045fdbeb03b8a,024362,fma_hardneg,mp3,test_ok
50959679ac0497e0,045608,fma_hardneg,mp3,test_ok
aefbe33c45e14dcd,006777,fma_hardneg,mp3,test_ok
767d8a41f1e1f4d9,016103,fma_hardneg,mp3,test_ok
537cea0d012a75b4,039047,fma_hardneg,mp3,test_ok
1fc173639247e497,005300,fma_hardneg,mp3,test_ok
e7f53307d7c70b62,032492,fma_hardneg,mp3,test_ok
440e4b02c72e9b61,004714,fma_hardneg,mp3,test_ok
4450802dd4753282,042356,fma_hardneg,mp3,test_ok
7a9d694e4a61bd4f,001797,fma_hardneg,mp3,test_ok
e63fe0a44d17e6dd,023860,fma_hardneg,mp3,test_ok
87b47805690cfabd,020852,fma_hardneg,mp3,test_ok
804edd03b5879f87,022997,fma_hardneg,mp3,test_ok
0f963d9d7d6bf1b6,020888,fma_hardneg,mp3,test_ok
920b87e070df7a43,045985,fma_hardneg,mp3,test_ok
482b5aaa83e0bab7,012570,fma_hardneg,mp3,test_ok
c5812bb3e5370bde,036245,fma_hardneg,mp3,test_ok
ad6dbea38a17efb4,038472,fma_hardneg,mp3,test_ok
b76a3b76563acaa1,013945,fma_hardneg,mp3,test_ok
dcc217d9003b47b6,046465,fma_hardneg,mp3,test_ok
8a408d22b1ba283e,008850,fma_hardneg,mp3,test_ok
0eddfc10c8c65aa5,003407,fma_hardneg,mp3,test_ok
c623168e93c4ccfe,048772,fma_hardneg,mp3,test_ok
490e9acf09af09c8,015109,fma_hardneg,mp3,test_ok
63d3b513001d1212,023225,fma_hardneg,mp3,test_ok
0624d326189aee5c,042655,fma_hardneg,mp3,test_ok
1c3440a1ef0a3b6b,046492,fma_hardneg,mp3,test_ok
b56541a5e6c12d1d,011650,fma_hardneg,mp3,test_ok
39e295f94894e070,032340,fma_hardneg,mp3,test_ok
dae7ecb12392cfe8,011756,fma_hardneg,mp3,test_ok
5c591f960d342bca,004796,fma_hardneg,mp3,test_ok
3e7ac3fb329c0063,038814,fma_hardneg,mp3,test_ok
7190640af1b1af88,038571,fma_hardneg,mp3,test_ok
c267de8f262548a8,012503,fma_hardneg,mp3,test_ok
3c0fe8d89b11a8dd,030256,fma_hardneg,mp3,test_ok
6cf4366c4d20b256,041904,fma_hardneg,mp3,test_ok
249c07eb8b760470,024018,fma_hardneg,mp3,test_ok
a6c5141b5f4848e4,034209,fma_hardneg,mp3,test_ok
1508fce08445cdfb,008025,fma_hardneg,mp3,test_ok
64cf8cd8d8f88b9e,048721,fma_hardneg,mp3,test_ok
a85bcad95bb8db46,045028,fma_hardneg,mp3,test_ok
5a657b97a3e04ba4,012327,fma_hardneg,mp3,test_ok
3246e00c06b9aa33,040303,fma_hardneg,mp3,test_ok
aa83e5ef3fc62425,047653,fma_hardneg,mp3,test_ok
2f8e77c7a0aacab6,036779,fma_hardneg,mp3,test_ok
3c5c39fe4d4fed6c,009005,fma_hardneg,mp3,test_ok
f9ea2d4887d74661,048817,fma_hardneg,mp3,test_ok
d4638fb11919612e,019478,fma_hardneg,mp3,test_ok
a6410fe1d06bea27,014522,fma_hardneg,mp3,test_ok
1b588ceff7c24243,043841,fma_hardneg,mp3,test_ok
99d2f4ca7c01def4,029425,fma_hardneg,mp3,test_ok
ca8199e1973e0f6c,029414,fma_hardneg,mp3,test_ok
11c87ed5db7f0af7,003702,fma_hardneg,mp3,test_ok
75a09f53bf090f91,031717,fma_hardneg,mp3,test_ok
c5a190e381635c75,013464,fma_hardneg,mp3,test_ok
e024c00c58de5d25,013496,fma_hardneg,mp3,train_partition_or_unrecoverable
757ef282fe3cac95,022740,fma_hardneg,mp3,train_partition_or_unrecoverable
8667c10e798ced91,011739,fma_hardneg,mp3,train_partition_or_unrecoverable
c317546a3e185144,007046,fma_hardneg,mp3,train_partition_or_unrecoverable
64961b0a75d83a64,002071,fma_hardneg,mp3,train_partition_or_unrecoverable
bd4d111d8b9b6312,022815,fma_hardneg,mp3,train_partition_or_unrecoverable
22ffc2907e8b2cf1,015264,fma_hardneg,mp3,train_partition_or_unrecoverable
52943469bcc28aea,015086,fma_hardneg,mp3,train_partition_or_unrecoverable
22bff51e09427f4b,045599,fma_hardneg,mp3,train_partition_or_unrecoverable
b7948516a1f7f8ae,036207,fma_hardneg,mp3,train_partition_or_unrecoverable
12ae167f20616e8f,047217,fma_hardneg,mp3,train_partition_or_unrecoverable
b265c88b0728b96e,003600,fma_hardneg,mp3,train_partition_or_unrecoverable
96b2b5662ade0293,014990,fma_hardneg,mp3,train_partition_or_unrecoverable
b311e33330ccbae4,001833,fma_hardneg,mp3,train_partition_or_unrecoverable
bde486b3af4025bb,030007,fma_hardneg,mp3,train_partition_or_unrecoverable
420ca136c73e1351,008658,fma_hardneg,mp3,train_partition_or_unrecoverable
114eedbdf26a2328,028058,fma_hardneg,mp3,train_partition_or_unrecoverable
f6a3885f65a6de1d,005189,fma_hardneg,mp3,train_partition_or_unrecoverable
7411b2d9f09c1dfe,009042,fma_hardneg,mp3,train_partition_or_unrecoverable
37dc50248de52175,023109,fma_hardneg,mp3,train_partition_or_unrecoverable
de35d3dc500622e9,036908,fma_hardneg,mp3,train_partition_or_unrecoverable
cbc94da6dcacce51,048758,fma_hardneg,mp3,train_partition_or_unrecoverable
0a087819f07e9034,009822,fma_hardneg,mp3,train_partition_or_unrecoverable
d08e94ec54eef0cf,008758,fma_hardneg,mp3,train_partition_or_unrecoverable
336b85ce26ea6ad6,029475,fma_hardneg,mp3,train_partition_or_unrecoverable
ee5054e7a4cfe9d2,015226,fma_hardneg,mp3,train_partition_or_unrecoverable
844307daa873b4b8,008858,fma_hardneg,mp3,train_partition_or_unrecoverable
0cdb44426d48ae42,019471,fma_hardneg,mp3,train_partition_or_unrecoverable
fd5957484b43e9c1,017364,fma_hardneg,mp3,train_partition_or_unrecoverable
75372b100efd9672,012837,fma_hardneg,mp3,train_partition_or_unrecoverable
86a2603ad2dedb0a,016008,fma_hardneg,mp3,train_partition_or_unrecoverable
f977e6ec7780d89c,011410,fma_hardneg,mp3,train_partition_or_unrecoverable
c7ffb22c1ea6a704,005184,fma_hardneg,mp3,train_partition_or_unrecoverable
e2fa0dd178a622a2,043641,fma_hardneg,mp3,train_partition_or_unrecoverable
4faf7424829fb5d3,043122,fma_hardneg,mp3,train_partition_or_unrecoverable
7ce018e0c44c2489,014212,fma_hardneg,mp3,train_partition_or_unrecoverable
91bf82a7aa36ef09,032640,fma_hardneg,mp3,train_partition_or_unrecoverable
cb6dcb92126add51,003269,fma_hardneg,mp3,train_partition_or_unrecoverable
5db353d329fb41ed,012969,fma_hardneg,mp3,train_partition_or_unrecoverable
ec2cb430ee651a48,010773,fma_hardneg,mp3,train_partition_or_unrecoverable
d5197161ccd50d97,030153,fma_hardneg,mp3,train_partition_or_unrecoverable
d06a5b8bad32634f,044468,fma_hardneg,mp3,train_partition_or_unrecoverable
1b741ab5658c0d4e,042829,fma_hardneg,mp3,train_partition_or_unrecoverable
82253fff6e1f62f8,011565,fma_hardneg,mp3,train_partition_or_unrecoverable
f0fe8635dae17af1,003925,fma_hardneg,mp3,train_partition_or_unrecoverable
4852fe574a079340,002120,fma_hardneg,mp3,train_partition_or_unrecoverable
80e72cf2c4f996e0,017220,fma_hardneg,mp3,train_partition_or_unrecoverable
8ff1a005c9d6ba52,046250,fma_hardneg,mp3,train_partition_or_unrecoverable
99816f1518ad37e7,026551,fma_hardneg,mp3,train_partition_or_unrecoverable
b03c69f0301c3482,033348,fma_hardneg,mp3,train_partition_or_unrecoverable
2c19b6342acde55b,018123,fma_hardneg,mp3,train_partition_or_unrecoverable
4445c873aa7fcf66,050595,fma_hardneg,mp3,train_partition_or_unrecoverable
20c219a34d6f4424,022265,fma_hardneg,mp3,train_partition_or_unrecoverable
f5b34dbf8290ba21,004884,fma_hardneg,mp3,train_partition_or_unrecoverable
97495abf84bb9f3a,031388,fma_hardneg,mp3,train_partition_or_unrecoverable
5f2a87b1e2d9b821,006683,fma_hardneg,mp3,train_partition_or_unrecoverable
df81cd8393b48920,047742,fma_hardneg,mp3,train_partition_or_unrecoverable
4457a1e6a10ca942,023816,fma_hardneg,mp3,train_partition_or_unrecoverable
7bacbd00baf13ba1,019327,fma_hardneg,mp3,train_partition_or_unrecoverable
2f6d1b6b9a64a4c8,017495,fma_hardneg,mp3,train_partition_or_unrecoverable
f8659122d6287c2c,035415,fma_hardneg,mp3,train_partition_or_unrecoverable
dee947771de33783,016995,fma_hardneg,mp3,train_partition_or_unrecoverable
e71dbff8dec3f15b,009493,fma_hardneg,mp3,train_partition_or_unrecoverable
4f0e2f931ac66e97,045015,fma_hardneg,mp3,train_partition_or_unrecoverable
a72af1adb38d9f16,032785,fma_hardneg,mp3,train_partition_or_unrecoverable
9fb342899ae04f61,047272,fma_hardneg,mp3,train_partition_or_unrecoverable
4d2e225d4cad7e2d,010257,fma_hardneg,mp3,train_partition_or_unrecoverable
09ff3d7df438e81c,048837,fma_hardneg,mp3,train_partition_or_unrecoverable
4c4c2569f4bdeb87,047509,fma_hardneg,mp3,train_partition_or_unrecoverable
91b2ec4b2b4250fe,042859,fma_hardneg,mp3,train_partition_or_unrecoverable
f6d6e0eb125e619f,036421,fma_hardneg,mp3,train_partition_or_unrecoverable
cd97b9764ecb51b2,020622,fma_hardneg,mp3,train_partition_or_unrecoverable
f57a62d4470c6f04,016755,fma_hardneg,mp3,train_partition_or_unrecoverable
3ee38f8c03ad49fa,036727,fma_hardneg,mp3,train_partition_or_unrecoverable
c3734b27fdf21c66,041549,fma_hardneg,mp3,train_partition_or_unrecoverable
13eb718b25e84bfd,013467,fma_hardneg,mp3,train_partition_or_unrecoverable
a296913f6ca88246,001138,fma_hardneg,mp3,train_partition_or_unrecoverable
86a0a37839c3be5e,001747,fma_hardneg,mp3,train_partition_or_unrecoverable
9bee754a0c4e0f7d,012090,fma_hardneg,mp3,train_partition_or_unrecoverable
a756ae5da5672748,029238,fma_hardneg,mp3,train_partition_or_unrecoverable
158d64c9f7a9d0af,006611,fma_hardneg,mp3,train_partition_or_unrecoverable
c26d459739fadb5c,029250,fma_hardneg,mp3,train_partition_or_unrecoverable
d941e85724197360,035896,fma_hardneg,mp3,train_partition_or_unrecoverable
13da30f3280da80e,047029,fma_hardneg,mp3,train_partition_or_unrecoverable
39f032ea8bb683f3,011642,fma_hardneg,mp3,train_partition_or_unrecoverable
222e8d6db8927599,043259,fma_hardneg,mp3,train_partition_or_unrecoverable
c583ee15c302fe05,000923,fma_hardneg,mp3,train_partition_or_unrecoverable
27eb5b7460e56e1d,041516,fma_hardneg,mp3,train_partition_or_unrecoverable
09dedbc82a9226c4,040981,fma_hardneg,mp3,train_partition_or_unrecoverable
8d3cb469b06f9549,041526,fma_hardneg,mp3,train_partition_or_unrecoverable
73830d96bf54bee3,001428,fma_hardneg,mp3,train_partition_or_unrecoverable
ddf2cd7d879dfc64,050631,fma_hardneg,mp3,train_partition_or_unrecoverable
886780d436563ae7,050522,fma_hardneg,mp3,train_partition_or_unrecoverable
56c59f16cca7136f,033520,fma_hardneg,mp3,train_partition_or_unrecoverable
ddf56a7d0b22427c,014901,fma_hardneg,mp3,train_partition_or_unrecoverable
a792d20cf680c421,023362,fma_hardneg,mp3,train_partition_or_unrecoverable
71b86216a20519a7,027396,fma_hardneg,mp3,train_partition_or_unrecoverable
80b1b3188095ece2,008880,fma_hardneg,mp3,train_partition_or_unrecoverable
09636a45ec16fd82,047637,fma_hardneg,mp3,train_partition_or_unrecoverable
3a2bb99f7029dfb6,029289,fma_hardneg,mp3,train_partition_or_unrecoverable
5f0e8d5ae5694044,032402,fma_hardneg,mp3,train_partition_or_unrecoverable
8ebe2f1d681e31e9,001800,fma_hardneg,mp3,train_partition_or_unrecoverable
f95050c7685c87c5,031806,fma_hardneg,mp3,train_partition_or_unrecoverable
cd544394f664f8ae,003320,fma_hardneg,mp3,train_partition_or_unrecoverable
8df4d994e4e5fbe3,030396,fma_hardneg,mp3,train_partition_or_unrecoverable
a86f089d2fc7e89a,034205,fma_hardneg,mp3,train_partition_or_unrecoverable
f342b93da401272a,042388,fma_hardneg,mp3,train_partition_or_unrecoverable
9dcf7722579671c7,035929,fma_hardneg,mp3,train_partition_or_unrecoverable
6e6629629dfc49a2,029417,fma_hardneg,mp3,train_partition_or_unrecoverable
1ec0d8cc8b00b63b,037831,fma_hardneg,mp3,train_partition_or_unrecoverable
c67b3f1f2e127009,000789,fma_hardneg,mp3,train_partition_or_unrecoverable
2597b98bfb2e6358,015974,fma_hardneg,mp3,train_partition_or_unrecoverable
6596fd29da62c8b1,045269,fma_hardneg,mp3,train_partition_or_unrecoverable
8c1b1520afb22539,035698,fma_hardneg,mp3,train_partition_or_unrecoverable
b3013ab39ece9df0,020167,fma_hardneg,mp3,train_partition_or_unrecoverable
85451c14a30328e8,045439,fma_hardneg,mp3,train_partition_or_unrecoverable
8421ee6d996ce544,031035,fma_hardneg,mp3,train_partition_or_unrecoverable
0d7baec413f542ec,001359,fma_hardneg,mp3,train_partition_or_unrecoverable
b9f267618cb1594d,029740,fma_hardneg,mp3,train_partition_or_unrecoverable
ee2a38beeffd80ea,016380,fma_hardneg,mp3,train_partition_or_unrecoverable
44339709e2e092e6,018854,fma_hardneg,mp3,train_partition_or_unrecoverable
b329a68bf8d31472,005078,fma_hardneg,mp3,train_partition_or_unrecoverable
244c3eb19b8ac39c,024087,fma_hardneg,mp3,train_partition_or_unrecoverable
dfcb19166ab55710,038574,fma_hardneg,mp3,train_partition_or_unrecoverable
5087244034c50ccb,012552,fma_hardneg,mp3,train_partition_or_unrecoverable
5ef2a072e46ec492,042881,fma_hardneg,mp3,train_partition_or_unrecoverable
0f8bf0240af96bf8,036944,fma_hardneg,mp3,train_partition_or_unrecoverable
702be1fecfc39bec,044227,fma_hardneg,mp3,train_partition_or_unrecoverable
6f8b8047a1ab0680,001062,fma_hardneg,mp3,train_partition_or_unrecoverable
1977357c3d0d3e6f,018974,fma_hardneg,mp3,train_partition_or_unrecoverable
52496e539e24f236,040206,fma_hardneg,mp3,train_partition_or_unrecoverable
f626cfec43dab435,024259,fma_hardneg,mp3,train_partition_or_unrecoverable
054f016c1e424c3b,030862,fma_hardneg,mp3,train_partition_or_unrecoverable
eb4d228e3a40e5e7,001950,fma_hardneg,mp3,train_partition_or_unrecoverable
c2ff3c4606dab894,007898,fma_hardneg,mp3,train_partition_or_unrecoverable
949f957c661b3a19,003619,fma_hardneg,mp3,train_partition_or_unrecoverable
1f0483b8ca24536a,032739,fma_hardneg,mp3,train_partition_or_unrecoverable
e3d1e2805765195e,010788,fma_hardneg,mp3,train_partition_or_unrecoverable
dc7c72bb14b09c42,021707,fma_hardneg,mp3,train_partition_or_unrecoverable
086a3e48617bef52,048006,fma_hardneg,mp3,train_partition_or_unrecoverable
ae9bef003ede374c,030969,fma_hardneg,mp3,train_partition_or_unrecoverable
64d0449e2d27d750,047164,fma_hardneg,mp3,train_partition_or_unrecoverable
29d901a5d40fe99a,048807,fma_hardneg,mp3,train_partition_or_unrecoverable
83a7c9cdd5642cc4,051039,fma_hardneg,mp3,train_partition_or_unrecoverable
68a3e355af6599d6,001750,fma_hardneg,mp3,train_partition_or_unrecoverable
af28f3f887a4367d,030639,fma_hardneg,mp3,train_partition_or_unrecoverable
be6b40277c8e788a,030943,fma_hardneg,mp3,train_partition_or_unrecoverable
0ee59fd1bc87693a,021530,fma_hardneg,mp3,train_partition_or_unrecoverable
5e0a65bdff37cae2,038612,fma_hardneg,mp3,train_partition_or_unrecoverable
63c921abc3ed7811,006846,fma_hardneg,mp3,train_partition_or_unrecoverable
77f931067f388ba5,0elFg_Z9ZHo,mom_extra_real,flac,test_ok
3a9936cc26100651,02X8bX_EBv4,mom_extra_real,flac,test_ok
244814e041805928,-8uJaUmsWZk,mom_extra_real,flac,test_ok
f39a1c7b9ca7aefe,--UjuRB9yP4,mom_extra_real,flac,test_ok
bb5a1de136753440,1BJZp4Tvfx0,mom_extra_real,flac,test_ok
d403f0c4788280cc,0m_mOx-zP9Y,mom_extra_real,flac,test_ok
7d1a2f2c8d290d57,-G9CZC-B-Dg,mom_extra_real,flac,test_ok
07c9a882f4ba41d9,0bv54llS6BA,mom_extra_real,flac,test_ok
e391a0bf105060fb,1Ce_ICrHVfU,mom_extra_real,flac,purged_train_overlap
906c027f71171d49,14FsfCC8aoA,mom_extra_real,flac,test_ok
aa865aa9a13e7058,0yLwNx6PkLg,mom_extra_real,flac,test_ok
093decbb98851bd3,0G2EZb3n71A,mom_extra_real,flac,test_ok
22b701d6fe2693e4,-1J5knicUsw,mom_extra_real,flac,purged_train_overlap
89ae8e844568f9fe,0ZqsQ9ap5_4,mom_extra_real,flac,test_ok
34a6702b71cb3c7d,-45K4p7wJSI,mom_extra_real,flac,test_ok
84ff8e18592f1387,0OSulJRG3oQ,mom_extra_real,flac,test_ok
7513aacb420bf42d,1CRbP920obM,mom_extra_real,flac,test_ok
29a50c5b3e970582,-G1dkQHvNCQ,mom_extra_real,flac,purged_train_overlap
5460dcf6376566ff,0AVw-UI0ftA,mom_extra_real,flac,test_ok
a7860a27bfbb53ae,0FKXX0GtYc0,mom_extra_real,flac,test_ok
d08d67bb02b42e29,-Vmf_Sm5NVg,mom_extra_real,flac,test_ok
b387f007f61beca4,-N4jf6rtyuw,mom_extra_real,flac,test_ok
a7ed99ce50c7e4d6,-cJcuv_4_Ps,mom_extra_real,flac,test_ok
58e348d2fe625b30,0ggWQpRcBIY,mom_extra_real,flac,test_ok
c2417b8aec94aa8b,1A0CuoluUr0,mom_extra_real,flac,test_ok
ec39a95395f2bf27,-tn2S3kJlyU,mom_extra_real,flac,test_ok
03df33f57ee1bc41,1B0BA4_XfbU,mom_extra_real,flac,purged_train_overlap
f018ec4fba48976c,-30SvB2--PM,mom_extra_real,flac,test_ok
0bc6038f5b1ab36d,1ElMymbgbhs,mom_extra_real,flac,test_ok
5a281593e843e4b1,0VUss3LXqwI,mom_extra_real,flac,test_ok
574bb24b7fefa281,-fKLy0uKL3Y,mom_extra_real,flac,test_ok
2eeeff0cff493e8d,-IjkSMXywgg,mom_extra_real,flac,purged_train_overlap
068469dfae56b6fa,0uO_zn001qg,mom_extra_real,flac,test_ok
c1425d54122e38fb,0dbXnfl8ZcM,mom_extra_real,flac,test_ok
1c252ea7a297ca01,-QKj62RKBrM,mom_extra_real,flac,test_ok
c991a0d0c2f3ca14,02W8DAnKvlA,mom_extra_real,flac,test_ok
5c77630209ee345e,-t2CR9qZRj0,mom_extra_real,flac,test_ok
406b86e0611423dc,19Q3r-keqjE,mom_extra_real,flac,test_ok
e5be23629c37b708,0K--7DipFGo,mom_extra_real,flac,test_ok
24a72f63134e1840,0_ltukB0FZw,mom_extra_real,flac,purged_train_overlap
3a2626801a55eb57,-gtt5Cd6qjo,mom_extra_real,flac,test_ok
a237a00f2eaa5291,0GIWWFdOw_0,mom_extra_real,flac,test_ok
85edfb0cc56166da,0P9tCqa1Em8,mom_extra_real,flac,test_ok
b789fa67a67b7aa6,-ZxniH-IoXc,mom_extra_real,flac,purged_train_overlap
d03517a170ed2c33,0PZ5J7Xy-8Y,mom_extra_real,flac,test_ok
2d15baec87b49dd6,0yTf4I08Ns4,mom_extra_real,flac,test_ok
a39251cb656cd944,0DnTAttXwEI,mom_extra_real,flac,test_ok
cd80829f21378559,-DU7YKe6PiQ,mom_extra_real,flac,test_ok
e04dcf60f4bc78f5,0f_hewSrAH4,mom_extra_real,flac,test_ok
2f5a383e5fdd2ac6,0KbO8B7h6oA,mom_extra_real,flac,test_ok
960af8a18ab175ba,0pdH1Ba3A7Y,mom_extra_real,flac,test_ok
b0194f39421134b3,0_3P4KV3GPc,mom_extra_real,flac,test_ok
e1ef9605919b0a4b,-Ac9b2ZPW1Y,mom_extra_real,flac,test_ok
923a89576d0ac14b,1BCrXx18UZE,mom_extra_real,flac,test_ok
90c6eea777c5f54e,04xVn1KrFcM,mom_extra_real,flac,test_ok
ac5c71ffb0ef7707,1BYhOR446gU,mom_extra_real,flac,test_ok
b1aa9a2cb4b30708,0CPkYNjCdT0,mom_extra_real,flac,test_ok
02ff8cbb306ff9d5,0r1EefdBdvQ,mom_extra_real,flac,test_ok
18681adc921fb22e,-h1injKwDaM,mom_extra_real,flac,test_ok
060c79b976545ccf,-9iUpNZqWVU,mom_extra_real,flac,test_ok
b02af20be2beb1ae,-PVZalsSLKo,mom_extra_real,flac,test_ok
8a330055f894b41d,-6Bj_RH2zSE,mom_extra_real,flac,purged_train_overlap
4c42e237c39c900d,0xwuqP_Yh3Y,mom_extra_real,flac,purged_train_overlap
eff822acc738fbef,-SDb19eNVzs,mom_extra_real,flac,test_ok
b73012f9b9df6a94,-n6HuMJ7gCU,mom_extra_real,flac,test_ok
93789749a38147d6,-Xyt0gRbhHE,mom_extra_real,flac,test_ok
1085c7878112cc52,042WtX-131s,mom_extra_real,flac,test_ok
ec5550000e5261cc,0HXFlBAojZI,mom_extra_real,flac,test_ok
3d6cb036ad87550b,0lBZa7LnRD0,mom_extra_real,flac,test_ok
69477db883d5aa59,-JSxUKmRztc,mom_extra_real,flac,test_ok
8642ad7f865b4c20,0vpSpt7Seog,mom_extra_real,flac,test_ok
7e06c501d35ce36f,0XhstC72J9Y,mom_extra_real,flac,test_ok
a4869ec7b997c971,-xaUfpxyz1A,mom_extra_real,flac,test_ok
4a92e70ad9b0b96a,-i2WUgfB31k,mom_extra_real,flac,test_ok
3991183d561e3399,-JbDZkMuLco,mom_extra_real,flac,test_ok
fb987f3164da21ba,0TUsv-99XE0,mom_extra_real,flac,test_ok
2236ade0a9483535,-a1jSGo5ub4,mom_extra_real,flac,test_ok
1b941ff9faeffadd,0l-pf0TFcGs,mom_extra_real,flac,test_ok
660f1b226648a7a8,-5cv1d_m4g0,mom_extra_real,flac,test_ok
d01712f459fb3713,0EKDHQfEn-c,mom_extra_real,flac,test_ok
c362e33dc1188fa6,01685dRAHB4,mom_extra_real,flac,test_ok
ba8dd96553c53826,06NIDaFIO3w,mom_extra_real,flac,purged_train_overlap
55a2b668425a0c56,0A9wdAtZL4w,mom_extra_real,flac,purged_train_overlap
09c587c3292c19a4,0CnZh8wnAwo,mom_extra_real,flac,test_ok
13498215e96ed436,0Necz5glI4I,mom_extra_real,flac,purged_train_overlap
17e8f149ff8defb7,-yza9hxSCXI,mom_extra_real,flac,test_ok
4f48f6654e463074,-A7BPXEBh1Q,mom_extra_real,flac,test_ok
15ebdf92cf699c29,-zQatZg2YTE,mom_extra_real,flac,test_ok
dfdca4d86d4ebed9,13Etw4OJ6c8,mom_extra_real,flac,test_ok
5c60914fed294b6e,0AVTZ-Qsh4Y,mom_extra_real,flac,test_ok
57eaed3b0b03719e,-GUWXF3LIy8,mom_extra_real,flac,test_ok
8830e7e8c3ad7fdd,0VPCEFnqLuE,mom_extra_real,flac,test_ok
878e7bd08580ed04,0M6-el4zCH8,mom_extra_real,flac,test_ok
2c8049dd55c15312,0jHV0HxQQGw,mom_extra_real,flac,test_ok
b15e4454adeba4b7,0_4rNHNe_u0,mom_extra_real,flac,test_ok
232d6c700276f196,0gpJCg_VbkA,mom_extra_real,flac,test_ok
c160334e27584567,0bA74PxnfwQ,mom_extra_real,flac,test_ok
017290031adcafb7,-m90XiNil7M,mom_extra_real,flac,test_ok
92658f62168b9e42,-SjQ5Bc3te0,mom_extra_real,flac,test_ok
db60cf3127525116,-zXiLs9zKMs,mom_extra_real,flac,test_ok
dba54f806287cf9a,0EnrFe3Zb6k,mom_extra_real,flac,test_ok
b297eac85aa1bf39,0J5BqvtC2pw,mom_extra_real,flac,test_ok
b8bcb90a75ac4851,-vF7W0BawO8,mom_extra_real,flac,test_ok
fbfd6efb9e4fe359,17G1eFptkf8,mom_extra_real,flac,test_ok
51375d4dcdd028f6,-ERr4G6gaPs,mom_extra_real,flac,test_ok
e4fdfd89f5a94d63,0hh1vVZAHkI,mom_extra_real,flac,test_ok
766ed1ff5b67544c,140ImixpY7M,mom_extra_real,flac,test_ok
176d2a324de4b163,-dKSuaoUpiY,mom_extra_real,flac,purged_train_overlap
f92e53d490d0d437,0-EMiEpXLJg,mom_extra_real,flac,test_ok
a8d49600738f151e,-92Vv4MRwnc,mom_extra_real,flac,test_ok
9f8a41daef487e5a,0ZyUgK_F6Uo,mom_extra_real,flac,train_partition_or_unrecoverable
45d60ebc2e61997a,0j6BFbm1NhY,mom_extra_real,flac,train_partition_or_unrecoverable
0e95ff169a28e4e8,-BLCsESjnz8,mom_extra_real,flac,train_partition_or_unrecoverable
f84436f215814bc0,-cPn9pWrt6A,mom_extra_real,flac,train_partition_or_unrecoverable
814738672faec499,-fuhLeD594A,mom_extra_real,flac,train_partition_or_unrecoverable
f9511e8706676b2f,1CCZEBcWNbM,mom_extra_real,flac,train_partition_or_unrecoverable
9bdfc96a212ded0c,0bFnI8KbVdM,mom_extra_real,flac,train_partition_or_unrecoverable
12ba8e2c7074b25a,-gICMYHMyDs,mom_extra_real,flac,train_partition_or_unrecoverable
39bfe33dc527f57a,0rQ8AVwXMzg,mom_extra_real,flac,train_partition_or_unrecoverable
4f603b96cfa777e1,0gGmY2fVwf4,mom_extra_real,flac,train_partition_or_unrecoverable
484926f44b1b42bb,-S4f2l5oP8M,mom_extra_real,flac,train_partition_or_unrecoverable
8b1a191b7a58bb3d,-8xdDaRFdwc,mom_extra_real,flac,train_partition_or_unrecoverable
f6c7ed56cc1eabfe,-F7A24f6gNc,mom_extra_real,flac,train_partition_or_unrecoverable
c8b0a8bcadaf9a44,-gqAsPI7b3A,mom_extra_real,flac,train_partition_or_unrecoverable
e0203321932105b0,-sJJ8_ksy0w,mom_extra_real,flac,train_partition_or_unrecoverable
4111dd26af16d2a0,-wTC-wNjNzE,mom_extra_real,flac,train_partition_or_unrecoverable
aebc3c46ab860198,0jna-Bv1qCU,mom_extra_real,flac,train_partition_or_unrecoverable
5d217e3a3cef7082,-0nytd3RXtg,mom_extra_real,flac,train_partition_or_unrecoverable
982d2dec97b8290a,05Z-DNcgRB8,mom_extra_real,flac,train_partition_or_unrecoverable
e56778a145cb567d,0rEBT_Ge3sc,mom_extra_real,flac,train_partition_or_unrecoverable
89d818c5ca10aaaa,-U4sE9bdEFI,mom_extra_real,flac,train_partition_or_unrecoverable
915e2e6972c5e7aa,-Sjt0mA-jck,mom_extra_real,flac,train_partition_or_unrecoverable
2f5a4eac38c2c2b9,0LcZ1IMOM2M,mom_extra_real,flac,train_partition_or_unrecoverable
e381dd18df7b4657,-bFDFjaykaA,mom_extra_real,flac,train_partition_or_unrecoverable
ad3d5a63d11742e2,-S2Q_KuwUPI,mom_extra_real,flac,train_partition_or_unrecoverable
12403fbbd78c1aff,0tc6rMoyKks,mom_extra_real,flac,train_partition_or_unrecoverable
a4138b5098d0eb6c,15mBU8c7njw,mom_extra_real,flac,train_partition_or_unrecoverable
95d51425ae5fc57e,-Qn9nCuFDPY,mom_extra_real,flac,train_partition_or_unrecoverable
46615d4907f133e8,-RHRQOxubqk,mom_extra_real,flac,train_partition_or_unrecoverable
9b8cdedcc39a8728,19uoaAVBLto,mom_extra_real,flac,train_partition_or_unrecoverable
3914bde9ed59178d,-6q93sp1-Rk,mom_extra_real,flac,train_partition_or_unrecoverable
1df81e81addd2580,-kZct3JyG1o,mom_extra_real,flac,train_partition_or_unrecoverable
5820d8170bc5ac3b,-nn-KGohD8g,mom_extra_real,flac,train_partition_or_unrecoverable
ceac8c2e337382bb,-pbRu744E3s,mom_extra_real,flac,train_partition_or_unrecoverable
e39817ee93bb5d7d,0Mynfang834,mom_extra_real,flac,train_partition_or_unrecoverable
50070bdc4e74e42f,032OCL87aFY,mom_extra_real,flac,train_partition_or_unrecoverable
679c28a64a12eb7b,1BJ1IVMjbj8,mom_extra_real,flac,train_partition_or_unrecoverable
094dd34dc9287140,-qFCep5aGnM,mom_extra_real,flac,train_partition_or_unrecoverable
bab5d66ea63289db,0pCFVX6lzHU,mom_extra_real,flac,train_partition_or_unrecoverable
33aafa313429fb65,-ok4ABcN3Vk,mom_extra_real,flac,train_partition_or_unrecoverable
9b03a6e9a125e536,-5iEyOhX7ho,mom_extra_real,flac,train_partition_or_unrecoverable
0ecb588e412d7aac,1ANy6hrk8Zg,mom_extra_real,flac,train_partition_or_unrecoverable
cba449909433b380,0Yscf2oV3LQ,mom_extra_real,flac,train_partition_or_unrecoverable
7808b7c16d9629d6,0GoGcVs6pbU,mom_extra_real,flac,train_partition_or_unrecoverable
b8ead87bfee58d9c,-YPdzh0_CIA,mom_extra_real,flac,train_partition_or_unrecoverable
3c91beffff8e9a1f,-H9SXqzs0oI,mom_extra_real,flac,train_partition_or_unrecoverable
2000b7c6037e6502,15nberWl0EU,mom_extra_real,flac,train_partition_or_unrecoverable
524cabfe6f0cf1d1,0ME7x7_blf8,mom_extra_real,flac,train_partition_or_unrecoverable
c1bfeaed669f2abc,-C-2AqRD8io,mom_extra_real,flac,train_partition_or_unrecoverable
d688c6d83d2aad8d,0X2zjNYRO38,mom_extra_real,flac,train_partition_or_unrecoverable
7056b284fdbe3590,0imQO3XDHAo,mom_extra_real,flac,train_partition_or_unrecoverable
c84f0eda70665fd1,0l-cJ-206iQ,mom_extra_real,flac,train_partition_or_unrecoverable
f8f5d3d1f1ba98cc,0nmODDYJjHI,mom_extra_real,flac,train_partition_or_unrecoverable
11c92473b8fedda6,-8l3ntDR_lI,mom_extra_real,flac,train_partition_or_unrecoverable
4dbfaadf862b607f,-uitU1ndO3s,mom_extra_real,flac,train_partition_or_unrecoverable
6d0b7155d278517c,-Pk9J-1T9U0,mom_extra_real,flac,train_partition_or_unrecoverable
a98b88a2ab9626ff,-xDJkTFmgRI,mom_extra_real,flac,train_partition_or_unrecoverable
8a229bc775d1f47d,-ThVeZHH0Y0,mom_extra_real,flac,train_partition_or_unrecoverable
f925fceebe8bc0ec,0Io52gRxq4g,mom_extra_real,flac,train_partition_or_unrecoverable
3d6595bac1ffcd3c,0H8JzpQrYsw,mom_extra_real,flac,train_partition_or_unrecoverable
40f87a30a4b476bc,0K3yi0Z-eZk,mom_extra_real,flac,train_partition_or_unrecoverable
052f4f0eb4dea5eb,-XScQyx7jqU,mom_extra_real,flac,train_partition_or_unrecoverable
48b1727bef1163ee,0mImzqbi3Qw,mom_extra_real,flac,train_partition_or_unrecoverable
c6ed6a946d4a6436,-xOUCQfzE4M,mom_extra_real,flac,train_partition_or_unrecoverable
96d73d91cc079d5e,0y555d2j9RY,mom_extra_real,flac,train_partition_or_unrecoverable
bc103080d3d5d102,0YvNBtoCLbg,mom_extra_real,flac,train_partition_or_unrecoverable
d09b24a2b32bcbf5,-6Ildn2Dq2A,mom_extra_real,flac,train_partition_or_unrecoverable
94b03800e405365e,11cwZ2j0984,mom_extra_real,flac,train_partition_or_unrecoverable
d2a466e004338a74,0L3cQIASciU,mom_extra_real,flac,train_partition_or_unrecoverable
c8f68b315b6c0a69,01pVa6-2_Kw,mom_extra_real,flac,train_partition_or_unrecoverable
bce50cefb4c6286f,-OY7zxaADbs,mom_extra_real,flac,train_partition_or_unrecoverable
b76d625b341ad8d3,-S2oyz7plQs,mom_extra_real,flac,train_partition_or_unrecoverable
57e6344942b6f296,1DdHcifpDk8,mom_extra_real,flac,train_partition_or_unrecoverable
0f3e92f5889161d5,-UyTjKbbb24,mom_extra_real,flac,train_partition_or_unrecoverable
ac48532af6318689,0HehoDtK_Ec,mom_extra_real,flac,train_partition_or_unrecoverable
ad95c03fbb155905,-qPfMeAZ1kI,mom_extra_real,flac,train_partition_or_unrecoverable
e3ae3f4c3b556c86,-L53JqFJKg8,mom_extra_real,flac,train_partition_or_unrecoverable
234d75d81af2142f,01dmtGIwSs8,mom_extra_real,flac,train_partition_or_unrecoverable
a214f1a607c66cc4,0xSv2pQezRI,mom_extra_real,flac,train_partition_or_unrecoverable
547712599a512198,0-s2ryQtJTc,mom_extra_real,flac,train_partition_or_unrecoverable
61ffa2c66904eb4a,0y-W3kpwmOM,mom_extra_real,flac,train_partition_or_unrecoverable
94dff27a190dabf2,0LkczShI9_Y,mom_extra_real,flac,train_partition_or_unrecoverable
bea763b0160931de,0I5gO3nAgT0,mom_extra_real,flac,train_partition_or_unrecoverable
5e90e8c97cfc53e0,-e_IuYgvdf8,mom_extra_real,flac,train_partition_or_unrecoverable
a07490086536389e,0LUh7axpfZw,mom_extra_real,flac,train_partition_or_unrecoverable
e6bfa5f36219e160,0U48jwC8cZU,mom_extra_real,flac,train_partition_or_unrecoverable
07eefdb153afce7c,-96DBk7cNag,mom_extra_real,flac,train_partition_or_unrecoverable
f77a42158ee2be5f,0VZuA7iJY4Y,mom_extra_real,flac,train_partition_or_unrecoverable
ef0982c0d5a762aa,0yOGUw3We_8,mom_extra_real,flac,train_partition_or_unrecoverable
84babbe621a93663,00T5-OLdjno,mom_extra_real,flac,train_partition_or_unrecoverable
a7e65785c498ac92,7RdX80yI31w,youtube_hardneg,flac,test_ok
c447046a4b7a78cf,p0vApu-4bcE,youtube_hardneg,flac,test_ok
ef354cf12f34d2a9,Ixk_UA1jM6g,youtube_hardneg,flac,test_ok
d1cbc7470033db29,19XZNzJFTbI,youtube_hardneg,flac,test_ok
6bee3e47876756ed,sLf1x08vo6g,youtube_hardneg,flac,test_ok
a79c6b73389180b2,Z3p4jum7tKQ,youtube_hardneg,flac,test_ok
a1be8b71cbce1a03,mFdYAcIbeao,youtube_hardneg,flac,test_ok
6fdbb12c3faeeedc,D-o6RYZHCiM,youtube_hardneg,flac,test_ok
a287c305602cd035,GFZgZj-wON0,youtube_hardneg,flac,test_ok
09246cc2fe1a4ecc,ix2wR3cooUk,youtube_hardneg,flac,test_ok
973a021492e1d23e,poJEOOHI3ws,youtube_hardneg,flac,test_ok
dbb20f6fc3580d68,-JDyNPmoKug,youtube_hardneg,flac,test_ok
774605094a41992f,ERvQGr2n61s,youtube_hardneg,flac,test_ok
8fcd9fd6a27b11ad,xQ-DIXK8isw,youtube_hardneg,flac,test_ok
b16827fc9d6d575c,zz4RvQ6QQhU,youtube_hardneg,flac,test_ok
45f2ceaa78c03316,d0zFn6-zYes,youtube_hardneg,flac,test_ok
84477de9793fb53e,FBsAM1Qxl7Y,youtube_hardneg,flac,test_ok
c0307ae2fcb05b4b,aw34efEl93A,youtube_hardneg,flac,test_ok
4b6086d670caf23a,sssoyDLFPWE,youtube_hardneg,flac,test_ok
264e932b52f6f938,SUMBr9P261Y,youtube_hardneg,flac,test_ok
68991d9e91374f56,QsuzfMUaFoA,youtube_hardneg,flac,test_ok
3f8af40e262c9569,-j9GoOA0MmQ,youtube_hardneg,flac,test_ok
3654c6593bf692dc,BeFMd0jBsRU,youtube_hardneg,flac,test_ok
4eb0dfa9832ce599,wUXqRYZjTwM,youtube_hardneg,flac,test_ok
0f4d36f6cff39175,ORSSGwttJdY,youtube_hardneg,flac,test_ok
6ede58f5e39d7c20,NUBhthBmWWA,youtube_hardneg,flac,test_ok
9ec382c04162001f,EvA4S64tqTU,youtube_hardneg,flac,test_ok
17501674692e96e9,nDuki1xfAdU,youtube_hardneg,flac,test_ok
8c7c6b7186e0a96e,GKJO9hNnj7A,youtube_hardneg,flac,test_ok
938abab3923062eb,CpRNJDzVdxE,youtube_hardneg,flac,test_ok
a6281325d162b5c6,oSPDaYt9Zz4,youtube_hardneg,flac,test_ok
f547cdecf1f62643,pFKNeC5-MiM,youtube_hardneg,flac,test_ok
e9971174cf761565,Dr3MUInkXzw,youtube_hardneg,flac,test_ok
016877afa283fb66,_P4zVQgtRKA,youtube_hardneg,flac,test_ok
caf5ce728129f3d8,jjsSoaVnGEY,youtube_hardneg,flac,test_ok
512793590953d8d6,m86sLOp89Ow,youtube_hardneg,flac,test_ok
5c8bd75bb7ef9e52,7zv2vQxc1tU,youtube_hardneg,flac,test_ok
05a8dbc1e4dbb46c,F81f8QayoR8,youtube_hardneg,flac,test_ok
54a47fd5eb3ec631,TxpHSv7Tcug,youtube_hardneg,flac,test_ok
2092bc18766e9f07,uBpliGqRN6c,youtube_hardneg,flac,test_ok
b7fcacbb237a8f8d,YvyVKNTbIVo,youtube_hardneg,flac,test_ok
eef03f6d8bc343eb,EeJ8MUswusw,youtube_hardneg,flac,test_ok
e1b0310659785f1c,fHMHNQmXDi0,youtube_hardneg,flac,test_ok
251291962b097daf,3dG0ns44IhU,youtube_hardneg,flac,test_ok
eb7cab9ae1b10641,xEsPG0CCN9c,youtube_hardneg,flac,test_ok
ac2fbbb8e5dba639,w0UFg_N_yoQ,youtube_hardneg,flac,test_ok
cdfd47575cf611ca,bEVIBohHiX8,youtube_hardneg,flac,test_ok
73d34917a145c52c,jnMMPVIJkBM,youtube_hardneg,flac,test_ok
1d98c59f9674fe37,p082fcLrlOg,youtube_hardneg,flac,test_ok
0d84fd7bff8e0c96,azie4Jj9S64,youtube_hardneg,flac,test_ok
e733f467c832d230,e-B7jMljhbk,youtube_hardneg,flac,test_ok
d4f1a0d5756ffff1,1snTsqDczPs,youtube_hardneg,flac,test_ok
67151a8c03c102e3,eSE8lwX4ZRY,youtube_hardneg,flac,test_ok
e5b92024692d2415,y7z55mObLO8,youtube_hardneg,flac,test_ok
48cec210d3a75d15,JEauKY37df8,youtube_hardneg,flac,test_ok
41df7624746bfd01,f0J44TEBvlo,youtube_hardneg,flac,test_ok
4beb77110a117bfd,seHO9lttknQ,youtube_hardneg,flac,test_ok
7480474a0e4cff7c,5zLelrI7oXs,youtube_hardneg,flac,test_ok
c4820674732b832f,lG8dyU-0-9Y,youtube_hardneg,flac,test_ok
d12444b406a78989,IeBPvxcEpCk,youtube_hardneg,flac,test_ok
04b6a335c5c8fd22,_SSqD5uvTfA,youtube_hardneg,flac,test_ok
84d93a0a1945beef,zwmESLAuO4c,youtube_hardneg,flac,test_ok
cdc23a638b45919a,1417SG1Gxwg,youtube_hardneg,flac,test_ok
a71b7fe7e6fc3e55,vkAS_d1mw2w,youtube_hardneg,flac,test_ok
1867d638737a2b47,y5ltnUXbzQ0,youtube_hardneg,flac,test_ok
8a3ea2f6f868509d,zR-t4yv1hOE,youtube_hardneg,flac,test_ok
b4dca6d9d843e9b7,Thc12woLgqE,youtube_hardneg,flac,test_ok
866a39f0d1a5c5bc,bhykDgIlX1Q,youtube_hardneg,flac,test_ok
506545a2d1c634f6,3MaG86tRd3k,youtube_hardneg,flac,test_ok
76b0e39510159eac,mGLPlewLcGc,youtube_hardneg,flac,test_ok
0532312781f1a4d2,JV3dg5mLQp4,youtube_hardneg,flac,test_ok
ebe919aa802963c5,hHygdcneLck,youtube_hardneg,flac,test_ok
ca3c305b0d06953c,-kUmOY-tB-Q,youtube_hardneg,flac,test_ok
f46efee235d9bedf,2hbR_VYNVKA,youtube_hardneg,flac,train_partition_or_unrecoverable
f7ff9fe342b5a6ce,sgACqngFJwk,youtube_hardneg,flac,train_partition_or_unrecoverable
95e130073e4044ae,YTLIvV4ipKQ,youtube_hardneg,flac,train_partition_or_unrecoverable
6b493d4608f5afb0,PvLYUTurGu4,youtube_hardneg,flac,train_partition_or_unrecoverable
efdf51ab13e87637,BLUCmuWaxgw,youtube_hardneg,flac,train_partition_or_unrecoverable
c3e215949dbba7c8,R3yWO-qK45s,youtube_hardneg,flac,train_partition_or_unrecoverable
2f5f13ef33e09bc6,2QVJZwfnT-0,youtube_hardneg,flac,train_partition_or_unrecoverable
b7325715ec76c4bb,sst5-A00acs,youtube_hardneg,flac,train_partition_or_unrecoverable
a600ca5c25a46d5e,uD3rkv9hIp0,youtube_hardneg,flac,train_partition_or_unrecoverable
dc8400bb76b3474c,hVoBEGsJh3o,youtube_hardneg,flac,train_partition_or_unrecoverable
18f79ce82f7d6af8,6DgCuS9eSU8,youtube_hardneg,flac,train_partition_or_unrecoverable
1c409cbfc1586b9f,EIeCq3OHjSo,youtube_hardneg,flac,train_partition_or_unrecoverable
c8750abba5bcdf13,dFr0OzL1yWQ,youtube_hardneg,flac,train_partition_or_unrecoverable
272664be14bc2668,JLqXeMabsEQ,youtube_hardneg,flac,train_partition_or_unrecoverable
bff226b8f98a8e70,knmrNkQMybA,youtube_hardneg,flac,train_partition_or_unrecoverable
27f4347a425c3f8f,06I926g5T74,youtube_hardneg,flac,train_partition_or_unrecoverable
564a41d06430a15c,GymkQAM1aUY,youtube_hardneg,flac,train_partition_or_unrecoverable
c559bfd2ddbd7e46,FQ9GYs0LPX4,youtube_hardneg,flac,train_partition_or_unrecoverable
5a3f60c2aa8f3161,9oCnNWi6-e4,youtube_hardneg,flac,train_partition_or_unrecoverable
d559701684723579,xfWKFELBb_A,youtube_hardneg,flac,train_partition_or_unrecoverable
57280ff3003f2726,A6lMB7fKqmY,youtube_hardneg,flac,train_partition_or_unrecoverable
33302364732b98e1,3WWYJoMdiFY,youtube_hardneg,flac,train_partition_or_unrecoverable
604f9342f8b1741f,gjFUKR5ZoBc,youtube_hardneg,flac,train_partition_or_unrecoverable
28848cbfc8375674,GoObWXA_3h8,youtube_hardneg,flac,train_partition_or_unrecoverable
d9c430977a8cf234,0JWcHJmX2_k,youtube_hardneg,flac,train_partition_or_unrecoverable
c38e634a69caf59c,Mxxswu7V1Us,youtube_hardneg,flac,train_partition_or_unrecoverable
b6459ee109cf6e6f,hoTMyrK2WMk,youtube_hardneg,flac,train_partition_or_unrecoverable
f5755bb9a99609bb,Zsy5vRC1QoQ,youtube_hardneg,flac,train_partition_or_unrecoverable
ca80b1da108abc6f,a1lvFz-856U,youtube_hardneg,flac,train_partition_or_unrecoverable
e54118963402c7a9,9b5pwzrXM3g,youtube_hardneg,flac,train_partition_or_unrecoverable
93b7a812faee1cee,dmipFjOtMA8,youtube_hardneg,flac,train_partition_or_unrecoverable
3d415d171d19fe39,JsyEo4lE3K0,youtube_hardneg,flac,train_partition_or_unrecoverable
604ef5e9c7d77de5,aV1eIqI5Il0,youtube_hardneg,flac,train_partition_or_unrecoverable
03dd6f14eb2576b7,oRin1D1sIOE,youtube_hardneg,flac,train_partition_or_unrecoverable
cb1824b4deed5e7e,5i54pplruOQ,youtube_hardneg,flac,train_partition_or_unrecoverable
f9f5b6aa019cb010,KpGSC6sKMN4,youtube_hardneg,flac,train_partition_or_unrecoverable
6536e5cd7d3357c1,lMdYIItwpJc,youtube_hardneg,flac,train_partition_or_unrecoverable
7a9b198dc9d5b5bc,uA0W0pWrAog,youtube_hardneg,flac,train_partition_or_unrecoverable
d342288330d06ef2,1hRnAlbUx0c,youtube_hardneg,flac,train_partition_or_unrecoverable
860eddb694f856ed,uCMME0N1bxc,youtube_hardneg,flac,train_partition_or_unrecoverable
64a00368b16ad9bc,2cH6SbxC4YQ,youtube_hardneg,flac,train_partition_or_unrecoverable
a091f83d2426218b,hOCQU6HOWtc,youtube_hardneg,flac,train_partition_or_unrecoverable
ab5f30b0b80c084f,k6rI1h9EVJ8,youtube_hardneg,flac,train_partition_or_unrecoverable
3ac79bcd120047cc,VwDTp0QTyY0,youtube_hardneg,flac,train_partition_or_unrecoverable
203b3db83a262145,h3f32k-KsJg,youtube_hardneg,flac,train_partition_or_unrecoverable
e0e0985f06bd0ef8,85ys7EeDYxs,youtube_hardneg,flac,train_partition_or_unrecoverable
5177e50f81703146,T6HOiO9Baks,youtube_hardneg,flac,train_partition_or_unrecoverable
27ea3df179f647b0,DvWcAdCNwQo,youtube_hardneg,flac,train_partition_or_unrecoverable
f2a0fa92484e77d2,ENZVtPYY6l4,youtube_hardneg,flac,train_partition_or_unrecoverable
2ec51854854af2cb,U9WUadxjswU,youtube_hardneg,flac,train_partition_or_unrecoverable
2c88e8642765b2fc,VvqOjpJcMQU,youtube_hardneg,flac,train_partition_or_unrecoverable
79737ad10b0f3461,x3C1sQkoMc4,youtube_hardneg,flac,train_partition_or_unrecoverable
097f9f14beef6979,UhArYpk-yY4,youtube_hardneg,flac,train_partition_or_unrecoverable
518308887aa22487,pnzA8L7AgiY,youtube_hardneg,flac,train_partition_or_unrecoverable
61c074d206e12f73,MBPhV4NmKaM,youtube_hardneg,flac,train_partition_or_unrecoverable
8eedd2a2be73731a,OVO4LhrOFiY,youtube_hardneg,flac,train_partition_or_unrecoverable
ffbeae6dddcf61d5,4a2bD1mSjUo,youtube_hardneg,flac,train_partition_or_unrecoverable
29ad5fd2d9a3f2cb,tx2ENfapSUQ,youtube_hardneg,flac,train_partition_or_unrecoverable
032ce6d4abd13e32,CEd7rUJJggw,youtube_hardneg,flac,train_partition_or_unrecoverable
50fa1f986f397e96,Xs26vVKX8Co,youtube_hardneg,flac,train_partition_or_unrecoverable
c2bbb22e1fa64b0b,PCCMUBU5-OE,youtube_hardneg,flac,train_partition_or_unrecoverable
b324a62f63adb964,--pWEg-71e4,youtube_hardneg,flac,train_partition_or_unrecoverable
720e458f45f514b7,bz5UI3hCFbY,youtube_hardneg,flac,train_partition_or_unrecoverable
4dedd6fd0c4993ca,xg8hBsmECgI,youtube_hardneg,flac,train_partition_or_unrecoverable
6f245b4d1051ed86,WpEsuz6r7uI,youtube_hardneg,flac,train_partition_or_unrecoverable
b5a979de13dee963,v8Tavm06mYc,youtube_hardneg,flac,train_partition_or_unrecoverable
2f02a22f120200de,kefv_3iLeHY,youtube_hardneg,flac,train_partition_or_unrecoverable
8a48411448641dac,XgoMUvmkGZk,youtube_hardneg,flac,train_partition_or_unrecoverable
6ff9ad0425a4407d,S6j2-u3D34A,youtube_hardneg,flac,train_partition_or_unrecoverable
d86d93e86536e8fb,R418X5HC7do,youtube_hardneg,flac,train_partition_or_unrecoverable
7633e76248c9f849,qvzA-J9PUGs,youtube_hardneg,flac,train_partition_or_unrecoverable
a051bd2f3153e461,KnAQGYvoipM,youtube_hardneg,flac,train_partition_or_unrecoverable
3bda7a12cbd5787c,qcuKFGbiLlo,youtube_hardneg,flac,train_partition_or_unrecoverable
f4bbeecc919b705c,UlFrV5GJA_4,youtube_hardneg,flac,train_partition_or_unrecoverable
f2853e60d4a87766,CxVYXEy_vtE,youtube_hardneg,flac,train_partition_or_unrecoverable
1c3ec2551f48427b,WXtIs2gYcv8,youtube_hardneg,flac,train_partition_or_unrecoverable
65a410eef8f5d7c9,U7to438noas,youtube_hardneg,flac,train_partition_or_unrecoverable
12512d5109dfcf83,U6yvjPR1TtM,youtube_hardneg,flac,train_partition_or_unrecoverable
5705a9e9eec7cd55,YiPKLujaiEc,youtube_hardneg,flac,train_partition_or_unrecoverable
8e00597b9a37c2c1,ROjYpH1L888,youtube_hardneg,flac,train_partition_or_unrecoverable
7697d4c45b931f43,wIa2yHX3TeQ,youtube_hardneg,flac,train_partition_or_unrecoverable
00e55f56ce58a8db,Up48lFP7N8Y,youtube_hardneg,flac,train_partition_or_unrecoverable
00d58b9ac0ad6303,KecBjX_Kuhc,youtube_hardneg,flac,train_partition_or_unrecoverable
80667adc3d1c55e4,M7hxdlEYLuk,youtube_hardneg,flac,train_partition_or_unrecoverable
50502c30c5db724d,pOX5Tdma0IE,youtube_hardneg,flac,train_partition_or_unrecoverable
2cbe02a96be50ba7,w7G3OXkDUdY,youtube_hardneg,flac,train_partition_or_unrecoverable
2b9879075f6577a3,hNS1S6AjSoo,youtube_hardneg,flac,train_partition_or_unrecoverable
dc2bb1942eac206a,r7b2N8UAU0M,youtube_hardneg,flac,train_partition_or_unrecoverable
de7694a2c8b93e1e,UFKETjJ_KlM,youtube_hardneg,flac,train_partition_or_unrecoverable
a035c722351a6545,CuynStGcCC4,youtube_hardneg,flac,train_partition_or_unrecoverable
5cb40d1a7b464059,VSijTYv8OIk,youtube_hardneg,flac,train_partition_or_unrecoverable
b2117f1489c732c0,mYGOO4PLzz8,youtube_hardneg,flac,train_partition_or_unrecoverable
20bb1288c559a33d,p0aNJl3j0gY,youtube_hardneg,flac,train_partition_or_unrecoverable
ece78c8d54e3db19,hee8Y7x18gw,youtube_hardneg,flac,train_partition_or_unrecoverable
14fa1cce3b67bab8,P17P2Z0fgf8,youtube_hardneg,flac,train_partition_or_unrecoverable
3a986dd9f2d82b7d,cLW3tLmagIY,youtube_hardneg,flac,train_partition_or_unrecoverable
3f984bc6549076eb,yr_leNZVqE0,youtube_hardneg,flac,train_partition_or_unrecoverable
8a24c6ed8895b16b,-E5rzQioGsE,youtube_hardneg,flac,train_partition_or_unrecoverable
6bd354ee53e709ca,NARf-djqTmE,youtube_hardneg,flac,train_partition_or_unrecoverable
c4008cdeee6c5b16,_SRF4mU1MuU,youtube_hardneg,flac,train_partition_or_unrecoverable
f51764caa8e3eac0,LsdwpGD4C2k,youtube_hardneg,flac,train_partition_or_unrecoverable
c25739d05cc5a43f,8d9_aFgH0yU,youtube_hardneg,flac,train_partition_or_unrecoverable
13f28370aad37344,He3X6EVXYWw,youtube_hardneg,flac,train_partition_or_unrecoverable
9215ea6c1115b621,tDfvciyukx4,youtube_hardneg,flac,train_partition_or_unrecoverable
d2db0fbb5ad831f4,rdWtSKsYZYM,youtube_hardneg,flac,train_partition_or_unrecoverable
2490a031aca93f2a,DX0RC-bUG-U,youtube_hardneg,flac,train_partition_or_unrecoverable
5c72ba4a98467c14,14iqligtOYo,youtube_hardneg,flac,train_partition_or_unrecoverable
d56520a650b82b52,PA0xVrnAyuY,youtube_hardneg,flac,train_partition_or_unrecoverable
4c6847a2a7787253,TU1ruCGVg4Y,youtube_hardneg,flac,train_partition_or_unrecoverable
963d7b81b7f5d0f6,x1-7zae6hF4,youtube_hardneg,flac,train_partition_or_unrecoverable
9af4e88bc2e1b670,fezcMdMWnsA,youtube_hardneg,flac,train_partition_or_unrecoverable
c4f7b8992f560cf9,sSzP0Bdj0cs,youtube_hardneg,flac,train_partition_or_unrecoverable
c7b31063502d834d,UkkSIM1wViE,youtube_hardneg,flac,train_partition_or_unrecoverable
5833cac397df7c45,s7xRPaRyF6M,youtube_hardneg,flac,train_partition_or_unrecoverable
347964ee037bb96b,jgunC9jzJk8,youtube_hardneg,flac,train_partition_or_unrecoverable
373524a5665c69fe,38UVL7Smf4o,youtube_hardneg,flac,train_partition_or_unrecoverable
899054d6abfe335b,fwK7ggA3-bU,youtube_hardneg,flac,train_partition_or_unrecoverable
fd3e0c991f04fbc9,2i89jTziQnM,youtube_hardneg,flac,train_partition_or_unrecoverable
a0e3cfc7fd53e312,Oy5ga4qFxPM,youtube_hardneg,flac,train_partition_or_unrecoverable
db4b80a60761bb02,NRWRVyMQoko,youtube_hardneg,flac,train_partition_or_unrecoverable
521afa5bd6383bdb,A8xQ23VWO4I,youtube_hardneg,flac,train_partition_or_unrecoverable
d16aa24f6c8e4365,ZXKoxbOb1r0,youtube_hardneg,flac,train_partition_or_unrecoverable
0d22934f99f9036e,G6BrSaaA42s,youtube_hardneg,flac,train_partition_or_unrecoverable
50a949c24ed16375,zALzWZvQToQ,youtube_hardneg,flac,train_partition_or_unrecoverable
d0efe4e552f3bedc,OIGPIiPplTc,youtube_hardneg,flac,train_partition_or_unrecoverable
f0052b52b7892699,k2D3y_y9H1Q,youtube_hardneg,flac,train_partition_or_unrecoverable
8d4fac6664dc14c0,xSxnlUewJD0,youtube_hardneg,flac,train_partition_or_unrecoverable
5ac330a7f1d1dc4d,ScnyZJcAOSs,mom_real_wav,wav,test_ok
2344f787e4a47fd7,PBQH-3Z-JY8,mom_real_wav,wav,test_ok
18cabc37d06b63f3,-VxNCWDaj54,mom_real_wav,wav,purged_train_overlap
f21026126dd35bae,B5eT6TaEtPI,mom_real_wav,wav,test_ok
4ba8c3ae2be7fe8c,C7Z-IP2onYQ,mom_real_wav,wav,test_ok
016f6c6cb39f4c15,ZECYzik9VEo,mom_real_wav,wav,test_ok
d30c05328b2d2730,Ye9f64uIRxE,mom_real_wav,wav,test_ok
16bfa2085ecaf947,RPAPyVOqTYM,mom_real_wav,wav,test_ok
34bc324865e8b653,7GgWeBTxhAg,mom_real_wav,wav,purged_train_overlap
7b54cc5b7726d8ef,D-duh4XUu4o,mom_real_wav,wav,purged_train_overlap
543211c265818913,hzMu0AQDnvA,mom_real_wav,wav,test_ok
54588f7829e3028e,4QRSAA6w3Wo,mom_real_wav,wav,test_ok
984696ca3eaafdad,gT2Zp4VncWE,mom_real_wav,wav,test_ok
17b29afb1d0170f4,c25oJctU17o,mom_real_wav,wav,test_ok
4a5001c9650ce18b,hMg_fhvvrGI,mom_real_wav,wav,test_ok
2db290c89ed3d89f,RgudUwFHSqE,mom_real_wav,wav,test_ok
9724f0141583ca13,Ebd9rhMdP3w,mom_real_wav,wav,purged_train_overlap
73051e93a65826b7,6RuVVTPolj8,mom_real_wav,wav,test_ok
f9074a79f149f2f3,X26Ojb76ozw,mom_real_wav,wav,test_ok
88138eca271c492f,MCOWZxvYue0,mom_real_wav,wav,test_ok
c890d440b4faafb8,Ub4POJwGIHg,mom_real_wav,wav,test_ok
b1d75dc1f8b20dcd,Vqo-DhLUeak,mom_real_wav,wav,test_ok
5cc4fa34db3acffa,X0XBqnZOXt4,mom_real_wav,wav,test_ok
e45e0015155bc3ad,33BblvqmwLc,mom_real_wav,wav,test_ok
3da426e6d2542aa6,6ZaDjWueaoA,mom_real_wav,wav,test_ok
443ea27aab12bb36,8oMzcu0b5rY,mom_real_wav,wav,purged_train_overlap
056f1a3b2904009a,7EjEm6Bw-Rc,mom_real_wav,wav,test_ok
f7ac7c785a0ab82a,a7v0bkodyn4,mom_real_wav,wav,test_ok
6134ab0bbc39f20b,2JMEUJje7_Y,mom_real_wav,wav,test_ok
8a134a1b55a1097e,b4ozdiGys5g,mom_real_wav,wav,test_ok
6ecf092ae3036715,-FhcamQJblQ,mom_real_wav,wav,purged_train_overlap
a3411bfad8f65023,2c4z9JXz8ng,mom_real_wav,wav,test_ok
f1319445600cd9f7,EcmcT9oai1c,mom_real_wav,wav,test_ok
df129432196155ff,RYH_MR07mwQ,mom_real_wav,wav,purged_train_overlap
bf4ae1b7dcf65ab8,i1N45HbtcH8,mom_real_wav,wav,test_ok
639164aa822306e3,gfCu-n5U-rk,mom_real_wav,wav,test_ok
3f178482d300d4b0,8IY5CZ21dzk,mom_real_wav,wav,test_ok
78f5b9eef9689ed1,EBUFtoC2oj4,mom_real_wav,wav,test_ok
d0a133c0a59e39b6,8kSIBnJZFLk,mom_real_wav,wav,test_ok
1ecbc0dd862dcaaf,TO-_3tck2tg,mom_real_wav,wav,test_ok
bc5c60ac41cfca49,93lGFvoucdg,mom_real_wav,wav,test_ok
de46f75458c24d1f,RwD4eJGxPc4,mom_real_wav,wav,test_ok
2e1e894a7e578286,VTH-ulqH4XU,mom_real_wav,wav,train_partition_or_unrecoverable
9f8801ba678dd855,4frw3BgXDA0,mom_real_wav,wav,train_partition_or_unrecoverable
a7ea4fb147755081,7DCqABtRRxQ,mom_real_wav,wav,train_partition_or_unrecoverable
80dcbd81a2092ed9,erAbOlhJp3M,mom_real_wav,wav,train_partition_or_unrecoverable
0e94729189ac8a43,LvpWTLkNnL4,mom_real_wav,wav,train_partition_or_unrecoverable
411ce14bfaa43e81,C20EVCGS63k,mom_real_wav,wav,train_partition_or_unrecoverable
935b60077a5c4089,Za3R2Mdsqo4,mom_real_wav,wav,train_partition_or_unrecoverable
7b66bdd5f2a03b1b,Pkb3lp15ZUA,mom_real_wav,wav,train_partition_or_unrecoverable
411491b558d90734,5CMc16BQn_8,mom_real_wav,wav,train_partition_or_unrecoverable
9ee48219f65e913e,9_TYqgkLB28,mom_real_wav,wav,train_partition_or_unrecoverable
1ed07b8d847c6e96,YOa444kkVCY,mom_real_wav,wav,train_partition_or_unrecoverable
06f3eadb477b49df,YRjIOs6Qgnc,mom_real_wav,wav,train_partition_or_unrecoverable
bfc949b209483011,Ku-rjJ5HXyU,mom_real_wav,wav,train_partition_or_unrecoverable
9816cfc1c2f7aa68,cY4KUT-JDB0,mom_real_wav,wav,train_partition_or_unrecoverable
89a66c163c4dd107,TOg8mRYAZVQ,mom_real_wav,wav,train_partition_or_unrecoverable
ca5bb40aba755db2,DCkBXb0MYGM,mom_real_wav,wav,train_partition_or_unrecoverable
279097e1c0d2b323,9dqD9Wmn8iQ,mom_real_wav,wav,train_partition_or_unrecoverable
28d49301d07755bf,3O2qp-uKWlI,mom_real_wav,wav,train_partition_or_unrecoverable
41eb4caea3fd20dc,EEss_74LmZg,mom_real_wav,wav,train_partition_or_unrecoverable
632f56c8dce2b5a9,cEicdmXxVUY,mom_real_wav,wav,train_partition_or_unrecoverable
7a8bb52f6bcd51ab,WUJ-JgSwV9U,mom_real_wav,wav,train_partition_or_unrecoverable
ab9c8154f8ced115,j6QAgnZXwIU,mom_real_wav,wav,train_partition_or_unrecoverable
09008229146fecf3,61KlnxqwD9E,mom_real_wav,wav,train_partition_or_unrecoverable
5c4dbe9d48a9a594,9Y3Ljc4PTNc,mom_real_wav,wav,train_partition_or_unrecoverable
30bed2553eeabdce,BIu7D0HmpNc,mom_real_wav,wav,train_partition_or_unrecoverable
a4accd2de2e50560,Rv4YCOYebNk,mom_real_wav,wav,train_partition_or_unrecoverable
774c17d13535893e,7X4tdv3RXqg,mom_real_wav,wav,train_partition_or_unrecoverable
cbbc85b3cde7002d,9MzMOB_r8qc,mom_real_wav,wav,train_partition_or_unrecoverable
2b86ed49dcc4b6ab,dOD9f7wM8W0,mom_real_wav,wav,train_partition_or_unrecoverable
d0e8dab7a41bdb1e,6lYuqiHYwDY,mom_real_wav,wav,train_partition_or_unrecoverable
0a08c2615383cb78,HuS4SP_RXJU,mom_real_wav,wav,train_partition_or_unrecoverable
bc9634b43c3e6d5f,DPNRRaafWmA,mom_real_wav,wav,train_partition_or_unrecoverable
29a624db76fd7551,Jwgf3wmiA04,mom_real_wav,wav,train_partition_or_unrecoverable
b3dffaa15250927d,9GO-fscCNdI,mom_real_wav,wav,train_partition_or_unrecoverable
1c86d8d9a5c853bf,UMN7D7ghnMk,mom_real_wav,wav,train_partition_or_unrecoverable
76df1b54e490fe2f,bJTjJtRPqYE,mom_real_wav,wav,train_partition_or_unrecoverable
a010ecee2295b7dc,Ts7wBpYsG_k,mom_real_wav,wav,train_partition_or_unrecoverable
3a8ff9a165f4decd,CT7qq5RE3Cw,mom_real_wav,wav,train_partition_or_unrecoverable
be359aea39964eed,90Ng0oJrNws,mom_real_wav,wav,train_partition_or_unrecoverable
b64be3be53cdbb48,AWdjI645rdU,mom_real_wav,wav,train_partition_or_unrecoverable
f3909aba172a507e,XdIRzShxSGA,mom_real_wav,wav,train_partition_or_unrecoverable
9c6c96acc75a7965,UhjM8dcQsnc,mom_real_wav,wav,train_partition_or_unrecoverable
dc337bb432253572,7m-ckNexfjo,mom_real_wav,wav,train_partition_or_unrecoverable
73549ed5ec466fd6,OOGHswEaKEM,mom_real_wav,wav,train_partition_or_unrecoverable
faffa60a458b1df2,2_V3H1oMVmI,mom_real_wav,wav,train_partition_or_unrecoverable
d8e1ae35b76256de,mbsAR34otGQ,mom_real_wav,wav,train_partition_or_unrecoverable
5d8cb613ed15c8dc,FuP0GwlPLw8,mom_real_wav,wav,train_partition_or_unrecoverable
21c93a56cd5f438a,eVI6c0TlM2g,mom_real_wav,wav,train_partition_or_unrecoverable
8b1f5b77e5dfc2e4,71MfQC4cOHw,mom_real_wav,wav,train_partition_or_unrecoverable
ad19fdb264cba85c,81UxQiiNtTE,mom_real_wav,wav,train_partition_or_unrecoverable
64301781aaf9a02a,fb66HM4nMHA,mom_real_wav,wav,train_partition_or_unrecoverable
d7c2ac7edfcd7bc6,-805iuFThtk,mom_real_wav,wav,train_partition_or_unrecoverable
67d2f991e3ba4303,dOq4-fMWgVI,mom_real_wav,wav,train_partition_or_unrecoverable
f8034df1fade468c,5E4ZBSInqUU,mom_real_wav,wav,train_partition_or_unrecoverable
7c6d587e26953918,CuHML9r5kIc,mom_real_wav,wav,train_partition_or_unrecoverable
c953e276346f1849,dVHY2z-H-Qc,mom_real_wav,wav,train_partition_or_unrecoverable
6238888eeb186047,1XneEiVdDWY,mom_real_wav,wav,train_partition_or_unrecoverable
ab2816aba9e01e5e,APQO-qKkDpw,mom_real_wav,wav,train_partition_or_unrecoverable
86a70a8a6439697a,VgluSNPFRLA,mom_real_wav,wav,train_partition_or_unrecoverable
cae30366fde074dd,bFClhxM7LY4,mom_real_wav,wav,train_partition_or_unrecoverable
5f4068953d43d3fb,-WSm6XQV34k,mom_real_wav,wav,train_partition_or_unrecoverable
a8fc47c4deb96771,3ZDR3HhBRRY,mom_real_wav,wav,train_partition_or_unrecoverable
28d0353e4fab5046,pAlr_w52L6A,mom_real_wav,wav,train_partition_or_unrecoverable
30763f31d545776e,CtUP17HXB8M,mom_real_wav,wav,train_partition_or_unrecoverable
9bb186839873b851,AAraEHekm3Y,mom_real_wav,wav,train_partition_or_unrecoverable
18b1c04d7bd280f7,btM3xwtF9o8,mom_real_wav,wav,train_partition_or_unrecoverable
4f44684afea2f47a,hfFjEkSs8Ps,mom_real_wav,wav,train_partition_or_unrecoverable
57300a8449f61e66,Rhw9q7Vq0EI,mom_real_wav,wav,train_partition_or_unrecoverable
155d4c945eb212d6,Xn81lBYS_sg,mom_real_wav,wav,train_partition_or_unrecoverable
a73e24824512b62d,3UkBkihfd2o,mom_real_wav,wav,train_partition_or_unrecoverable
8840db450be94a05,DBaQBKY8wfA,mom_real_wav,wav,train_partition_or_unrecoverable
84b116f6204f4b4e,InWVBB9UCqQ,mom_real_wav,wav,train_partition_or_unrecoverable
12232a88e812b9bb,H9VmVw111Qc,mom_real_wav,wav,train_partition_or_unrecoverable
76dbcf961d2090ed,WmZncIhKvSM,mom_real_wav,wav,train_partition_or_unrecoverable
d074a8c99ae330e6,W0KMtmi2H3g,mom_real_wav,wav,train_partition_or_unrecoverable
e27ec4f321b0445e,gVhchHiwYfY,mom_real_wav,wav,train_partition_or_unrecoverable
7de52b95f2752441,KCcWMX_P5CY,mom_real_wav,wav,train_partition_or_unrecoverable
977477ad10a878b2,b1pwFiry7jY,mom_real_wav,wav,train_partition_or_unrecoverable
c96528f3f39b7f56,BOjd6iJAQEM,mom_real_wav,wav,train_partition_or_unrecoverable
0332a3c3b1a8c7a4,Ith4dFrgYdA,mom_real_wav,wav,train_partition_or_unrecoverable
19861279864661ae,N4sIkOD4hvY,mom_real_wav,wav,train_partition_or_unrecoverable
2841a80c35fa8e3d,ATmFKOmmtCw,mom_real_wav,wav,train_partition_or_unrecoverable
ce0190a317586d66,epfxEmC5RAc,mom_real_wav,wav,train_partition_or_unrecoverable
041ce26affada472,MHKmLMDx7hI,mom_real_wav,wav,train_partition_or_unrecoverable
0a24b5d96e2571d2,dGWQqRyO8gA,mom_real_wav,wav,train_partition_or_unrecoverable
408b02fd121eb3c4,VQ89EwYypcA,mom_real_wav,wav,train_partition_or_unrecoverable
309b95ec5447acbc,0wX2LdMIQBk,mom_real_wav,wav,train_partition_or_unrecoverable
0afbef48d3446907,P2JqV5Olhuc,mom_real_wav,wav,train_partition_or_unrecoverable
4c442ff2702f219c,ML3E1X3VGbY,mom_real_wav,wav,train_partition_or_unrecoverable
4a007376c8853af5,U82fFQ0kgtM,mom_real_wav,wav,train_partition_or_unrecoverable
6fa164fb241107eb,5Qu4w2mIYrc,mom_real_wav,wav,train_partition_or_unrecoverable
103f8800d1f506d4,GDRCOK4FqFQ,mom_real_wav,wav,train_partition_or_unrecoverable
286f944527ffe0eb,WrOciiPDoW0,mom_real_wav,wav,train_partition_or_unrecoverable
d5e60c2d10d7110b,jEVuNYPuLdg,mom_real_wav,wav,train_partition_or_unrecoverable
a259b494fb51d975,YBBxQDxHt1E,mom_real_wav,wav,train_partition_or_unrecoverable
4cf40bf704017674,7Nqnj25Mj2Q,mom_real_wav,wav,train_partition_or_unrecoverable
549831707d76a518,iOg9lNXTfKQ,mom_real_wav,wav,train_partition_or_unrecoverable
f4b3dbb3df43e35f,QhI6Mwj1Lxk,mom_real_wav,wav,train_partition_or_unrecoverable
c528a5d3c11e1727,45pXKbC6pt8,mom_real_wav,wav,train_partition_or_unrecoverable
6a91138b2eca5d40,PQZrLL0CRFg,mom_real_wav,wav,train_partition_or_unrecoverable
be27210cd662f51c,bin0SOjhCcw,mom_real_wav,wav,train_partition_or_unrecoverable
a6f58d7cc3ca038f,loTjRIL7qWo,mom_real_wav,wav,train_partition_or_unrecoverable
1468f6ed48d935ed,0YLtJXzHqAg,mom_real_wav,wav,train_partition_or_unrecoverable
016fbac021d661ed,IuUjidzRhtI,mom_real_wav,wav,train_partition_or_unrecoverable
2afe14dfeefc98cc,CFztHf_yeSk,mom_real_wav,wav,train_partition_or_unrecoverable
7d08e57e9c853050,IBJN7Wx_Jc4,mom_real_wav,wav,train_partition_or_unrecoverable
d50c52f7306c0082,dAsL6i2pgyo,mom_real_wav,wav,train_partition_or_unrecoverable
c355efecfbaf13ea,Ho-bfflqChY,mom_real_wav,wav,train_partition_or_unrecoverable
215ec3b2c035f5a4,6ySEhEsWz0w,mom_real_wav,wav,train_partition_or_unrecoverable
76d064ee216f22ff,-PpkLI-Gh3U,mom_real_wav,wav,train_partition_or_unrecoverable
b14fa2279c7bdf83,VHCZ-X797lc,mom_real_wav,wav,train_partition_or_unrecoverable
9e8c0eda7f8dca90,Y9OMJ0HvPbk,mom_real_wav,wav,train_partition_or_unrecoverable
afb15f1de8ec7200,2BFJQN5K7KU,mom_real_wav,wav,train_partition_or_unrecoverable
987ab628b5d510ed,RcfCk0CUD4c,mom_real_wav,wav,train_partition_or_unrecoverable
728d014a703d5b29,nJcq1Ud0n0o,mom_real_wav,wav,train_partition_or_unrecoverable
39e851ece9b46486,3VrBvJtiv1Y,mom_real_wav,wav,train_partition_or_unrecoverable
79e24e7cfb1ec1ba,ZKeFlQXKUTk,mom_real_wav,wav,train_partition_or_unrecoverable
e22677c99db42f76,dU8VPQsTqFU,mom_real_wav,wav,train_partition_or_unrecoverable
7318a683675d4a7e,gbt4weACYJA,mom_real_wav,wav,train_partition_or_unrecoverable
ed655104f9516726,RdfVAW8UBYY,mom_real_wav,wav,train_partition_or_unrecoverable
7c05957d3d5d6bb3,8mqfC-yBs_g,mom_real_wav,wav,train_partition_or_unrecoverable
e51b16a77dfba08f,B9VcPtemO4M,mom_real_wav,wav,train_partition_or_unrecoverable
b47ca530c4bd2d0c,U8yj94iCywU,mom_real_wav,wav,train_partition_or_unrecoverable
449e37f7ae6ddf97,LsJBuE3EgLM,mom_real_wav,wav,train_partition_or_unrecoverable
071ee765ce074d25,IazVwckbyhQ,mom_real_wav,wav,train_partition_or_unrecoverable
8718c3814424a037,AoBNAMSaB8s,mom_real_wav,wav,train_partition_or_unrecoverable
6c7f130d98b913d9,JEY3aHEPbJs,mom_real_wav,wav,train_partition_or_unrecoverable
fa6f5ce5992e937e,P-zb4C_k7Ek,mom_real_wav,wav,train_partition_or_unrecoverable
0861ef342284f5d7,UiqkbLK1Djc,mom_real_wav,wav,train_partition_or_unrecoverable
20d8a16364102cab,WO8Z6S7oHTw,mom_real_wav,wav,train_partition_or_unrecoverable
21c43896c1d3c7f7,SDQXXiWm6u0,mom_real_wav,wav,train_partition_or_unrecoverable
b207c0b66f0ffabe,JpbB4OY87x4,mom_real_wav,wav,train_partition_or_unrecoverable
ae263a01307496df,_esJ3ciMH1c,mom_real_wav,wav,train_partition_or_unrecoverable
2585fe6401cf3adc,27ixLv3Lw1M,mom_real_wav,wav,train_partition_or_unrecoverable
a1a205c311c3173c,RSB93T514Ss,mom_real_wav,wav,train_partition_or_unrecoverable
a25494866043b187,dsMU2pOCBuw,mom_real_wav,wav,train_partition_or_unrecoverable
51caf4351ad66ff3,VviVGr64u7g,mom_real_wav,wav,train_partition_or_unrecoverable
7940b85cc25fab1d,YMqxfiESR6A,mom_real_wav,wav,train_partition_or_unrecoverable
6bd58f799399cbfe,1OA6ye-1eKU,mom_real_wav,wav,train_partition_or_unrecoverable
212f2f2f472b3e77,B8K6es6JnG4,mom_real_wav,wav,train_partition_or_unrecoverable
465cf32db43a5396,ekjI_BYui6U,mom_real_wav,wav,train_partition_or_unrecoverable
570c2c488be490a8,Rhr8xYRi0UI,mom_real_wav,wav,train_partition_or_unrecoverable
fc987da8c94094f9,W3_c4-4OMbM,mom_real_wav,wav,train_partition_or_unrecoverable
8a6d92c7a9a8d0df,UMt0V_mSooU,mom_real_wav,wav,train_partition_or_unrecoverable
0a61034a45ce0a01,HgxaaF5BRdQ,mom_real_wav,wav,train_partition_or_unrecoverable
70fc433c58f9908e,B2vNCFZJYPk,mom_real_wav,wav,train_partition_or_unrecoverable
8bfb50914ac02e46,HgTwlwt916U,mom_real_wav,wav,train_partition_or_unrecoverable
eea42d5f1c1a80cb,emGri7i8Y2Y,mom_real_wav,wav,train_partition_or_unrecoverable
69a1567cee5c6212,dIxWZjhoieI,mom_real_wav,wav,train_partition_or_unrecoverable
48eeb7cf456e9a4e,X3ZO40wps5Q,mom_real_wav,wav,train_partition_or_unrecoverable
ebb76ce23141d41b,W0qATJzBPJI,mom_real_wav,wav,train_partition_or_unrecoverable
dc9c479c96ace167,-KUpYrhiUKU,mom_real_wav,wav,train_partition_or_unrecoverable
40e7453c7b3b8b16,fLLKVXldR-g,mom_real_wav,wav,train_partition_or_unrecoverable
c00ca03e06e35ca0,eHwaEAvV0oY,mom_real_wav,wav,train_partition_or_unrecoverable
f81399d72cd8e13f,-6RON92XKvg,mom_real_wav,wav,train_partition_or_unrecoverable
62936ba7333c2f5f,gvPMVKUI9go,mom_real_wav,wav,train_partition_or_unrecoverable
6139e4b245fbae58,BiPLk1t1RxE,mom_real_wav,wav,train_partition_or_unrecoverable
899428c5d45b40cd,YxqGeqORbjk,mom_real_wav,wav,train_partition_or_unrecoverable
